#,Region,Community,Slug,Community Source #1 (StatCan),Community Source #2 (BC Stats),Community Source #3 (List of BC Local Govts),Community Source #4 (Municipal search),Community Source #5 (Destination BC),ECCC Station (mapped),ECCC Historical Data,ECCC Normals 1981-2010,ECCC Normals 1991-2020,ECCC Weather Alerts,Your Verified Municipal URL,Your Notes
1,Greater Vancouver,Anmore,anmore,https://www12.statcan.gc.ca/census-recensement/2021/dp-pd/prof/search/search.cfm?Lang=E&SearchText=Anmore%20British%20Columbia,https://www2.gov.bc.ca/gov/content/data/statistics/people-population-community,https://www2.gov.bc.ca/gov/content/governments/local-governments/facts-framework/systems/list-of-bc-local-governments,https://www.google.com/search?q=Anmore+British+Columbia+official+municipal+website,https://www.hellobc.com/search/?query=Anmore,Vancouver Intl A,https://climate.weather.gc.ca/historical_data/search_historic_data_e.html?searchType=stnName&timeframe=1&txtStationName=Anmore&searchMethod=contains&province=BC&provBut=Search,https://climate.weather.gc.ca/climate_normals/results_1981_2010_e.html?searchType=stnName&txtStationName=Anmore&searchMethod=contains&province=BC&provBut=Search,https://climate.weather.gc.ca/climate_normals/results_1991_2020_e.html?searchType=stnName&txtStationName=Anmore&searchMethod=contains&province=BC&provBut=Search,https://weather.gc.ca/warnings/index_e.html?prov=bc,,
2,Greater Vancouver,Belcarra,belcarra,https://www12.statcan.gc.ca/census-recensement/2021/dp-pd/prof/search/search.cfm?Lang=E&SearchText=Belcarra%20British%20Columbia,https://www2.gov.bc.ca/gov/content/data/statistics/people-population-community,https://www2.gov.bc.ca/gov/content/governments/local-governments/facts-framework/systems/list-of-bc-local-governments,https://www.google.com/search?q=Belcarra+British+Columbia+official+municipal+website,https://www.hellobc.com/search/?query=Belcarra,Vancouver Intl A,https://climate.weather.gc.ca/historical_data/search_historic_data_e.html?searchType=stnName&timeframe=1&txtStationName=Belcarra&searchMethod=contains&province=BC&provBut=Search,https://climate.weather.gc.ca/climate_normals/results_1981_2010_e.html?searchType=stnName&txtStationName=Belcarra&searchMethod=contains&province=BC&provBut=Search,https://climate.weather.gc.ca/climate_normals/results_1991_2020_e.html?searchType=stnName&txtStationName=Belcarra&searchMethod=contains&province=BC&provBut=Search,https://weather.gc.ca/warnings/index_e.html?prov=bc,,
3,Greater Vancouver,Bowen Island,bowen-island,https://www12.statcan.gc.ca/census-recensement/2021/dp-pd/prof/search/search.cfm?Lang=E&SearchText=Bowen+Island%20British%20Columbia,https://www2.gov.bc.ca/gov/content/data/statistics/people-population-community,https://www2.gov.bc.ca/gov/content/governments/local-governments/facts-framework/systems/list-of-bc-local-governments,https://www.google.com/search?q=Bowen+Island+British+Columbia+official+municipal+website,https://www.hellobc.com/search/?query=Bowen+Island,Vancouver Intl A,https://climate.weather.gc.ca/historical_data/search_historic_data_e.html?searchType=stnName&timeframe=1&txtStationName=Bowen+Island&searchMethod=contains&province=BC&provBut=Search,https://climate.weather.gc.ca/climate_normals/results_1981_2010_e.html?searchType=stnName&txtStationName=Bowen+Island&searchMethod=contains&province=BC&provBut=Search,https://climate.weather.gc.ca/climate_normals/results_1991_2020_e.html?searchType=stnName&txtStationName=Bowen+Island&searchMethod=contains&province=BC&provBut=Search,https://weather.gc.ca/warnings/index_e.html?prov=bc,,
4,Greater Vancouver,Burnaby,burnaby,https://www12.statcan.gc.ca/census-recensement/2021/dp-pd/prof/search/search.cfm?Lang=E&SearchText=Burnaby%20British%20Columbia,https://www2.gov.bc.ca/gov/content/data/statistics/people-population-community,https://www2.gov.bc.ca/gov/content/governments/local-governments/facts-framework/systems/list-of-bc-local-governments,https://www.google.com/search?q=Burnaby+British+Columbia+official+municipal+website,https://www.hellobc.com/search/?query=Burnaby,Vancouver Intl A,https://climate.weather.gc.ca/historical_data/search_historic_data_e.html?searchType=stnName&timeframe=1&txtStationName=Burnaby&searchMethod=contains&province=BC&provBut=Search,https://climate.weather.gc.ca/climate_normals/results_1981_2010_e.html?searchType=stnName&txtStationName=Burnaby&searchMethod=contains&province=BC&provBut=Search,https://climate.weather.gc.ca/climate_normals/results_1991_2020_e.html?searchType=stnName&txtStationName=Burnaby&searchMethod=contains&province=BC&provBut=Search,https://weather.gc.ca/warnings/index_e.html?prov=bc,,
5,Greater Vancouver,Coquitlam,coquitlam,https://www12.statcan.gc.ca/census-recensement/2021/dp-pd/prof/search/search.cfm?Lang=E&SearchText=Coquitlam%20British%20Columbia,https://www2.gov.bc.ca/gov/content/data/statistics/people-population-community,https://www2.gov.bc.ca/gov/content/governments/local-governments/facts-framework/systems/list-of-bc-local-governments,https://www.google.com/search?q=Coquitlam+British+Columbia+official+municipal+website,https://www.hellobc.com/search/?query=Coquitlam,Vancouver Intl A,https://climate.weather.gc.ca/historical_data/search_historic_data_e.html?searchType=stnName&timeframe=1&txtStationName=Coquitlam&searchMethod=contains&province=BC&provBut=Search,https://climate.weather.gc.ca/climate_normals/results_1981_2010_e.html?searchType=stnName&txtStationName=Coquitlam&searchMethod=contains&province=BC&provBut=Search,https://climate.weather.gc.ca/climate_normals/results_1991_2020_e.html?searchType=stnName&txtStationName=Coquitlam&searchMethod=contains&province=BC&provBut=Search,https://weather.gc.ca/warnings/index_e.html?prov=bc,,
6,Greater Vancouver,Delta,delta,https://www12.statcan.gc.ca/census-recensement/2021/dp-pd/prof/search/search.cfm?Lang=E&SearchText=Delta%20British%20Columbia,https://www2.gov.bc.ca/gov/content/data/statistics/people-population-community,https://www2.gov.bc.ca/gov/content/governments/local-governments/facts-framework/systems/list-of-bc-local-governments,https://www.google.com/search?q=Delta+British+Columbia+official+municipal+website,https://www.hellobc.com/search/?query=Delta,Vancouver Intl A,https://climate.weather.gc.ca/historical_data/search_historic_data_e.html?searchType=stnName&timeframe=1&txtStationName=Delta&searchMethod=contains&province=BC&provBut=Search,https://climate.weather.gc.ca/climate_normals/results_1981_2010_e.html?searchType=stnName&txtStationName=Delta&searchMethod=contains&province=BC&provBut=Search,https://climate.weather.gc.ca/climate_normals/results_1991_2020_e.html?searchType=stnName&txtStationName=Delta&searchMethod=contains&province=BC&provBut=Search,https://weather.gc.ca/warnings/index_e.html?prov=bc,,
7,Greater Vancouver,Langley City,langley-city,https://www12.statcan.gc.ca/census-recensement/2021/dp-pd/prof/search/search.cfm?Lang=E&SearchText=Langley+City%20British%20Columbia,https://www2.gov.bc.ca/gov/content/data/statistics/people-population-community,https://www2.gov.bc.ca/gov/content/governments/local-governments/facts-framework/systems/list-of-bc-local-governments,https://www.google.com/search?q=Langley+City+British+Columbia+official+municipal+website,https://www.hellobc.com/search/?query=Langley+City,Vancouver Intl A,https://climate.weather.gc.ca/historical_data/search_historic_data_e.html?searchType=stnName&timeframe=1&txtStationName=Langley+City&searchMethod=contains&province=BC&provBut=Search,https://climate.weather.gc.ca/climate_normals/results_1981_2010_e.html?searchType=stnName&txtStationName=Langley+City&searchMethod=contains&province=BC&provBut=Search,https://climate.weather.gc.ca/climate_normals/results_1991_2020_e.html?searchType=stnName&txtStationName=Langley+City&searchMethod=contains&province=BC&provBut=Search,https://weather.gc.ca/warnings/index_e.html?prov=bc,,
8,Greater Vancouver,Langley Township,langley-township,https://www12.statcan.gc.ca/census-recensement/2021/dp-pd/prof/search/search.cfm?Lang=E&SearchText=Langley+Township%20British%20Columbia,https://www2.gov.bc.ca/gov/content/data/statistics/people-population-community,https://www2.gov.bc.ca/gov/content/governments/local-governments/facts-framework/systems/list-of-bc-local-governments,https://www.google.com/search?q=Langley+Township+British+Columbia+official+municipal+website,https://www.hellobc.com/search/?query=Langley+Township,Vancouver Intl A,https://climate.weather.gc.ca/historical_data/search_historic_data_e.html?searchType=stnName&timeframe=1&txtStationName=Langley+Township&searchMethod=contains&province=BC&provBut=Search,https://climate.weather.gc.ca/climate_normals/results_1981_2010_e.html?searchType=stnName&txtStationName=Langley+Township&searchMethod=contains&province=BC&provBut=Search,https://climate.weather.gc.ca/climate_normals/results_1991_2020_e.html?searchType=stnName&txtStationName=Langley+Township&searchMethod=contains&province=BC&provBut=Search,https://weather.gc.ca/warnings/index_e.html?prov=bc,,
9,Greater Vancouver,Lions Bay,lions-bay,https://www12.statcan.gc.ca/census-recensement/2021/dp-pd/prof/search/search.cfm?Lang=E&SearchText=Lions+Bay%20British%20Columbia,https://www2.gov.bc.ca/gov/content/data/statistics/people-population-community,https://www2.gov.bc.ca/gov/content/governments/local-governments/facts-framework/systems/list-of-bc-local-governments,https://www.google.com/search?q=Lions+Bay+British+Columbia+official+municipal+website,https://www.hellobc.com/search/?query=Lions+Bay,Vancouver Intl A,https://climate.weather.gc.ca/historical_data/search_historic_data_e.html?searchType=stnName&timeframe=1&txtStationName=Lions+Bay&searchMethod=contains&province=BC&provBut=Search,https://climate.weather.gc.ca/climate_normals/results_1981_2010_e.html?searchType=stnName&txtStationName=Lions+Bay&searchMethod=contains&province=BC&provBut=Search,https://climate.weather.gc.ca/climate_normals/results_1991_2020_e.html?searchType=stnName&txtStationName=Lions+Bay&searchMethod=contains&province=BC&provBut=Search,https://weather.gc.ca/warnings/index_e.html?prov=bc,,
10,Greater Vancouver,Maple Ridge,maple-ridge,https://www12.statcan.gc.ca/census-recensement/2021/dp-pd/prof/search/search.cfm?Lang=E&SearchText=Maple+Ridge%20British%20Columbia,https://www2.gov.bc.ca/gov/content/data/statistics/people-population-community,https://www2.gov.bc.ca/gov/content/governments/local-governments/facts-framework/systems/list-of-bc-local-governments,https://www.google.com/search?q=Maple+Ridge+British+Columbia+official+municipal+website,https://www.hellobc.com/search/?query=Maple+Ridge,Vancouver Intl A,https://climate.weather.gc.ca/historical_data/search_historic_data_e.html?searchType=stnName&timeframe=1&txtStationName=Maple+Ridge&searchMethod=contains&province=BC&provBut=Search,https://climate.weather.gc.ca/climate_normals/results_1981_2010_e.html?searchType=stnName&txtStationName=Maple+Ridge&searchMethod=contains&province=BC&provBut=Search,https://climate.weather.gc.ca/climate_normals/results_1991_2020_e.html?searchType=stnName&txtStationName=Maple+Ridge&searchMethod=contains&province=BC&provBut=Search,https://weather.gc.ca/warnings/index_e.html?prov=bc,,
11,Greater Vancouver,New Westminster,new-westminster,https://www12.statcan.gc.ca/census-recensement/2021/dp-pd/prof/search/search.cfm?Lang=E&SearchText=New+Westminster%20British%20Columbia,https://www2.gov.bc.ca/gov/content/data/statistics/people-population-community,https://www2.gov.bc.ca/gov/content/governments/local-governments/facts-framework/systems/list-of-bc-local-governments,https://www.google.com/search?q=New+Westminster+British+Columbia+official+municipal+website,https://www.hellobc.com/search/?query=New+Westminster,Vancouver Intl A,https://climate.weather.gc.ca/historical_data/search_historic_data_e.html?searchType=stnName&timeframe=1&txtStationName=New+Westminster&searchMethod=contains&province=BC&provBut=Search,https://climate.weather.gc.ca/climate_normals/results_1981_2010_e.html?searchType=stnName&txtStationName=New+Westminster&searchMethod=contains&province=BC&provBut=Search,https://climate.weather.gc.ca/climate_normals/results_1991_2020_e.html?searchType=stnName&txtStationName=New+Westminster&searchMethod=contains&province=BC&provBut=Search,https://weather.gc.ca/warnings/index_e.html?prov=bc,,
12,Greater Vancouver,North Vancouver City,north-vancouver-city,https://www12.statcan.gc.ca/census-recensement/2021/dp-pd/prof/search/search.cfm?Lang=E&SearchText=North+Vancouver+City%20British%20Columbia,https://www2.gov.bc.ca/gov/content/data/statistics/people-population-community,https://www2.gov.bc.ca/gov/content/governments/local-governments/facts-framework/systems/list-of-bc-local-governments,https://www.google.com/search?q=North+Vancouver+City+British+Columbia+official+municipal+website,https://www.hellobc.com/search/?query=North+Vancouver+City,Vancouver Intl A,https://climate.weather.gc.ca/historical_data/search_historic_data_e.html?searchType=stnName&timeframe=1&txtStationName=North+Vancouver+City&searchMethod=contains&province=BC&provBut=Search,https://climate.weather.gc.ca/climate_normals/results_1981_2010_e.html?searchType=stnName&txtStationName=North+Vancouver+City&searchMethod=contains&province=BC&provBut=Search,https://climate.weather.gc.ca/climate_normals/results_1991_2020_e.html?searchType=stnName&txtStationName=North+Vancouver+City&searchMethod=contains&province=BC&provBut=Search,https://weather.gc.ca/warnings/index_e.html?prov=bc,,
13,Greater Vancouver,North Vancouver District,north-vancouver-district,https://www12.statcan.gc.ca/census-recensement/2021/dp-pd/prof/search/search.cfm?Lang=E&SearchText=North+Vancouver+District%20British%20Columbia,https://www2.gov.bc.ca/gov/content/data/statistics/people-population-community,https://www2.gov.bc.ca/gov/content/governments/local-governments/facts-framework/systems/list-of-bc-local-governments,https://www.google.com/search?q=North+Vancouver+District+British+Columbia+official+municipal+website,https://www.hellobc.com/search/?query=North+Vancouver+District,Vancouver Intl A,https://climate.weather.gc.ca/historical_data/search_historic_data_e.html?searchType=stnName&timeframe=1&txtStationName=North+Vancouver+District&searchMethod=contains&province=BC&provBut=Search,https://climate.weather.gc.ca/climate_normals/results_1981_2010_e.html?searchType=stnName&txtStationName=North+Vancouver+District&searchMethod=contains&province=BC&provBut=Search,https://climate.weather.gc.ca/climate_normals/results_1991_2020_e.html?searchType=stnName&txtStationName=North+Vancouver+District&searchMethod=contains&province=BC&provBut=Search,https://weather.gc.ca/warnings/index_e.html?prov=bc,,
14,Greater Vancouver,Pitt Meadows,pitt-meadows,https://www12.statcan.gc.ca/census-recensement/2021/dp-pd/prof/search/search.cfm?Lang=E&SearchText=Pitt+Meadows%20British%20Columbia,https://www2.gov.bc.ca/gov/content/data/statistics/people-population-community,https://www2.gov.bc.ca/gov/content/governments/local-governments/facts-framework/systems/list-of-bc-local-governments,https://www.google.com/search?q=Pitt+Meadows+British+Columbia+official+municipal+website,https://www.hellobc.com/search/?query=Pitt+Meadows,Vancouver Intl A,https://climate.weather.gc.ca/historical_data/search_historic_data_e.html?searchType=stnName&timeframe=1&txtStationName=Pitt+Meadows&searchMethod=contains&province=BC&provBut=Search,https://climate.weather.gc.ca/climate_normals/results_1981_2010_e.html?searchType=stnName&txtStationName=Pitt+Meadows&searchMethod=contains&province=BC&provBut=Search,https://climate.weather.gc.ca/climate_normals/results_1991_2020_e.html?searchType=stnName&txtStationName=Pitt+Meadows&searchMethod=contains&province=BC&provBut=Search,https://weather.gc.ca/warnings/index_e.html?prov=bc,,
15,Greater Vancouver,Port Coquitlam,port-coquitlam,https://www12.statcan.gc.ca/census-recensement/2021/dp-pd/prof/search/search.cfm?Lang=E&SearchText=Port+Coquitlam%20British%20Columbia,https://www2.gov.bc.ca/gov/content/data/statistics/people-population-community,https://www2.gov.bc.ca/gov/content/governments/local-governments/facts-framework/systems/list-of-bc-local-governments,https://www.google.com/search?q=Port+Coquitlam+British+Columbia+official+municipal+website,https://www.hellobc.com/search/?query=Port+Coquitlam,Vancouver Intl A,https://climate.weather.gc.ca/historical_data/search_historic_data_e.html?searchType=stnName&timeframe=1&txtStationName=Port+Coquitlam&searchMethod=contains&province=BC&provBut=Search,https://climate.weather.gc.ca/climate_normals/results_1981_2010_e.html?searchType=stnName&txtStationName=Port+Coquitlam&searchMethod=contains&province=BC&provBut=Search,https://climate.weather.gc.ca/climate_normals/results_1991_2020_e.html?searchType=stnName&txtStationName=Port+Coquitlam&searchMethod=contains&province=BC&provBut=Search,https://weather.gc.ca/warnings/index_e.html?prov=bc,,
16,Greater Vancouver,Port Moody,port-moody,https://www12.statcan.gc.ca/census-recensement/2021/dp-pd/prof/search/search.cfm?Lang=E&SearchText=Port+Moody%20British%20Columbia,https://www2.gov.bc.ca/gov/content/data/statistics/people-population-community,https://www2.gov.bc.ca/gov/content/governments/local-governments/facts-framework/systems/list-of-bc-local-governments,https://www.google.com/search?q=Port+Moody+British+Columbia+official+municipal+website,https://www.hellobc.com/search/?query=Port+Moody,Vancouver Intl A,https://climate.weather.gc.ca/historical_data/search_historic_data_e.html?searchType=stnName&timeframe=1&txtStationName=Port+Moody&searchMethod=contains&province=BC&provBut=Search,https://climate.weather.gc.ca/climate_normals/results_1981_2010_e.html?searchType=stnName&txtStationName=Port+Moody&searchMethod=contains&province=BC&provBut=Search,https://climate.weather.gc.ca/climate_normals/results_1991_2020_e.html?searchType=stnName&txtStationName=Port+Moody&searchMethod=contains&province=BC&provBut=Search,https://weather.gc.ca/warnings/index_e.html?prov=bc,,
17,Greater Vancouver,Richmond,richmond,https://www12.statcan.gc.ca/census-recensement/2021/dp-pd/prof/search/search.cfm?Lang=E&SearchText=Richmond%20British%20Columbia,https://www2.gov.bc.ca/gov/content/data/statistics/people-population-community,https://www2.gov.bc.ca/gov/content/governments/local-governments/facts-framework/systems/list-of-bc-local-governments,https://www.google.com/search?q=Richmond+British+Columbia+official+municipal+website,https://www.hellobc.com/search/?query=Richmond,Vancouver Intl A,https://climate.weather.gc.ca/historical_data/search_historic_data_e.html?searchType=stnName&timeframe=1&txtStationName=Richmond&searchMethod=contains&province=BC&provBut=Search,https://climate.weather.gc.ca/climate_normals/results_1981_2010_e.html?searchType=stnName&txtStationName=Richmond&searchMethod=contains&province=BC&provBut=Search,https://climate.weather.gc.ca/climate_normals/results_1991_2020_e.html?searchType=stnName&txtStationName=Richmond&searchMethod=contains&province=BC&provBut=Search,https://weather.gc.ca/warnings/index_e.html?prov=bc,,
18,Greater Vancouver,Surrey,surrey,https://www12.statcan.gc.ca/census-recensement/2021/dp-pd/prof/search/search.cfm?Lang=E&SearchText=Surrey%20British%20Columbia,https://www2.gov.bc.ca/gov/content/data/statistics/people-population-community,https://www2.gov.bc.ca/gov/content/governments/local-governments/facts-framework/systems/list-of-bc-local-governments,https://www.google.com/search?q=Surrey+British+Columbia+official+municipal+website,https://www.hellobc.com/search/?query=Surrey,Vancouver Intl A,https://climate.weather.gc.ca/historical_data/search_historic_data_e.html?searchType=stnName&timeframe=1&txtStationName=Surrey&searchMethod=contains&province=BC&provBut=Search,https://climate.weather.gc.ca/climate_normals/results_1981_2010_e.html?searchType=stnName&txtStationName=Surrey&searchMethod=contains&province=BC&provBut=Search,https://climate.weather.gc.ca/climate_normals/results_1991_2020_e.html?searchType=stnName&txtStationName=Surrey&searchMethod=contains&province=BC&provBut=Search,https://weather.gc.ca/warnings/index_e.html?prov=bc,,
19,Greater Vancouver,University Endowment Lands,university-endowment-lands,https://www12.statcan.gc.ca/census-recensement/2021/dp-pd/prof/search/search.cfm?Lang=E&SearchText=University+Endowment+Lands%20British%20Columbia,https://www2.gov.bc.ca/gov/content/data/statistics/people-population-community,https://www2.gov.bc.ca/gov/content/governments/local-governments/facts-framework/systems/list-of-bc-local-governments,https://www.google.com/search?q=University+Endowment+Lands+British+Columbia+official+municipal+website,https://www.hellobc.com/search/?query=University+Endowment+Lands,Vancouver Intl A,https://climate.weather.gc.ca/historical_data/search_historic_data_e.html?searchType=stnName&timeframe=1&txtStationName=University+Endowment+Lands&searchMethod=contains&province=BC&provBut=Search,https://climate.weather.gc.ca/climate_normals/results_1981_2010_e.html?searchType=stnName&txtStationName=University+Endowment+Lands&searchMethod=contains&province=BC&provBut=Search,https://climate.weather.gc.ca/climate_normals/results_1991_2020_e.html?searchType=stnName&txtStationName=University+Endowment+Lands&searchMethod=contains&province=BC&provBut=Search,https://weather.gc.ca/warnings/index_e.html?prov=bc,,
20,Greater Vancouver,Vancouver,vancouver,https://www12.statcan.gc.ca/census-recensement/2021/dp-pd/prof/search/search.cfm?Lang=E&SearchText=Vancouver%20British%20Columbia,https://www2.gov.bc.ca/gov/content/data/statistics/people-population-community,https://www2.gov.bc.ca/gov/content/governments/local-governments/facts-framework/systems/list-of-bc-local-governments,https://www.google.com/search?q=Vancouver+British+Columbia+official+municipal+website,https://www.hellobc.com/search/?query=Vancouver,Vancouver Intl A,https://climate.weather.gc.ca/historical_data/search_historic_data_e.html?searchType=stnName&timeframe=1&txtStationName=Vancouver&searchMethod=contains&province=BC&provBut=Search,https://climate.weather.gc.ca/climate_normals/results_1981_2010_e.html?searchType=stnName&txtStationName=Vancouver&searchMethod=contains&province=BC&provBut=Search,https://climate.weather.gc.ca/climate_normals/results_1991_2020_e.html?searchType=stnName&txtStationName=Vancouver&searchMethod=contains&province=BC&provBut=Search,https://weather.gc.ca/warnings/index_e.html?prov=bc,,
21,Greater Vancouver,West Vancouver,west-vancouver,https://www12.statcan.gc.ca/census-recensement/2021/dp-pd/prof/search/search.cfm?Lang=E&SearchText=West+Vancouver%20British%20Columbia,https://www2.gov.bc.ca/gov/content/data/statistics/people-population-community,https://www2.gov.bc.ca/gov/content/governments/local-governments/facts-framework/systems/list-of-bc-local-governments,https://www.google.com/search?q=West+Vancouver+British+Columbia+official+municipal+website,https://www.hellobc.com/search/?query=West+Vancouver,Vancouver Intl A,https://climate.weather.gc.ca/historical_data/search_historic_data_e.html?searchType=stnName&timeframe=1&txtStationName=West+Vancouver&searchMethod=contains&province=BC&provBut=Search,https://climate.weather.gc.ca/climate_normals/results_1981_2010_e.html?searchType=stnName&txtStationName=West+Vancouver&searchMethod=contains&province=BC&provBut=Search,https://climate.weather.gc.ca/climate_normals/results_1991_2020_e.html?searchType=stnName&txtStationName=West+Vancouver&searchMethod=contains&province=BC&provBut=Search,https://weather.gc.ca/warnings/index_e.html?prov=bc,,
22,Greater Vancouver,White Rock,white-rock,https://www12.statcan.gc.ca/census-recensement/2021/dp-pd/prof/search/search.cfm?Lang=E&SearchText=White+Rock%20British%20Columbia,https://www2.gov.bc.ca/gov/content/data/statistics/people-population-community,https://www2.gov.bc.ca/gov/content/governments/local-governments/facts-framework/systems/list-of-bc-local-governments,https://www.google.com/search?q=White+Rock+British+Columbia+official+municipal+website,https://www.hellobc.com/search/?query=White+Rock,Vancouver Intl A,https://climate.weather.gc.ca/historical_data/search_historic_data_e.html?searchType=stnName&timeframe=1&txtStationName=White+Rock&searchMethod=contains&province=BC&provBut=Search,https://climate.weather.gc.ca/climate_normals/results_1981_2010_e.html?searchType=stnName&txtStationName=White+Rock&searchMethod=contains&province=BC&provBut=Search,https://climate.weather.gc.ca/climate_normals/results_1991_2020_e.html?searchType=stnName&txtStationName=White+Rock&searchMethod=contains&province=BC&provBut=Search,https://weather.gc.ca/warnings/index_e.html?prov=bc,,
23,Fraser Valley,Abbotsford,abbotsford,https://www12.statcan.gc.ca/census-recensement/2021/dp-pd/prof/search/search.cfm?Lang=E&SearchText=Abbotsford%20British%20Columbia,https://www2.gov.bc.ca/gov/content/data/statistics/people-population-community,https://www2.gov.bc.ca/gov/content/governments/local-governments/facts-framework/systems/list-of-bc-local-governments,https://www.google.com/search?q=Abbotsford+British+Columbia+official+municipal+website,https://www.hellobc.com/search/?query=Abbotsford,Abbotsford A,https://climate.weather.gc.ca/historical_data/search_historic_data_e.html?searchType=stnName&timeframe=1&txtStationName=Abbotsford&searchMethod=contains&province=BC&provBut=Search,https://climate.weather.gc.ca/climate_normals/results_1981_2010_e.html?searchType=stnName&txtStationName=Abbotsford&searchMethod=contains&province=BC&provBut=Search,https://climate.weather.gc.ca/climate_normals/results_1991_2020_e.html?searchType=stnName&txtStationName=Abbotsford&searchMethod=contains&province=BC&provBut=Search,https://weather.gc.ca/warnings/index_e.html?prov=bc,,
24,Fraser Valley,Boston Bar,boston-bar,https://www12.statcan.gc.ca/census-recensement/2021/dp-pd/prof/search/search.cfm?Lang=E&SearchText=Boston+Bar%20British%20Columbia,https://www2.gov.bc.ca/gov/content/data/statistics/people-population-community,https://www2.gov.bc.ca/gov/content/governments/local-governments/facts-framework/systems/list-of-bc-local-governments,https://www.google.com/search?q=Boston+Bar+British+Columbia+official+municipal+website,https://www.hellobc.com/search/?query=Boston+Bar,Hope Slide,https://climate.weather.gc.ca/historical_data/search_historic_data_e.html?searchType=stnName&timeframe=1&txtStationName=Boston+Bar&searchMethod=contains&province=BC&provBut=Search,https://climate.weather.gc.ca/climate_normals/results_1981_2010_e.html?searchType=stnName&txtStationName=Boston+Bar&searchMethod=contains&province=BC&provBut=Search,https://climate.weather.gc.ca/climate_normals/results_1991_2020_e.html?searchType=stnName&txtStationName=Boston+Bar&searchMethod=contains&province=BC&provBut=Search,https://weather.gc.ca/warnings/index_e.html?prov=bc,,
25,Fraser Valley,Bridal Falls,bridal-falls,https://www12.statcan.gc.ca/census-recensement/2021/dp-pd/prof/search/search.cfm?Lang=E&SearchText=Bridal+Falls%20British%20Columbia,https://www2.gov.bc.ca/gov/content/data/statistics/people-population-community,https://www2.gov.bc.ca/gov/content/governments/local-governments/facts-framework/systems/list-of-bc-local-governments,https://www.google.com/search?q=Bridal+Falls+British+Columbia+official+municipal+website,https://www.hellobc.com/search/?query=Bridal+Falls,Agassiz CDA,https://climate.weather.gc.ca/historical_data/search_historic_data_e.html?searchType=stnName&timeframe=1&txtStationName=Bridal+Falls&searchMethod=contains&province=BC&provBut=Search,https://climate.weather.gc.ca/climate_normals/results_1981_2010_e.html?searchType=stnName&txtStationName=Bridal+Falls&searchMethod=contains&province=BC&provBut=Search,https://climate.weather.gc.ca/climate_normals/results_1991_2020_e.html?searchType=stnName&txtStationName=Bridal+Falls&searchMethod=contains&province=BC&provBut=Search,https://weather.gc.ca/warnings/index_e.html?prov=bc,,
26,Fraser Valley,Chilliwack,chilliwack,https://www12.statcan.gc.ca/census-recensement/2021/dp-pd/prof/search/search.cfm?Lang=E&SearchText=Chilliwack%20British%20Columbia,https://www2.gov.bc.ca/gov/content/data/statistics/people-population-community,https://www2.gov.bc.ca/gov/content/governments/local-governments/facts-framework/systems/list-of-bc-local-governments,https://www.google.com/search?q=Chilliwack+British+Columbia+official+municipal+website,https://www.hellobc.com/search/?query=Chilliwack,Agassiz CDA,https://climate.weather.gc.ca/historical_data/search_historic_data_e.html?searchType=stnName&timeframe=1&txtStationName=Chilliwack&searchMethod=contains&province=BC&provBut=Search,https://climate.weather.gc.ca/climate_normals/results_1981_2010_e.html?searchType=stnName&txtStationName=Chilliwack&searchMethod=contains&province=BC&provBut=Search,https://climate.weather.gc.ca/climate_normals/results_1991_2020_e.html?searchType=stnName&txtStationName=Chilliwack&searchMethod=contains&province=BC&provBut=Search,https://weather.gc.ca/warnings/index_e.html?prov=bc,,
27,Fraser Valley,Harrison Hot Springs,harrison-hot-springs,https://www12.statcan.gc.ca/census-recensement/2021/dp-pd/prof/search/search.cfm?Lang=E&SearchText=Harrison+Hot+Springs%20British%20Columbia,https://www2.gov.bc.ca/gov/content/data/statistics/people-population-community,https://www2.gov.bc.ca/gov/content/governments/local-governments/facts-framework/systems/list-of-bc-local-governments,https://www.google.com/search?q=Harrison+Hot+Springs+British+Columbia+official+municipal+website,https://www.hellobc.com/search/?query=Harrison+Hot+Springs,Agassiz CDA,https://climate.weather.gc.ca/historical_data/search_historic_data_e.html?searchType=stnName&timeframe=1&txtStationName=Harrison+Hot+Springs&searchMethod=contains&province=BC&provBut=Search,https://climate.weather.gc.ca/climate_normals/results_1981_2010_e.html?searchType=stnName&txtStationName=Harrison+Hot+Springs&searchMethod=contains&province=BC&provBut=Search,https://climate.weather.gc.ca/climate_normals/results_1991_2020_e.html?searchType=stnName&txtStationName=Harrison+Hot+Springs&searchMethod=contains&province=BC&provBut=Search,https://weather.gc.ca/warnings/index_e.html?prov=bc,,
28,Fraser Valley,Hope,hope,https://www12.statcan.gc.ca/census-recensement/2021/dp-pd/prof/search/search.cfm?Lang=E&SearchText=Hope%20British%20Columbia,https://www2.gov.bc.ca/gov/content/data/statistics/people-population-community,https://www2.gov.bc.ca/gov/content/governments/local-governments/facts-framework/systems/list-of-bc-local-governments,https://www.google.com/search?q=Hope+British+Columbia+official+municipal+website,https://www.hellobc.com/search/?query=Hope,Hope Slide,https://climate.weather.gc.ca/historical_data/search_historic_data_e.html?searchType=stnName&timeframe=1&txtStationName=Hope&searchMethod=contains&province=BC&provBut=Search,https://climate.weather.gc.ca/climate_normals/results_1981_2010_e.html?searchType=stnName&txtStationName=Hope&searchMethod=contains&province=BC&provBut=Search,https://climate.weather.gc.ca/climate_normals/results_1991_2020_e.html?searchType=stnName&txtStationName=Hope&searchMethod=contains&province=BC&provBut=Search,https://weather.gc.ca/warnings/index_e.html?prov=bc,,
29,Fraser Valley,Kent,kent,https://www12.statcan.gc.ca/census-recensement/2021/dp-pd/prof/search/search.cfm?Lang=E&SearchText=Kent%20British%20Columbia,https://www2.gov.bc.ca/gov/content/data/statistics/people-population-community,https://www2.gov.bc.ca/gov/content/governments/local-governments/facts-framework/systems/list-of-bc-local-governments,https://www.google.com/search?q=Kent+British+Columbia+official+municipal+website,https://www.hellobc.com/search/?query=Kent,Abbotsford A,https://climate.weather.gc.ca/historical_data/search_historic_data_e.html?searchType=stnName&timeframe=1&txtStationName=Kent&searchMethod=contains&province=BC&provBut=Search,https://climate.weather.gc.ca/climate_normals/results_1981_2010_e.html?searchType=stnName&txtStationName=Kent&searchMethod=contains&province=BC&provBut=Search,https://climate.weather.gc.ca/climate_normals/results_1991_2020_e.html?searchType=stnName&txtStationName=Kent&searchMethod=contains&province=BC&provBut=Search,https://weather.gc.ca/warnings/index_e.html?prov=bc,,
30,Fraser Valley,Mission,mission,https://www12.statcan.gc.ca/census-recensement/2021/dp-pd/prof/search/search.cfm?Lang=E&SearchText=Mission%20British%20Columbia,https://www2.gov.bc.ca/gov/content/data/statistics/people-population-community,https://www2.gov.bc.ca/gov/content/governments/local-governments/facts-framework/systems/list-of-bc-local-governments,https://www.google.com/search?q=Mission+British+Columbia+official+municipal+website,https://www.hellobc.com/search/?query=Mission,Abbotsford A,https://climate.weather.gc.ca/historical_data/search_historic_data_e.html?searchType=stnName&timeframe=1&txtStationName=Mission&searchMethod=contains&province=BC&provBut=Search,https://climate.weather.gc.ca/climate_normals/results_1981_2010_e.html?searchType=stnName&txtStationName=Mission&searchMethod=contains&province=BC&provBut=Search,https://climate.weather.gc.ca/climate_normals/results_1991_2020_e.html?searchType=stnName&txtStationName=Mission&searchMethod=contains&province=BC&provBut=Search,https://weather.gc.ca/warnings/index_e.html?prov=bc,,
31,Fraser Valley,Spuzzum,spuzzum,https://www12.statcan.gc.ca/census-recensement/2021/dp-pd/prof/search/search.cfm?Lang=E&SearchText=Spuzzum%20British%20Columbia,https://www2.gov.bc.ca/gov/content/data/statistics/people-population-community,https://www2.gov.bc.ca/gov/content/governments/local-governments/facts-framework/systems/list-of-bc-local-governments,https://www.google.com/search?q=Spuzzum+British+Columbia+official+municipal+website,https://www.hellobc.com/search/?query=Spuzzum,Abbotsford A,https://climate.weather.gc.ca/historical_data/search_historic_data_e.html?searchType=stnName&timeframe=1&txtStationName=Spuzzum&searchMethod=contains&province=BC&provBut=Search,https://climate.weather.gc.ca/climate_normals/results_1981_2010_e.html?searchType=stnName&txtStationName=Spuzzum&searchMethod=contains&province=BC&provBut=Search,https://climate.weather.gc.ca/climate_normals/results_1991_2020_e.html?searchType=stnName&txtStationName=Spuzzum&searchMethod=contains&province=BC&provBut=Search,https://weather.gc.ca/warnings/index_e.html?prov=bc,,
32,Fraser Valley,Yale,yale,https://www12.statcan.gc.ca/census-recensement/2021/dp-pd/prof/search/search.cfm?Lang=E&SearchText=Yale%20British%20Columbia,https://www2.gov.bc.ca/gov/content/data/statistics/people-population-community,https://www2.gov.bc.ca/gov/content/governments/local-governments/facts-framework/systems/list-of-bc-local-governments,https://www.google.com/search?q=Yale+British+Columbia+official+municipal+website,https://www.hellobc.com/search/?query=Yale,Abbotsford A,https://climate.weather.gc.ca/historical_data/search_historic_data_e.html?searchType=stnName&timeframe=1&txtStationName=Yale&searchMethod=contains&province=BC&provBut=Search,https://climate.weather.gc.ca/climate_normals/results_1981_2010_e.html?searchType=stnName&txtStationName=Yale&searchMethod=contains&province=BC&provBut=Search,https://climate.weather.gc.ca/climate_normals/results_1991_2020_e.html?searchType=stnName&txtStationName=Yale&searchMethod=contains&province=BC&provBut=Search,https://weather.gc.ca/warnings/index_e.html?prov=bc,,
33,Sea-to-Sky,Britannia Beach,britannia-beach,https://www12.statcan.gc.ca/census-recensement/2021/dp-pd/prof/search/search.cfm?Lang=E&SearchText=Britannia+Beach%20British%20Columbia,https://www2.gov.bc.ca/gov/content/data/statistics/people-population-community,https://www2.gov.bc.ca/gov/content/governments/local-governments/facts-framework/systems/list-of-bc-local-governments,https://www.google.com/search?q=Britannia+Beach+British+Columbia+official+municipal+website,https://www.hellobc.com/search/?query=Britannia+Beach,Vancouver Intl A,https://climate.weather.gc.ca/historical_data/search_historic_data_e.html?searchType=stnName&timeframe=1&txtStationName=Britannia+Beach&searchMethod=contains&province=BC&provBut=Search,https://climate.weather.gc.ca/climate_normals/results_1981_2010_e.html?searchType=stnName&txtStationName=Britannia+Beach&searchMethod=contains&province=BC&provBut=Search,https://climate.weather.gc.ca/climate_normals/results_1991_2020_e.html?searchType=stnName&txtStationName=Britannia+Beach&searchMethod=contains&province=BC&provBut=Search,https://weather.gc.ca/warnings/index_e.html?prov=bc,,
34,Sea-to-Sky,Furry Creek,furry-creek,https://www12.statcan.gc.ca/census-recensement/2021/dp-pd/prof/search/search.cfm?Lang=E&SearchText=Furry+Creek%20British%20Columbia,https://www2.gov.bc.ca/gov/content/data/statistics/people-population-community,https://www2.gov.bc.ca/gov/content/governments/local-governments/facts-framework/systems/list-of-bc-local-governments,https://www.google.com/search?q=Furry+Creek+British+Columbia+official+municipal+website,https://www.hellobc.com/search/?query=Furry+Creek,Vancouver Intl A,https://climate.weather.gc.ca/historical_data/search_historic_data_e.html?searchType=stnName&timeframe=1&txtStationName=Furry+Creek&searchMethod=contains&province=BC&provBut=Search,https://climate.weather.gc.ca/climate_normals/results_1981_2010_e.html?searchType=stnName&txtStationName=Furry+Creek&searchMethod=contains&province=BC&provBut=Search,https://climate.weather.gc.ca/climate_normals/results_1991_2020_e.html?searchType=stnName&txtStationName=Furry+Creek&searchMethod=contains&province=BC&provBut=Search,https://weather.gc.ca/warnings/index_e.html?prov=bc,,
35,Sea-to-Sky,Squamish,squamish,https://www12.statcan.gc.ca/census-recensement/2021/dp-pd/prof/search/search.cfm?Lang=E&SearchText=Squamish%20British%20Columbia,https://www2.gov.bc.ca/gov/content/data/statistics/people-population-community,https://www2.gov.bc.ca/gov/content/governments/local-governments/facts-framework/systems/list-of-bc-local-governments,https://www.google.com/search?q=Squamish+British+Columbia+official+municipal+website,https://www.hellobc.com/search/?query=Squamish,Vancouver Intl A,https://climate.weather.gc.ca/historical_data/search_historic_data_e.html?searchType=stnName&timeframe=1&txtStationName=Squamish&searchMethod=contains&province=BC&provBut=Search,https://climate.weather.gc.ca/climate_normals/results_1981_2010_e.html?searchType=stnName&txtStationName=Squamish&searchMethod=contains&province=BC&provBut=Search,https://climate.weather.gc.ca/climate_normals/results_1991_2020_e.html?searchType=stnName&txtStationName=Squamish&searchMethod=contains&province=BC&provBut=Search,https://weather.gc.ca/warnings/index_e.html?prov=bc,,
36,Sea-to-Sky,Whistler,whistler,https://www12.statcan.gc.ca/census-recensement/2021/dp-pd/prof/search/search.cfm?Lang=E&SearchText=Whistler%20British%20Columbia,https://www2.gov.bc.ca/gov/content/data/statistics/people-population-community,https://www2.gov.bc.ca/gov/content/governments/local-governments/facts-framework/systems/list-of-bc-local-governments,https://www.google.com/search?q=Whistler+British+Columbia+official+municipal+website,https://www.hellobc.com/search/?query=Whistler,Whistler,https://climate.weather.gc.ca/historical_data/search_historic_data_e.html?searchType=stnName&timeframe=1&txtStationName=Whistler&searchMethod=contains&province=BC&provBut=Search,https://climate.weather.gc.ca/climate_normals/results_1981_2010_e.html?searchType=stnName&txtStationName=Whistler&searchMethod=contains&province=BC&provBut=Search,https://climate.weather.gc.ca/climate_normals/results_1991_2020_e.html?searchType=stnName&txtStationName=Whistler&searchMethod=contains&province=BC&provBut=Search,https://weather.gc.ca/warnings/index_e.html?prov=bc,,
37,Sunshine Coast,Earls Cove,earls-cove,https://www12.statcan.gc.ca/census-recensement/2021/dp-pd/prof/search/search.cfm?Lang=E&SearchText=Earls+Cove%20British%20Columbia,https://www2.gov.bc.ca/gov/content/data/statistics/people-population-community,https://www2.gov.bc.ca/gov/content/governments/local-governments/facts-framework/systems/list-of-bc-local-governments,https://www.google.com/search?q=Earls+Cove+British+Columbia+official+municipal+website,https://www.hellobc.com/search/?query=Earls+Cove,Powell River A,https://climate.weather.gc.ca/historical_data/search_historic_data_e.html?searchType=stnName&timeframe=1&txtStationName=Earls+Cove&searchMethod=contains&province=BC&provBut=Search,https://climate.weather.gc.ca/climate_normals/results_1981_2010_e.html?searchType=stnName&txtStationName=Earls+Cove&searchMethod=contains&province=BC&provBut=Search,https://climate.weather.gc.ca/climate_normals/results_1991_2020_e.html?searchType=stnName&txtStationName=Earls+Cove&searchMethod=contains&province=BC&provBut=Search,https://weather.gc.ca/warnings/index_e.html?prov=bc,,
38,Sunshine Coast,Gibsons,gibsons,https://www12.statcan.gc.ca/census-recensement/2021/dp-pd/prof/search/search.cfm?Lang=E&SearchText=Gibsons%20British%20Columbia,https://www2.gov.bc.ca/gov/content/data/statistics/people-population-community,https://www2.gov.bc.ca/gov/content/governments/local-governments/facts-framework/systems/list-of-bc-local-governments,https://www.google.com/search?q=Gibsons+British+Columbia+official+municipal+website,https://www.hellobc.com/search/?query=Gibsons,Gibsons Gower Point,https://climate.weather.gc.ca/historical_data/search_historic_data_e.html?searchType=stnName&timeframe=1&txtStationName=Gibsons&searchMethod=contains&province=BC&provBut=Search,https://climate.weather.gc.ca/climate_normals/results_1981_2010_e.html?searchType=stnName&txtStationName=Gibsons&searchMethod=contains&province=BC&provBut=Search,https://climate.weather.gc.ca/climate_normals/results_1991_2020_e.html?searchType=stnName&txtStationName=Gibsons&searchMethod=contains&province=BC&provBut=Search,https://weather.gc.ca/warnings/index_e.html?prov=bc,,
39,Sunshine Coast,Langdale,langdale,https://www12.statcan.gc.ca/census-recensement/2021/dp-pd/prof/search/search.cfm?Lang=E&SearchText=Langdale%20British%20Columbia,https://www2.gov.bc.ca/gov/content/data/statistics/people-population-community,https://www2.gov.bc.ca/gov/content/governments/local-governments/facts-framework/systems/list-of-bc-local-governments,https://www.google.com/search?q=Langdale+British+Columbia+official+municipal+website,https://www.hellobc.com/search/?query=Langdale,Gibsons Gower Point,https://climate.weather.gc.ca/historical_data/search_historic_data_e.html?searchType=stnName&timeframe=1&txtStationName=Langdale&searchMethod=contains&province=BC&provBut=Search,https://climate.weather.gc.ca/climate_normals/results_1981_2010_e.html?searchType=stnName&txtStationName=Langdale&searchMethod=contains&province=BC&provBut=Search,https://climate.weather.gc.ca/climate_normals/results_1991_2020_e.html?searchType=stnName&txtStationName=Langdale&searchMethod=contains&province=BC&provBut=Search,https://weather.gc.ca/warnings/index_e.html?prov=bc,,
40,Sunshine Coast,Lund,lund,https://www12.statcan.gc.ca/census-recensement/2021/dp-pd/prof/search/search.cfm?Lang=E&SearchText=Lund%20British%20Columbia,https://www2.gov.bc.ca/gov/content/data/statistics/people-population-community,https://www2.gov.bc.ca/gov/content/governments/local-governments/facts-framework/systems/list-of-bc-local-governments,https://www.google.com/search?q=Lund+British+Columbia+official+municipal+website,https://www.hellobc.com/search/?query=Lund,Powell River A,https://climate.weather.gc.ca/historical_data/search_historic_data_e.html?searchType=stnName&timeframe=1&txtStationName=Lund&searchMethod=contains&province=BC&provBut=Search,https://climate.weather.gc.ca/climate_normals/results_1981_2010_e.html?searchType=stnName&txtStationName=Lund&searchMethod=contains&province=BC&provBut=Search,https://climate.weather.gc.ca/climate_normals/results_1991_2020_e.html?searchType=stnName&txtStationName=Lund&searchMethod=contains&province=BC&provBut=Search,https://weather.gc.ca/warnings/index_e.html?prov=bc,,
41,Sunshine Coast,Port Mellon,port-mellon,https://www12.statcan.gc.ca/census-recensement/2021/dp-pd/prof/search/search.cfm?Lang=E&SearchText=Port+Mellon%20British%20Columbia,https://www2.gov.bc.ca/gov/content/data/statistics/people-population-community,https://www2.gov.bc.ca/gov/content/governments/local-governments/facts-framework/systems/list-of-bc-local-governments,https://www.google.com/search?q=Port+Mellon+British+Columbia+official+municipal+website,https://www.hellobc.com/search/?query=Port+Mellon,Powell River A,https://climate.weather.gc.ca/historical_data/search_historic_data_e.html?searchType=stnName&timeframe=1&txtStationName=Port+Mellon&searchMethod=contains&province=BC&provBut=Search,https://climate.weather.gc.ca/climate_normals/results_1981_2010_e.html?searchType=stnName&txtStationName=Port+Mellon&searchMethod=contains&province=BC&provBut=Search,https://climate.weather.gc.ca/climate_normals/results_1991_2020_e.html?searchType=stnName&txtStationName=Port+Mellon&searchMethod=contains&province=BC&provBut=Search,https://weather.gc.ca/warnings/index_e.html?prov=bc,,
42,Sunshine Coast,Powell River,powell-river,https://www12.statcan.gc.ca/census-recensement/2021/dp-pd/prof/search/search.cfm?Lang=E&SearchText=Powell+River%20British%20Columbia,https://www2.gov.bc.ca/gov/content/data/statistics/people-population-community,https://www2.gov.bc.ca/gov/content/governments/local-governments/facts-framework/systems/list-of-bc-local-governments,https://www.google.com/search?q=Powell+River+British+Columbia+official+municipal+website,https://www.hellobc.com/search/?query=Powell+River,Powell River A,https://climate.weather.gc.ca/historical_data/search_historic_data_e.html?searchType=stnName&timeframe=1&txtStationName=Powell+River&searchMethod=contains&province=BC&provBut=Search,https://climate.weather.gc.ca/climate_normals/results_1981_2010_e.html?searchType=stnName&txtStationName=Powell+River&searchMethod=contains&province=BC&provBut=Search,https://climate.weather.gc.ca/climate_normals/results_1991_2020_e.html?searchType=stnName&txtStationName=Powell+River&searchMethod=contains&province=BC&provBut=Search,https://weather.gc.ca/warnings/index_e.html?prov=bc,,
43,Sunshine Coast,Refuge Cove,refuge-cove,https://www12.statcan.gc.ca/census-recensement/2021/dp-pd/prof/search/search.cfm?Lang=E&SearchText=Refuge+Cove%20British%20Columbia,https://www2.gov.bc.ca/gov/content/data/statistics/people-population-community,https://www2.gov.bc.ca/gov/content/governments/local-governments/facts-framework/systems/list-of-bc-local-governments,https://www.google.com/search?q=Refuge+Cove+British+Columbia+official+municipal+website,https://www.hellobc.com/search/?query=Refuge+Cove,Powell River A,https://climate.weather.gc.ca/historical_data/search_historic_data_e.html?searchType=stnName&timeframe=1&txtStationName=Refuge+Cove&searchMethod=contains&province=BC&provBut=Search,https://climate.weather.gc.ca/climate_normals/results_1981_2010_e.html?searchType=stnName&txtStationName=Refuge+Cove&searchMethod=contains&province=BC&provBut=Search,https://climate.weather.gc.ca/climate_normals/results_1991_2020_e.html?searchType=stnName&txtStationName=Refuge+Cove&searchMethod=contains&province=BC&provBut=Search,https://weather.gc.ca/warnings/index_e.html?prov=bc,,
44,Sunshine Coast,Roberts Creek,roberts-creek,https://www12.statcan.gc.ca/census-recensement/2021/dp-pd/prof/search/search.cfm?Lang=E&SearchText=Roberts+Creek%20British%20Columbia,https://www2.gov.bc.ca/gov/content/data/statistics/people-population-community,https://www2.gov.bc.ca/gov/content/governments/local-governments/facts-framework/systems/list-of-bc-local-governments,https://www.google.com/search?q=Roberts+Creek+British+Columbia+official+municipal+website,https://www.hellobc.com/search/?query=Roberts+Creek,Gibsons Gower Point,https://climate.weather.gc.ca/historical_data/search_historic_data_e.html?searchType=stnName&timeframe=1&txtStationName=Roberts+Creek&searchMethod=contains&province=BC&provBut=Search,https://climate.weather.gc.ca/climate_normals/results_1981_2010_e.html?searchType=stnName&txtStationName=Roberts+Creek&searchMethod=contains&province=BC&provBut=Search,https://climate.weather.gc.ca/climate_normals/results_1991_2020_e.html?searchType=stnName&txtStationName=Roberts+Creek&searchMethod=contains&province=BC&provBut=Search,https://weather.gc.ca/warnings/index_e.html?prov=bc,,
45,Sunshine Coast,Sechelt,sechelt,https://www12.statcan.gc.ca/census-recensement/2021/dp-pd/prof/search/search.cfm?Lang=E&SearchText=Sechelt%20British%20Columbia,https://www2.gov.bc.ca/gov/content/data/statistics/people-population-community,https://www2.gov.bc.ca/gov/content/governments/local-governments/facts-framework/systems/list-of-bc-local-governments,https://www.google.com/search?q=Sechelt+British+Columbia+official+municipal+website,https://www.hellobc.com/search/?query=Sechelt,Gibsons Gower Point,https://climate.weather.gc.ca/historical_data/search_historic_data_e.html?searchType=stnName&timeframe=1&txtStationName=Sechelt&searchMethod=contains&province=BC&provBut=Search,https://climate.weather.gc.ca/climate_normals/results_1981_2010_e.html?searchType=stnName&txtStationName=Sechelt&searchMethod=contains&province=BC&provBut=Search,https://climate.weather.gc.ca/climate_normals/results_1991_2020_e.html?searchType=stnName&txtStationName=Sechelt&searchMethod=contains&province=BC&provBut=Search,https://weather.gc.ca/warnings/index_e.html?prov=bc,,
46,Sunshine Coast,Van Anda,van-anda,https://www12.statcan.gc.ca/census-recensement/2021/dp-pd/prof/search/search.cfm?Lang=E&SearchText=Van+Anda%20British%20Columbia,https://www2.gov.bc.ca/gov/content/data/statistics/people-population-community,https://www2.gov.bc.ca/gov/content/governments/local-governments/facts-framework/systems/list-of-bc-local-governments,https://www.google.com/search?q=Van+Anda+British+Columbia+official+municipal+website,https://www.hellobc.com/search/?query=Van+Anda,Powell River A,https://climate.weather.gc.ca/historical_data/search_historic_data_e.html?searchType=stnName&timeframe=1&txtStationName=Van+Anda&searchMethod=contains&province=BC&provBut=Search,https://climate.weather.gc.ca/climate_normals/results_1981_2010_e.html?searchType=stnName&txtStationName=Van+Anda&searchMethod=contains&province=BC&provBut=Search,https://climate.weather.gc.ca/climate_normals/results_1991_2020_e.html?searchType=stnName&txtStationName=Van+Anda&searchMethod=contains&province=BC&provBut=Search,https://weather.gc.ca/warnings/index_e.html?prov=bc,,
47,Sunshine Coast,shíshálh Nation Government District,sh-sh-lh-nation-government-district,https://www12.statcan.gc.ca/census-recensement/2021/dp-pd/prof/search/search.cfm?Lang=E&SearchText=sh%C3%ADsh%C3%A1lh+Nation+Government+District%20British%20Columbia,https://www2.gov.bc.ca/gov/content/data/statistics/people-population-community,https://www2.gov.bc.ca/gov/content/governments/local-governments/facts-framework/systems/list-of-bc-local-governments,https://www.google.com/search?q=sh%C3%ADsh%C3%A1lh+Nation+Government+District+British+Columbia+official+municipal+website,https://www.hellobc.com/search/?query=sh%C3%ADsh%C3%A1lh+Nation+Government+District,Powell River A,https://climate.weather.gc.ca/historical_data/search_historic_data_e.html?searchType=stnName&timeframe=1&txtStationName=sh%C3%ADsh%C3%A1lh+Nation+Government+District&searchMethod=contains&province=BC&provBut=Search,https://climate.weather.gc.ca/climate_normals/results_1981_2010_e.html?searchType=stnName&txtStationName=sh%C3%ADsh%C3%A1lh+Nation+Government+District&searchMethod=contains&province=BC&provBut=Search,https://climate.weather.gc.ca/climate_normals/results_1991_2020_e.html?searchType=stnName&txtStationName=sh%C3%ADsh%C3%A1lh+Nation+Government+District&searchMethod=contains&province=BC&provBut=Search,https://weather.gc.ca/warnings/index_e.html?prov=bc,,
48,Vancouver Island & Gulf Islands,Alert Bay,alert-bay,https://www12.statcan.gc.ca/census-recensement/2021/dp-pd/prof/search/search.cfm?Lang=E&SearchText=Alert+Bay%20British%20Columbia,https://www2.gov.bc.ca/gov/content/data/statistics/people-population-community,https://www2.gov.bc.ca/gov/content/governments/local-governments/facts-framework/systems/list-of-bc-local-governments,https://www.google.com/search?q=Alert+Bay+British+Columbia+official+municipal+website,https://www.hellobc.com/search/?query=Alert+Bay,Port Hardy A,https://climate.weather.gc.ca/historical_data/search_historic_data_e.html?searchType=stnName&timeframe=1&txtStationName=Alert+Bay&searchMethod=contains&province=BC&provBut=Search,https://climate.weather.gc.ca/climate_normals/results_1981_2010_e.html?searchType=stnName&txtStationName=Alert+Bay&searchMethod=contains&province=BC&provBut=Search,https://climate.weather.gc.ca/climate_normals/results_1991_2020_e.html?searchType=stnName&txtStationName=Alert+Bay&searchMethod=contains&province=BC&provBut=Search,https://weather.gc.ca/warnings/index_e.html?prov=bc,,
49,Vancouver Island & Gulf Islands,Black Creek,black-creek,https://www12.statcan.gc.ca/census-recensement/2021/dp-pd/prof/search/search.cfm?Lang=E&SearchText=Black+Creek%20British%20Columbia,https://www2.gov.bc.ca/gov/content/data/statistics/people-population-community,https://www2.gov.bc.ca/gov/content/governments/local-governments/facts-framework/systems/list-of-bc-local-governments,https://www.google.com/search?q=Black+Creek+British+Columbia+official+municipal+website,https://www.hellobc.com/search/?query=Black+Creek,Comox A,https://climate.weather.gc.ca/historical_data/search_historic_data_e.html?searchType=stnName&timeframe=1&txtStationName=Black+Creek&searchMethod=contains&province=BC&provBut=Search,https://climate.weather.gc.ca/climate_normals/results_1981_2010_e.html?searchType=stnName&txtStationName=Black+Creek&searchMethod=contains&province=BC&provBut=Search,https://climate.weather.gc.ca/climate_normals/results_1991_2020_e.html?searchType=stnName&txtStationName=Black+Creek&searchMethod=contains&province=BC&provBut=Search,https://weather.gc.ca/warnings/index_e.html?prov=bc,,
50,Vancouver Island & Gulf Islands,Campbell River,campbell-river,https://www12.statcan.gc.ca/census-recensement/2021/dp-pd/prof/search/search.cfm?Lang=E&SearchText=Campbell+River%20British%20Columbia,https://www2.gov.bc.ca/gov/content/data/statistics/people-population-community,https://www2.gov.bc.ca/gov/content/governments/local-governments/facts-framework/systems/list-of-bc-local-governments,https://www.google.com/search?q=Campbell+River+British+Columbia+official+municipal+website,https://www.hellobc.com/search/?query=Campbell+River,Campbell River A,https://climate.weather.gc.ca/historical_data/search_historic_data_e.html?searchType=stnName&timeframe=1&txtStationName=Campbell+River&searchMethod=contains&province=BC&provBut=Search,https://climate.weather.gc.ca/climate_normals/results_1981_2010_e.html?searchType=stnName&txtStationName=Campbell+River&searchMethod=contains&province=BC&provBut=Search,https://climate.weather.gc.ca/climate_normals/results_1991_2020_e.html?searchType=stnName&txtStationName=Campbell+River&searchMethod=contains&province=BC&provBut=Search,https://weather.gc.ca/warnings/index_e.html?prov=bc,,
51,Vancouver Island & Gulf Islands,Cedar,cedar,https://www12.statcan.gc.ca/census-recensement/2021/dp-pd/prof/search/search.cfm?Lang=E&SearchText=Cedar%20British%20Columbia,https://www2.gov.bc.ca/gov/content/data/statistics/people-population-community,https://www2.gov.bc.ca/gov/content/governments/local-governments/facts-framework/systems/list-of-bc-local-governments,https://www.google.com/search?q=Cedar+British+Columbia+official+municipal+website,https://www.hellobc.com/search/?query=Cedar,Victoria Intl A,https://climate.weather.gc.ca/historical_data/search_historic_data_e.html?searchType=stnName&timeframe=1&txtStationName=Cedar&searchMethod=contains&province=BC&provBut=Search,https://climate.weather.gc.ca/climate_normals/results_1981_2010_e.html?searchType=stnName&txtStationName=Cedar&searchMethod=contains&province=BC&provBut=Search,https://climate.weather.gc.ca/climate_normals/results_1991_2020_e.html?searchType=stnName&txtStationName=Cedar&searchMethod=contains&province=BC&provBut=Search,https://weather.gc.ca/warnings/index_e.html?prov=bc,,
52,Vancouver Island & Gulf Islands,Central Saanich,central-saanich,https://www12.statcan.gc.ca/census-recensement/2021/dp-pd/prof/search/search.cfm?Lang=E&SearchText=Central+Saanich%20British%20Columbia,https://www2.gov.bc.ca/gov/content/data/statistics/people-population-community,https://www2.gov.bc.ca/gov/content/governments/local-governments/facts-framework/systems/list-of-bc-local-governments,https://www.google.com/search?q=Central+Saanich+British+Columbia+official+municipal+website,https://www.hellobc.com/search/?query=Central+Saanich,Victoria Intl A,https://climate.weather.gc.ca/historical_data/search_historic_data_e.html?searchType=stnName&timeframe=1&txtStationName=Central+Saanich&searchMethod=contains&province=BC&provBut=Search,https://climate.weather.gc.ca/climate_normals/results_1981_2010_e.html?searchType=stnName&txtStationName=Central+Saanich&searchMethod=contains&province=BC&provBut=Search,https://climate.weather.gc.ca/climate_normals/results_1991_2020_e.html?searchType=stnName&txtStationName=Central+Saanich&searchMethod=contains&province=BC&provBut=Search,https://weather.gc.ca/warnings/index_e.html?prov=bc,,
53,Vancouver Island & Gulf Islands,Chemainus,chemainus,https://www12.statcan.gc.ca/census-recensement/2021/dp-pd/prof/search/search.cfm?Lang=E&SearchText=Chemainus%20British%20Columbia,https://www2.gov.bc.ca/gov/content/data/statistics/people-population-community,https://www2.gov.bc.ca/gov/content/governments/local-governments/facts-framework/systems/list-of-bc-local-governments,https://www.google.com/search?q=Chemainus+British+Columbia+official+municipal+website,https://www.hellobc.com/search/?query=Chemainus,Nanaimo A,https://climate.weather.gc.ca/historical_data/search_historic_data_e.html?searchType=stnName&timeframe=1&txtStationName=Chemainus&searchMethod=contains&province=BC&provBut=Search,https://climate.weather.gc.ca/climate_normals/results_1981_2010_e.html?searchType=stnName&txtStationName=Chemainus&searchMethod=contains&province=BC&provBut=Search,https://climate.weather.gc.ca/climate_normals/results_1991_2020_e.html?searchType=stnName&txtStationName=Chemainus&searchMethod=contains&province=BC&provBut=Search,https://weather.gc.ca/warnings/index_e.html?prov=bc,,
54,Vancouver Island & Gulf Islands,Cobble Hill,cobble-hill,https://www12.statcan.gc.ca/census-recensement/2021/dp-pd/prof/search/search.cfm?Lang=E&SearchText=Cobble+Hill%20British%20Columbia,https://www2.gov.bc.ca/gov/content/data/statistics/people-population-community,https://www2.gov.bc.ca/gov/content/governments/local-governments/facts-framework/systems/list-of-bc-local-governments,https://www.google.com/search?q=Cobble+Hill+British+Columbia+official+municipal+website,https://www.hellobc.com/search/?query=Cobble+Hill,Nanaimo A,https://climate.weather.gc.ca/historical_data/search_historic_data_e.html?searchType=stnName&timeframe=1&txtStationName=Cobble+Hill&searchMethod=contains&province=BC&provBut=Search,https://climate.weather.gc.ca/climate_normals/results_1981_2010_e.html?searchType=stnName&txtStationName=Cobble+Hill&searchMethod=contains&province=BC&provBut=Search,https://climate.weather.gc.ca/climate_normals/results_1991_2020_e.html?searchType=stnName&txtStationName=Cobble+Hill&searchMethod=contains&province=BC&provBut=Search,https://weather.gc.ca/warnings/index_e.html?prov=bc,,
55,Vancouver Island & Gulf Islands,Colwood,colwood,https://www12.statcan.gc.ca/census-recensement/2021/dp-pd/prof/search/search.cfm?Lang=E&SearchText=Colwood%20British%20Columbia,https://www2.gov.bc.ca/gov/content/data/statistics/people-population-community,https://www2.gov.bc.ca/gov/content/governments/local-governments/facts-framework/systems/list-of-bc-local-governments,https://www.google.com/search?q=Colwood+British+Columbia+official+municipal+website,https://www.hellobc.com/search/?query=Colwood,Victoria Intl A,https://climate.weather.gc.ca/historical_data/search_historic_data_e.html?searchType=stnName&timeframe=1&txtStationName=Colwood&searchMethod=contains&province=BC&provBut=Search,https://climate.weather.gc.ca/climate_normals/results_1981_2010_e.html?searchType=stnName&txtStationName=Colwood&searchMethod=contains&province=BC&provBut=Search,https://climate.weather.gc.ca/climate_normals/results_1991_2020_e.html?searchType=stnName&txtStationName=Colwood&searchMethod=contains&province=BC&provBut=Search,https://weather.gc.ca/warnings/index_e.html?prov=bc,,
56,Vancouver Island & Gulf Islands,Comox,comox,https://www12.statcan.gc.ca/census-recensement/2021/dp-pd/prof/search/search.cfm?Lang=E&SearchText=Comox%20British%20Columbia,https://www2.gov.bc.ca/gov/content/data/statistics/people-population-community,https://www2.gov.bc.ca/gov/content/governments/local-governments/facts-framework/systems/list-of-bc-local-governments,https://www.google.com/search?q=Comox+British+Columbia+official+municipal+website,https://www.hellobc.com/search/?query=Comox,Comox A,https://climate.weather.gc.ca/historical_data/search_historic_data_e.html?searchType=stnName&timeframe=1&txtStationName=Comox&searchMethod=contains&province=BC&provBut=Search,https://climate.weather.gc.ca/climate_normals/results_1981_2010_e.html?searchType=stnName&txtStationName=Comox&searchMethod=contains&province=BC&provBut=Search,https://climate.weather.gc.ca/climate_normals/results_1991_2020_e.html?searchType=stnName&txtStationName=Comox&searchMethod=contains&province=BC&provBut=Search,https://weather.gc.ca/warnings/index_e.html?prov=bc,,
57,Vancouver Island & Gulf Islands,Coombs,coombs,https://www12.statcan.gc.ca/census-recensement/2021/dp-pd/prof/search/search.cfm?Lang=E&SearchText=Coombs%20British%20Columbia,https://www2.gov.bc.ca/gov/content/data/statistics/people-population-community,https://www2.gov.bc.ca/gov/content/governments/local-governments/facts-framework/systems/list-of-bc-local-governments,https://www.google.com/search?q=Coombs+British+Columbia+official+municipal+website,https://www.hellobc.com/search/?query=Coombs,Nanaimo A,https://climate.weather.gc.ca/historical_data/search_historic_data_e.html?searchType=stnName&timeframe=1&txtStationName=Coombs&searchMethod=contains&province=BC&provBut=Search,https://climate.weather.gc.ca/climate_normals/results_1981_2010_e.html?searchType=stnName&txtStationName=Coombs&searchMethod=contains&province=BC&provBut=Search,https://climate.weather.gc.ca/climate_normals/results_1991_2020_e.html?searchType=stnName&txtStationName=Coombs&searchMethod=contains&province=BC&provBut=Search,https://weather.gc.ca/warnings/index_e.html?prov=bc,,
58,Vancouver Island & Gulf Islands,Courtenay,courtenay,https://www12.statcan.gc.ca/census-recensement/2021/dp-pd/prof/search/search.cfm?Lang=E&SearchText=Courtenay%20British%20Columbia,https://www2.gov.bc.ca/gov/content/data/statistics/people-population-community,https://www2.gov.bc.ca/gov/content/governments/local-governments/facts-framework/systems/list-of-bc-local-governments,https://www.google.com/search?q=Courtenay+British+Columbia+official+municipal+website,https://www.hellobc.com/search/?query=Courtenay,Comox A,https://climate.weather.gc.ca/historical_data/search_historic_data_e.html?searchType=stnName&timeframe=1&txtStationName=Courtenay&searchMethod=contains&province=BC&provBut=Search,https://climate.weather.gc.ca/climate_normals/results_1981_2010_e.html?searchType=stnName&txtStationName=Courtenay&searchMethod=contains&province=BC&provBut=Search,https://climate.weather.gc.ca/climate_normals/results_1991_2020_e.html?searchType=stnName&txtStationName=Courtenay&searchMethod=contains&province=BC&provBut=Search,https://weather.gc.ca/warnings/index_e.html?prov=bc,,
59,Vancouver Island & Gulf Islands,Crofton,crofton,https://www12.statcan.gc.ca/census-recensement/2021/dp-pd/prof/search/search.cfm?Lang=E&SearchText=Crofton%20British%20Columbia,https://www2.gov.bc.ca/gov/content/data/statistics/people-population-community,https://www2.gov.bc.ca/gov/content/governments/local-governments/facts-framework/systems/list-of-bc-local-governments,https://www.google.com/search?q=Crofton+British+Columbia+official+municipal+website,https://www.hellobc.com/search/?query=Crofton,Nanaimo A,https://climate.weather.gc.ca/historical_data/search_historic_data_e.html?searchType=stnName&timeframe=1&txtStationName=Crofton&searchMethod=contains&province=BC&provBut=Search,https://climate.weather.gc.ca/climate_normals/results_1981_2010_e.html?searchType=stnName&txtStationName=Crofton&searchMethod=contains&province=BC&provBut=Search,https://climate.weather.gc.ca/climate_normals/results_1991_2020_e.html?searchType=stnName&txtStationName=Crofton&searchMethod=contains&province=BC&provBut=Search,https://weather.gc.ca/warnings/index_e.html?prov=bc,,
60,Vancouver Island & Gulf Islands,Cumberland,cumberland,https://www12.statcan.gc.ca/census-recensement/2021/dp-pd/prof/search/search.cfm?Lang=E&SearchText=Cumberland%20British%20Columbia,https://www2.gov.bc.ca/gov/content/data/statistics/people-population-community,https://www2.gov.bc.ca/gov/content/governments/local-governments/facts-framework/systems/list-of-bc-local-governments,https://www.google.com/search?q=Cumberland+British+Columbia+official+municipal+website,https://www.hellobc.com/search/?query=Cumberland,Comox A,https://climate.weather.gc.ca/historical_data/search_historic_data_e.html?searchType=stnName&timeframe=1&txtStationName=Cumberland&searchMethod=contains&province=BC&provBut=Search,https://climate.weather.gc.ca/climate_normals/results_1981_2010_e.html?searchType=stnName&txtStationName=Cumberland&searchMethod=contains&province=BC&provBut=Search,https://climate.weather.gc.ca/climate_normals/results_1991_2020_e.html?searchType=stnName&txtStationName=Cumberland&searchMethod=contains&province=BC&provBut=Search,https://weather.gc.ca/warnings/index_e.html?prov=bc,,
61,Vancouver Island & Gulf Islands,Duncan,duncan,https://www12.statcan.gc.ca/census-recensement/2021/dp-pd/prof/search/search.cfm?Lang=E&SearchText=Duncan%20British%20Columbia,https://www2.gov.bc.ca/gov/content/data/statistics/people-population-community,https://www2.gov.bc.ca/gov/content/governments/local-governments/facts-framework/systems/list-of-bc-local-governments,https://www.google.com/search?q=Duncan+British+Columbia+official+municipal+website,https://www.hellobc.com/search/?query=Duncan,Nanaimo A,https://climate.weather.gc.ca/historical_data/search_historic_data_e.html?searchType=stnName&timeframe=1&txtStationName=Duncan&searchMethod=contains&province=BC&provBut=Search,https://climate.weather.gc.ca/climate_normals/results_1981_2010_e.html?searchType=stnName&txtStationName=Duncan&searchMethod=contains&province=BC&provBut=Search,https://climate.weather.gc.ca/climate_normals/results_1991_2020_e.html?searchType=stnName&txtStationName=Duncan&searchMethod=contains&province=BC&provBut=Search,https://weather.gc.ca/warnings/index_e.html?prov=bc,,
62,Vancouver Island & Gulf Islands,East Sooke,east-sooke,https://www12.statcan.gc.ca/census-recensement/2021/dp-pd/prof/search/search.cfm?Lang=E&SearchText=East+Sooke%20British%20Columbia,https://www2.gov.bc.ca/gov/content/data/statistics/people-population-community,https://www2.gov.bc.ca/gov/content/governments/local-governments/facts-framework/systems/list-of-bc-local-governments,https://www.google.com/search?q=East+Sooke+British+Columbia+official+municipal+website,https://www.hellobc.com/search/?query=East+Sooke,Victoria Intl A,https://climate.weather.gc.ca/historical_data/search_historic_data_e.html?searchType=stnName&timeframe=1&txtStationName=East+Sooke&searchMethod=contains&province=BC&provBut=Search,https://climate.weather.gc.ca/climate_normals/results_1981_2010_e.html?searchType=stnName&txtStationName=East+Sooke&searchMethod=contains&province=BC&provBut=Search,https://climate.weather.gc.ca/climate_normals/results_1991_2020_e.html?searchType=stnName&txtStationName=East+Sooke&searchMethod=contains&province=BC&provBut=Search,https://weather.gc.ca/warnings/index_e.html?prov=bc,,
63,Vancouver Island & Gulf Islands,Echo Bay,echo-bay,https://www12.statcan.gc.ca/census-recensement/2021/dp-pd/prof/search/search.cfm?Lang=E&SearchText=Echo+Bay%20British%20Columbia,https://www2.gov.bc.ca/gov/content/data/statistics/people-population-community,https://www2.gov.bc.ca/gov/content/governments/local-governments/facts-framework/systems/list-of-bc-local-governments,https://www.google.com/search?q=Echo+Bay+British+Columbia+official+municipal+website,https://www.hellobc.com/search/?query=Echo+Bay,Victoria Intl A,https://climate.weather.gc.ca/historical_data/search_historic_data_e.html?searchType=stnName&timeframe=1&txtStationName=Echo+Bay&searchMethod=contains&province=BC&provBut=Search,https://climate.weather.gc.ca/climate_normals/results_1981_2010_e.html?searchType=stnName&txtStationName=Echo+Bay&searchMethod=contains&province=BC&provBut=Search,https://climate.weather.gc.ca/climate_normals/results_1991_2020_e.html?searchType=stnName&txtStationName=Echo+Bay&searchMethod=contains&province=BC&provBut=Search,https://weather.gc.ca/warnings/index_e.html?prov=bc,,
64,Vancouver Island & Gulf Islands,Errington,errington,https://www12.statcan.gc.ca/census-recensement/2021/dp-pd/prof/search/search.cfm?Lang=E&SearchText=Errington%20British%20Columbia,https://www2.gov.bc.ca/gov/content/data/statistics/people-population-community,https://www2.gov.bc.ca/gov/content/governments/local-governments/facts-framework/systems/list-of-bc-local-governments,https://www.google.com/search?q=Errington+British+Columbia+official+municipal+website,https://www.hellobc.com/search/?query=Errington,Nanaimo A,https://climate.weather.gc.ca/historical_data/search_historic_data_e.html?searchType=stnName&timeframe=1&txtStationName=Errington&searchMethod=contains&province=BC&provBut=Search,https://climate.weather.gc.ca/climate_normals/results_1981_2010_e.html?searchType=stnName&txtStationName=Errington&searchMethod=contains&province=BC&provBut=Search,https://climate.weather.gc.ca/climate_normals/results_1991_2020_e.html?searchType=stnName&txtStationName=Errington&searchMethod=contains&province=BC&provBut=Search,https://weather.gc.ca/warnings/index_e.html?prov=bc,,
65,Vancouver Island & Gulf Islands,Esquimalt,esquimalt,https://www12.statcan.gc.ca/census-recensement/2021/dp-pd/prof/search/search.cfm?Lang=E&SearchText=Esquimalt%20British%20Columbia,https://www2.gov.bc.ca/gov/content/data/statistics/people-population-community,https://www2.gov.bc.ca/gov/content/governments/local-governments/facts-framework/systems/list-of-bc-local-governments,https://www.google.com/search?q=Esquimalt+British+Columbia+official+municipal+website,https://www.hellobc.com/search/?query=Esquimalt,Victoria Intl A,https://climate.weather.gc.ca/historical_data/search_historic_data_e.html?searchType=stnName&timeframe=1&txtStationName=Esquimalt&searchMethod=contains&province=BC&provBut=Search,https://climate.weather.gc.ca/climate_normals/results_1981_2010_e.html?searchType=stnName&txtStationName=Esquimalt&searchMethod=contains&province=BC&provBut=Search,https://climate.weather.gc.ca/climate_normals/results_1991_2020_e.html?searchType=stnName&txtStationName=Esquimalt&searchMethod=contains&province=BC&provBut=Search,https://weather.gc.ca/warnings/index_e.html?prov=bc,,
66,Vancouver Island & Gulf Islands,Ganges,ganges,https://www12.statcan.gc.ca/census-recensement/2021/dp-pd/prof/search/search.cfm?Lang=E&SearchText=Ganges%20British%20Columbia,https://www2.gov.bc.ca/gov/content/data/statistics/people-population-community,https://www2.gov.bc.ca/gov/content/governments/local-governments/facts-framework/systems/list-of-bc-local-governments,https://www.google.com/search?q=Ganges+British+Columbia+official+municipal+website,https://www.hellobc.com/search/?query=Ganges,Victoria Intl A,https://climate.weather.gc.ca/historical_data/search_historic_data_e.html?searchType=stnName&timeframe=1&txtStationName=Ganges&searchMethod=contains&province=BC&provBut=Search,https://climate.weather.gc.ca/climate_normals/results_1981_2010_e.html?searchType=stnName&txtStationName=Ganges&searchMethod=contains&province=BC&provBut=Search,https://climate.weather.gc.ca/climate_normals/results_1991_2020_e.html?searchType=stnName&txtStationName=Ganges&searchMethod=contains&province=BC&provBut=Search,https://weather.gc.ca/warnings/index_e.html?prov=bc,,
67,Vancouver Island & Gulf Islands,Gold River,gold-river,https://www12.statcan.gc.ca/census-recensement/2021/dp-pd/prof/search/search.cfm?Lang=E&SearchText=Gold+River%20British%20Columbia,https://www2.gov.bc.ca/gov/content/data/statistics/people-population-community,https://www2.gov.bc.ca/gov/content/governments/local-governments/facts-framework/systems/list-of-bc-local-governments,https://www.google.com/search?q=Gold+River+British+Columbia+official+municipal+website,https://www.hellobc.com/search/?query=Gold+River,Campbell River A,https://climate.weather.gc.ca/historical_data/search_historic_data_e.html?searchType=stnName&timeframe=1&txtStationName=Gold+River&searchMethod=contains&province=BC&provBut=Search,https://climate.weather.gc.ca/climate_normals/results_1981_2010_e.html?searchType=stnName&txtStationName=Gold+River&searchMethod=contains&province=BC&provBut=Search,https://climate.weather.gc.ca/climate_normals/results_1991_2020_e.html?searchType=stnName&txtStationName=Gold+River&searchMethod=contains&province=BC&provBut=Search,https://weather.gc.ca/warnings/index_e.html?prov=bc,,
68,Vancouver Island & Gulf Islands,Heriot Bay,heriot-bay,https://www12.statcan.gc.ca/census-recensement/2021/dp-pd/prof/search/search.cfm?Lang=E&SearchText=Heriot+Bay%20British%20Columbia,https://www2.gov.bc.ca/gov/content/data/statistics/people-population-community,https://www2.gov.bc.ca/gov/content/governments/local-governments/facts-framework/systems/list-of-bc-local-governments,https://www.google.com/search?q=Heriot+Bay+British+Columbia+official+municipal+website,https://www.hellobc.com/search/?query=Heriot+Bay,Victoria Intl A,https://climate.weather.gc.ca/historical_data/search_historic_data_e.html?searchType=stnName&timeframe=1&txtStationName=Heriot+Bay&searchMethod=contains&province=BC&provBut=Search,https://climate.weather.gc.ca/climate_normals/results_1981_2010_e.html?searchType=stnName&txtStationName=Heriot+Bay&searchMethod=contains&province=BC&provBut=Search,https://climate.weather.gc.ca/climate_normals/results_1991_2020_e.html?searchType=stnName&txtStationName=Heriot+Bay&searchMethod=contains&province=BC&provBut=Search,https://weather.gc.ca/warnings/index_e.html?prov=bc,,
69,Vancouver Island & Gulf Islands,Highlands,highlands,https://www12.statcan.gc.ca/census-recensement/2021/dp-pd/prof/search/search.cfm?Lang=E&SearchText=Highlands%20British%20Columbia,https://www2.gov.bc.ca/gov/content/data/statistics/people-population-community,https://www2.gov.bc.ca/gov/content/governments/local-governments/facts-framework/systems/list-of-bc-local-governments,https://www.google.com/search?q=Highlands+British+Columbia+official+municipal+website,https://www.hellobc.com/search/?query=Highlands,Victoria Intl A,https://climate.weather.gc.ca/historical_data/search_historic_data_e.html?searchType=stnName&timeframe=1&txtStationName=Highlands&searchMethod=contains&province=BC&provBut=Search,https://climate.weather.gc.ca/climate_normals/results_1981_2010_e.html?searchType=stnName&txtStationName=Highlands&searchMethod=contains&province=BC&provBut=Search,https://climate.weather.gc.ca/climate_normals/results_1991_2020_e.html?searchType=stnName&txtStationName=Highlands&searchMethod=contains&province=BC&provBut=Search,https://weather.gc.ca/warnings/index_e.html?prov=bc,,
70,Vancouver Island & Gulf Islands,Ladysmith,ladysmith,https://www12.statcan.gc.ca/census-recensement/2021/dp-pd/prof/search/search.cfm?Lang=E&SearchText=Ladysmith%20British%20Columbia,https://www2.gov.bc.ca/gov/content/data/statistics/people-population-community,https://www2.gov.bc.ca/gov/content/governments/local-governments/facts-framework/systems/list-of-bc-local-governments,https://www.google.com/search?q=Ladysmith+British+Columbia+official+municipal+website,https://www.hellobc.com/search/?query=Ladysmith,Nanaimo A,https://climate.weather.gc.ca/historical_data/search_historic_data_e.html?searchType=stnName&timeframe=1&txtStationName=Ladysmith&searchMethod=contains&province=BC&provBut=Search,https://climate.weather.gc.ca/climate_normals/results_1981_2010_e.html?searchType=stnName&txtStationName=Ladysmith&searchMethod=contains&province=BC&provBut=Search,https://climate.weather.gc.ca/climate_normals/results_1991_2020_e.html?searchType=stnName&txtStationName=Ladysmith&searchMethod=contains&province=BC&provBut=Search,https://weather.gc.ca/warnings/index_e.html?prov=bc,,
71,Vancouver Island & Gulf Islands,Lake Cowichan,lake-cowichan,https://www12.statcan.gc.ca/census-recensement/2021/dp-pd/prof/search/search.cfm?Lang=E&SearchText=Lake+Cowichan%20British%20Columbia,https://www2.gov.bc.ca/gov/content/data/statistics/people-population-community,https://www2.gov.bc.ca/gov/content/governments/local-governments/facts-framework/systems/list-of-bc-local-governments,https://www.google.com/search?q=Lake+Cowichan+British+Columbia+official+municipal+website,https://www.hellobc.com/search/?query=Lake+Cowichan,Nanaimo A,https://climate.weather.gc.ca/historical_data/search_historic_data_e.html?searchType=stnName&timeframe=1&txtStationName=Lake+Cowichan&searchMethod=contains&province=BC&provBut=Search,https://climate.weather.gc.ca/climate_normals/results_1981_2010_e.html?searchType=stnName&txtStationName=Lake+Cowichan&searchMethod=contains&province=BC&provBut=Search,https://climate.weather.gc.ca/climate_normals/results_1991_2020_e.html?searchType=stnName&txtStationName=Lake+Cowichan&searchMethod=contains&province=BC&provBut=Search,https://weather.gc.ca/warnings/index_e.html?prov=bc,,
72,Vancouver Island & Gulf Islands,Langford,langford,https://www12.statcan.gc.ca/census-recensement/2021/dp-pd/prof/search/search.cfm?Lang=E&SearchText=Langford%20British%20Columbia,https://www2.gov.bc.ca/gov/content/data/statistics/people-population-community,https://www2.gov.bc.ca/gov/content/governments/local-governments/facts-framework/systems/list-of-bc-local-governments,https://www.google.com/search?q=Langford+British+Columbia+official+municipal+website,https://www.hellobc.com/search/?query=Langford,Victoria Intl A,https://climate.weather.gc.ca/historical_data/search_historic_data_e.html?searchType=stnName&timeframe=1&txtStationName=Langford&searchMethod=contains&province=BC&provBut=Search,https://climate.weather.gc.ca/climate_normals/results_1981_2010_e.html?searchType=stnName&txtStationName=Langford&searchMethod=contains&province=BC&provBut=Search,https://climate.weather.gc.ca/climate_normals/results_1991_2020_e.html?searchType=stnName&txtStationName=Langford&searchMethod=contains&province=BC&provBut=Search,https://weather.gc.ca/warnings/index_e.html?prov=bc,,
73,Vancouver Island & Gulf Islands,Lantzville,lantzville,https://www12.statcan.gc.ca/census-recensement/2021/dp-pd/prof/search/search.cfm?Lang=E&SearchText=Lantzville%20British%20Columbia,https://www2.gov.bc.ca/gov/content/data/statistics/people-population-community,https://www2.gov.bc.ca/gov/content/governments/local-governments/facts-framework/systems/list-of-bc-local-governments,https://www.google.com/search?q=Lantzville+British+Columbia+official+municipal+website,https://www.hellobc.com/search/?query=Lantzville,Nanaimo A,https://climate.weather.gc.ca/historical_data/search_historic_data_e.html?searchType=stnName&timeframe=1&txtStationName=Lantzville&searchMethod=contains&province=BC&provBut=Search,https://climate.weather.gc.ca/climate_normals/results_1981_2010_e.html?searchType=stnName&txtStationName=Lantzville&searchMethod=contains&province=BC&provBut=Search,https://climate.weather.gc.ca/climate_normals/results_1991_2020_e.html?searchType=stnName&txtStationName=Lantzville&searchMethod=contains&province=BC&provBut=Search,https://weather.gc.ca/warnings/index_e.html?prov=bc,,
74,Vancouver Island & Gulf Islands,Metchosin,metchosin,https://www12.statcan.gc.ca/census-recensement/2021/dp-pd/prof/search/search.cfm?Lang=E&SearchText=Metchosin%20British%20Columbia,https://www2.gov.bc.ca/gov/content/data/statistics/people-population-community,https://www2.gov.bc.ca/gov/content/governments/local-governments/facts-framework/systems/list-of-bc-local-governments,https://www.google.com/search?q=Metchosin+British+Columbia+official+municipal+website,https://www.hellobc.com/search/?query=Metchosin,Victoria Intl A,https://climate.weather.gc.ca/historical_data/search_historic_data_e.html?searchType=stnName&timeframe=1&txtStationName=Metchosin&searchMethod=contains&province=BC&provBut=Search,https://climate.weather.gc.ca/climate_normals/results_1981_2010_e.html?searchType=stnName&txtStationName=Metchosin&searchMethod=contains&province=BC&provBut=Search,https://climate.weather.gc.ca/climate_normals/results_1991_2020_e.html?searchType=stnName&txtStationName=Metchosin&searchMethod=contains&province=BC&provBut=Search,https://weather.gc.ca/warnings/index_e.html?prov=bc,,
75,Vancouver Island & Gulf Islands,Nanaimo,nanaimo,https://www12.statcan.gc.ca/census-recensement/2021/dp-pd/prof/search/search.cfm?Lang=E&SearchText=Nanaimo%20British%20Columbia,https://www2.gov.bc.ca/gov/content/data/statistics/people-population-community,https://www2.gov.bc.ca/gov/content/governments/local-governments/facts-framework/systems/list-of-bc-local-governments,https://www.google.com/search?q=Nanaimo+British+Columbia+official+municipal+website,https://www.hellobc.com/search/?query=Nanaimo,Nanaimo A,https://climate.weather.gc.ca/historical_data/search_historic_data_e.html?searchType=stnName&timeframe=1&txtStationName=Nanaimo&searchMethod=contains&province=BC&provBut=Search,https://climate.weather.gc.ca/climate_normals/results_1981_2010_e.html?searchType=stnName&txtStationName=Nanaimo&searchMethod=contains&province=BC&provBut=Search,https://climate.weather.gc.ca/climate_normals/results_1991_2020_e.html?searchType=stnName&txtStationName=Nanaimo&searchMethod=contains&province=BC&provBut=Search,https://weather.gc.ca/warnings/index_e.html?prov=bc,,
76,Vancouver Island & Gulf Islands,Nanoose Bay,nanoose-bay,https://www12.statcan.gc.ca/census-recensement/2021/dp-pd/prof/search/search.cfm?Lang=E&SearchText=Nanoose+Bay%20British%20Columbia,https://www2.gov.bc.ca/gov/content/data/statistics/people-population-community,https://www2.gov.bc.ca/gov/content/governments/local-governments/facts-framework/systems/list-of-bc-local-governments,https://www.google.com/search?q=Nanoose+Bay+British+Columbia+official+municipal+website,https://www.hellobc.com/search/?query=Nanoose+Bay,Victoria Intl A,https://climate.weather.gc.ca/historical_data/search_historic_data_e.html?searchType=stnName&timeframe=1&txtStationName=Nanoose+Bay&searchMethod=contains&province=BC&provBut=Search,https://climate.weather.gc.ca/climate_normals/results_1981_2010_e.html?searchType=stnName&txtStationName=Nanoose+Bay&searchMethod=contains&province=BC&provBut=Search,https://climate.weather.gc.ca/climate_normals/results_1991_2020_e.html?searchType=stnName&txtStationName=Nanoose+Bay&searchMethod=contains&province=BC&provBut=Search,https://weather.gc.ca/warnings/index_e.html?prov=bc,,
77,Vancouver Island & Gulf Islands,North Cowichan,north-cowichan,https://www12.statcan.gc.ca/census-recensement/2021/dp-pd/prof/search/search.cfm?Lang=E&SearchText=North+Cowichan%20British%20Columbia,https://www2.gov.bc.ca/gov/content/data/statistics/people-population-community,https://www2.gov.bc.ca/gov/content/governments/local-governments/facts-framework/systems/list-of-bc-local-governments,https://www.google.com/search?q=North+Cowichan+British+Columbia+official+municipal+website,https://www.hellobc.com/search/?query=North+Cowichan,Nanaimo A,https://climate.weather.gc.ca/historical_data/search_historic_data_e.html?searchType=stnName&timeframe=1&txtStationName=North+Cowichan&searchMethod=contains&province=BC&provBut=Search,https://climate.weather.gc.ca/climate_normals/results_1981_2010_e.html?searchType=stnName&txtStationName=North+Cowichan&searchMethod=contains&province=BC&provBut=Search,https://climate.weather.gc.ca/climate_normals/results_1991_2020_e.html?searchType=stnName&txtStationName=North+Cowichan&searchMethod=contains&province=BC&provBut=Search,https://weather.gc.ca/warnings/index_e.html?prov=bc,,
78,Vancouver Island & Gulf Islands,North Saanich,north-saanich,https://www12.statcan.gc.ca/census-recensement/2021/dp-pd/prof/search/search.cfm?Lang=E&SearchText=North+Saanich%20British%20Columbia,https://www2.gov.bc.ca/gov/content/data/statistics/people-population-community,https://www2.gov.bc.ca/gov/content/governments/local-governments/facts-framework/systems/list-of-bc-local-governments,https://www.google.com/search?q=North+Saanich+British+Columbia+official+municipal+website,https://www.hellobc.com/search/?query=North+Saanich,Victoria Intl A,https://climate.weather.gc.ca/historical_data/search_historic_data_e.html?searchType=stnName&timeframe=1&txtStationName=North+Saanich&searchMethod=contains&province=BC&provBut=Search,https://climate.weather.gc.ca/climate_normals/results_1981_2010_e.html?searchType=stnName&txtStationName=North+Saanich&searchMethod=contains&province=BC&provBut=Search,https://climate.weather.gc.ca/climate_normals/results_1991_2020_e.html?searchType=stnName&txtStationName=North+Saanich&searchMethod=contains&province=BC&provBut=Search,https://weather.gc.ca/warnings/index_e.html?prov=bc,,
79,Vancouver Island & Gulf Islands,Oak Bay,oak-bay,https://www12.statcan.gc.ca/census-recensement/2021/dp-pd/prof/search/search.cfm?Lang=E&SearchText=Oak+Bay%20British%20Columbia,https://www2.gov.bc.ca/gov/content/data/statistics/people-population-community,https://www2.gov.bc.ca/gov/content/governments/local-governments/facts-framework/systems/list-of-bc-local-governments,https://www.google.com/search?q=Oak+Bay+British+Columbia+official+municipal+website,https://www.hellobc.com/search/?query=Oak+Bay,Victoria Intl A,https://climate.weather.gc.ca/historical_data/search_historic_data_e.html?searchType=stnName&timeframe=1&txtStationName=Oak+Bay&searchMethod=contains&province=BC&provBut=Search,https://climate.weather.gc.ca/climate_normals/results_1981_2010_e.html?searchType=stnName&txtStationName=Oak+Bay&searchMethod=contains&province=BC&provBut=Search,https://climate.weather.gc.ca/climate_normals/results_1991_2020_e.html?searchType=stnName&txtStationName=Oak+Bay&searchMethod=contains&province=BC&provBut=Search,https://weather.gc.ca/warnings/index_e.html?prov=bc,,
80,Vancouver Island & Gulf Islands,Parksville,parksville,https://www12.statcan.gc.ca/census-recensement/2021/dp-pd/prof/search/search.cfm?Lang=E&SearchText=Parksville%20British%20Columbia,https://www2.gov.bc.ca/gov/content/data/statistics/people-population-community,https://www2.gov.bc.ca/gov/content/governments/local-governments/facts-framework/systems/list-of-bc-local-governments,https://www.google.com/search?q=Parksville+British+Columbia+official+municipal+website,https://www.hellobc.com/search/?query=Parksville,Nanaimo A,https://climate.weather.gc.ca/historical_data/search_historic_data_e.html?searchType=stnName&timeframe=1&txtStationName=Parksville&searchMethod=contains&province=BC&provBut=Search,https://climate.weather.gc.ca/climate_normals/results_1981_2010_e.html?searchType=stnName&txtStationName=Parksville&searchMethod=contains&province=BC&provBut=Search,https://climate.weather.gc.ca/climate_normals/results_1991_2020_e.html?searchType=stnName&txtStationName=Parksville&searchMethod=contains&province=BC&provBut=Search,https://weather.gc.ca/warnings/index_e.html?prov=bc,,
81,Vancouver Island & Gulf Islands,Port Alberni,port-alberni,https://www12.statcan.gc.ca/census-recensement/2021/dp-pd/prof/search/search.cfm?Lang=E&SearchText=Port+Alberni%20British%20Columbia,https://www2.gov.bc.ca/gov/content/data/statistics/people-population-community,https://www2.gov.bc.ca/gov/content/governments/local-governments/facts-framework/systems/list-of-bc-local-governments,https://www.google.com/search?q=Port+Alberni+British+Columbia+official+municipal+website,https://www.hellobc.com/search/?query=Port+Alberni,Tofino A,https://climate.weather.gc.ca/historical_data/search_historic_data_e.html?searchType=stnName&timeframe=1&txtStationName=Port+Alberni&searchMethod=contains&province=BC&provBut=Search,https://climate.weather.gc.ca/climate_normals/results_1981_2010_e.html?searchType=stnName&txtStationName=Port+Alberni&searchMethod=contains&province=BC&provBut=Search,https://climate.weather.gc.ca/climate_normals/results_1991_2020_e.html?searchType=stnName&txtStationName=Port+Alberni&searchMethod=contains&province=BC&provBut=Search,https://weather.gc.ca/warnings/index_e.html?prov=bc,,
82,Vancouver Island & Gulf Islands,Port Alice,port-alice,https://www12.statcan.gc.ca/census-recensement/2021/dp-pd/prof/search/search.cfm?Lang=E&SearchText=Port+Alice%20British%20Columbia,https://www2.gov.bc.ca/gov/content/data/statistics/people-population-community,https://www2.gov.bc.ca/gov/content/governments/local-governments/facts-framework/systems/list-of-bc-local-governments,https://www.google.com/search?q=Port+Alice+British+Columbia+official+municipal+website,https://www.hellobc.com/search/?query=Port+Alice,Port Hardy A,https://climate.weather.gc.ca/historical_data/search_historic_data_e.html?searchType=stnName&timeframe=1&txtStationName=Port+Alice&searchMethod=contains&province=BC&provBut=Search,https://climate.weather.gc.ca/climate_normals/results_1981_2010_e.html?searchType=stnName&txtStationName=Port+Alice&searchMethod=contains&province=BC&provBut=Search,https://climate.weather.gc.ca/climate_normals/results_1991_2020_e.html?searchType=stnName&txtStationName=Port+Alice&searchMethod=contains&province=BC&provBut=Search,https://weather.gc.ca/warnings/index_e.html?prov=bc,,
83,Vancouver Island & Gulf Islands,Port Hardy,port-hardy,https://www12.statcan.gc.ca/census-recensement/2021/dp-pd/prof/search/search.cfm?Lang=E&SearchText=Port+Hardy%20British%20Columbia,https://www2.gov.bc.ca/gov/content/data/statistics/people-population-community,https://www2.gov.bc.ca/gov/content/governments/local-governments/facts-framework/systems/list-of-bc-local-governments,https://www.google.com/search?q=Port+Hardy+British+Columbia+official+municipal+website,https://www.hellobc.com/search/?query=Port+Hardy,Port Hardy A,https://climate.weather.gc.ca/historical_data/search_historic_data_e.html?searchType=stnName&timeframe=1&txtStationName=Port+Hardy&searchMethod=contains&province=BC&provBut=Search,https://climate.weather.gc.ca/climate_normals/results_1981_2010_e.html?searchType=stnName&txtStationName=Port+Hardy&searchMethod=contains&province=BC&provBut=Search,https://climate.weather.gc.ca/climate_normals/results_1991_2020_e.html?searchType=stnName&txtStationName=Port+Hardy&searchMethod=contains&province=BC&provBut=Search,https://weather.gc.ca/warnings/index_e.html?prov=bc,,
84,Vancouver Island & Gulf Islands,Port McNeill,port-mcneill,https://www12.statcan.gc.ca/census-recensement/2021/dp-pd/prof/search/search.cfm?Lang=E&SearchText=Port+McNeill%20British%20Columbia,https://www2.gov.bc.ca/gov/content/data/statistics/people-population-community,https://www2.gov.bc.ca/gov/content/governments/local-governments/facts-framework/systems/list-of-bc-local-governments,https://www.google.com/search?q=Port+McNeill+British+Columbia+official+municipal+website,https://www.hellobc.com/search/?query=Port+McNeill,Port Hardy A,https://climate.weather.gc.ca/historical_data/search_historic_data_e.html?searchType=stnName&timeframe=1&txtStationName=Port+McNeill&searchMethod=contains&province=BC&provBut=Search,https://climate.weather.gc.ca/climate_normals/results_1981_2010_e.html?searchType=stnName&txtStationName=Port+McNeill&searchMethod=contains&province=BC&provBut=Search,https://climate.weather.gc.ca/climate_normals/results_1991_2020_e.html?searchType=stnName&txtStationName=Port+McNeill&searchMethod=contains&province=BC&provBut=Search,https://weather.gc.ca/warnings/index_e.html?prov=bc,,
85,Vancouver Island & Gulf Islands,Qualicum Beach,qualicum-beach,https://www12.statcan.gc.ca/census-recensement/2021/dp-pd/prof/search/search.cfm?Lang=E&SearchText=Qualicum+Beach%20British%20Columbia,https://www2.gov.bc.ca/gov/content/data/statistics/people-population-community,https://www2.gov.bc.ca/gov/content/governments/local-governments/facts-framework/systems/list-of-bc-local-governments,https://www.google.com/search?q=Qualicum+Beach+British+Columbia+official+municipal+website,https://www.hellobc.com/search/?query=Qualicum+Beach,Nanaimo A,https://climate.weather.gc.ca/historical_data/search_historic_data_e.html?searchType=stnName&timeframe=1&txtStationName=Qualicum+Beach&searchMethod=contains&province=BC&provBut=Search,https://climate.weather.gc.ca/climate_normals/results_1981_2010_e.html?searchType=stnName&txtStationName=Qualicum+Beach&searchMethod=contains&province=BC&provBut=Search,https://climate.weather.gc.ca/climate_normals/results_1991_2020_e.html?searchType=stnName&txtStationName=Qualicum+Beach&searchMethod=contains&province=BC&provBut=Search,https://weather.gc.ca/warnings/index_e.html?prov=bc,,
86,Vancouver Island & Gulf Islands,Saanich,saanich,https://www12.statcan.gc.ca/census-recensement/2021/dp-pd/prof/search/search.cfm?Lang=E&SearchText=Saanich%20British%20Columbia,https://www2.gov.bc.ca/gov/content/data/statistics/people-population-community,https://www2.gov.bc.ca/gov/content/governments/local-governments/facts-framework/systems/list-of-bc-local-governments,https://www.google.com/search?q=Saanich+British+Columbia+official+municipal+website,https://www.hellobc.com/search/?query=Saanich,Victoria Intl A,https://climate.weather.gc.ca/historical_data/search_historic_data_e.html?searchType=stnName&timeframe=1&txtStationName=Saanich&searchMethod=contains&province=BC&provBut=Search,https://climate.weather.gc.ca/climate_normals/results_1981_2010_e.html?searchType=stnName&txtStationName=Saanich&searchMethod=contains&province=BC&provBut=Search,https://climate.weather.gc.ca/climate_normals/results_1991_2020_e.html?searchType=stnName&txtStationName=Saanich&searchMethod=contains&province=BC&provBut=Search,https://weather.gc.ca/warnings/index_e.html?prov=bc,,
87,Vancouver Island & Gulf Islands,Sayward,sayward,https://www12.statcan.gc.ca/census-recensement/2021/dp-pd/prof/search/search.cfm?Lang=E&SearchText=Sayward%20British%20Columbia,https://www2.gov.bc.ca/gov/content/data/statistics/people-population-community,https://www2.gov.bc.ca/gov/content/governments/local-governments/facts-framework/systems/list-of-bc-local-governments,https://www.google.com/search?q=Sayward+British+Columbia+official+municipal+website,https://www.hellobc.com/search/?query=Sayward,Campbell River A,https://climate.weather.gc.ca/historical_data/search_historic_data_e.html?searchType=stnName&timeframe=1&txtStationName=Sayward&searchMethod=contains&province=BC&provBut=Search,https://climate.weather.gc.ca/climate_normals/results_1981_2010_e.html?searchType=stnName&txtStationName=Sayward&searchMethod=contains&province=BC&provBut=Search,https://climate.weather.gc.ca/climate_normals/results_1991_2020_e.html?searchType=stnName&txtStationName=Sayward&searchMethod=contains&province=BC&provBut=Search,https://weather.gc.ca/warnings/index_e.html?prov=bc,,
88,Vancouver Island & Gulf Islands,Sidney,sidney,https://www12.statcan.gc.ca/census-recensement/2021/dp-pd/prof/search/search.cfm?Lang=E&SearchText=Sidney%20British%20Columbia,https://www2.gov.bc.ca/gov/content/data/statistics/people-population-community,https://www2.gov.bc.ca/gov/content/governments/local-governments/facts-framework/systems/list-of-bc-local-governments,https://www.google.com/search?q=Sidney+British+Columbia+official+municipal+website,https://www.hellobc.com/search/?query=Sidney,Victoria Intl A,https://climate.weather.gc.ca/historical_data/search_historic_data_e.html?searchType=stnName&timeframe=1&txtStationName=Sidney&searchMethod=contains&province=BC&provBut=Search,https://climate.weather.gc.ca/climate_normals/results_1981_2010_e.html?searchType=stnName&txtStationName=Sidney&searchMethod=contains&province=BC&provBut=Search,https://climate.weather.gc.ca/climate_normals/results_1991_2020_e.html?searchType=stnName&txtStationName=Sidney&searchMethod=contains&province=BC&provBut=Search,https://weather.gc.ca/warnings/index_e.html?prov=bc,,
89,Vancouver Island & Gulf Islands,Sooke,sooke,https://www12.statcan.gc.ca/census-recensement/2021/dp-pd/prof/search/search.cfm?Lang=E&SearchText=Sooke%20British%20Columbia,https://www2.gov.bc.ca/gov/content/data/statistics/people-population-community,https://www2.gov.bc.ca/gov/content/governments/local-governments/facts-framework/systems/list-of-bc-local-governments,https://www.google.com/search?q=Sooke+British+Columbia+official+municipal+website,https://www.hellobc.com/search/?query=Sooke,Victoria Intl A,https://climate.weather.gc.ca/historical_data/search_historic_data_e.html?searchType=stnName&timeframe=1&txtStationName=Sooke&searchMethod=contains&province=BC&provBut=Search,https://climate.weather.gc.ca/climate_normals/results_1981_2010_e.html?searchType=stnName&txtStationName=Sooke&searchMethod=contains&province=BC&provBut=Search,https://climate.weather.gc.ca/climate_normals/results_1991_2020_e.html?searchType=stnName&txtStationName=Sooke&searchMethod=contains&province=BC&provBut=Search,https://weather.gc.ca/warnings/index_e.html?prov=bc,,
90,Vancouver Island & Gulf Islands,Tahsis,tahsis,https://www12.statcan.gc.ca/census-recensement/2021/dp-pd/prof/search/search.cfm?Lang=E&SearchText=Tahsis%20British%20Columbia,https://www2.gov.bc.ca/gov/content/data/statistics/people-population-community,https://www2.gov.bc.ca/gov/content/governments/local-governments/facts-framework/systems/list-of-bc-local-governments,https://www.google.com/search?q=Tahsis+British+Columbia+official+municipal+website,https://www.hellobc.com/search/?query=Tahsis,Campbell River A,https://climate.weather.gc.ca/historical_data/search_historic_data_e.html?searchType=stnName&timeframe=1&txtStationName=Tahsis&searchMethod=contains&province=BC&provBut=Search,https://climate.weather.gc.ca/climate_normals/results_1981_2010_e.html?searchType=stnName&txtStationName=Tahsis&searchMethod=contains&province=BC&provBut=Search,https://climate.weather.gc.ca/climate_normals/results_1991_2020_e.html?searchType=stnName&txtStationName=Tahsis&searchMethod=contains&province=BC&provBut=Search,https://weather.gc.ca/warnings/index_e.html?prov=bc,,
91,Vancouver Island & Gulf Islands,Telegraph Cove,telegraph-cove,https://www12.statcan.gc.ca/census-recensement/2021/dp-pd/prof/search/search.cfm?Lang=E&SearchText=Telegraph+Cove%20British%20Columbia,https://www2.gov.bc.ca/gov/content/data/statistics/people-population-community,https://www2.gov.bc.ca/gov/content/governments/local-governments/facts-framework/systems/list-of-bc-local-governments,https://www.google.com/search?q=Telegraph+Cove+British+Columbia+official+municipal+website,https://www.hellobc.com/search/?query=Telegraph+Cove,Victoria Intl A,https://climate.weather.gc.ca/historical_data/search_historic_data_e.html?searchType=stnName&timeframe=1&txtStationName=Telegraph+Cove&searchMethod=contains&province=BC&provBut=Search,https://climate.weather.gc.ca/climate_normals/results_1981_2010_e.html?searchType=stnName&txtStationName=Telegraph+Cove&searchMethod=contains&province=BC&provBut=Search,https://climate.weather.gc.ca/climate_normals/results_1991_2020_e.html?searchType=stnName&txtStationName=Telegraph+Cove&searchMethod=contains&province=BC&provBut=Search,https://weather.gc.ca/warnings/index_e.html?prov=bc,,
92,Vancouver Island & Gulf Islands,Tofino,tofino,https://www12.statcan.gc.ca/census-recensement/2021/dp-pd/prof/search/search.cfm?Lang=E&SearchText=Tofino%20British%20Columbia,https://www2.gov.bc.ca/gov/content/data/statistics/people-population-community,https://www2.gov.bc.ca/gov/content/governments/local-governments/facts-framework/systems/list-of-bc-local-governments,https://www.google.com/search?q=Tofino+British+Columbia+official+municipal+website,https://www.hellobc.com/search/?query=Tofino,Tofino A,https://climate.weather.gc.ca/historical_data/search_historic_data_e.html?searchType=stnName&timeframe=1&txtStationName=Tofino&searchMethod=contains&province=BC&provBut=Search,https://climate.weather.gc.ca/climate_normals/results_1981_2010_e.html?searchType=stnName&txtStationName=Tofino&searchMethod=contains&province=BC&provBut=Search,https://climate.weather.gc.ca/climate_normals/results_1991_2020_e.html?searchType=stnName&txtStationName=Tofino&searchMethod=contains&province=BC&provBut=Search,https://weather.gc.ca/warnings/index_e.html?prov=bc,,
93,Vancouver Island & Gulf Islands,Ucluelet,ucluelet,https://www12.statcan.gc.ca/census-recensement/2021/dp-pd/prof/search/search.cfm?Lang=E&SearchText=Ucluelet%20British%20Columbia,https://www2.gov.bc.ca/gov/content/data/statistics/people-population-community,https://www2.gov.bc.ca/gov/content/governments/local-governments/facts-framework/systems/list-of-bc-local-governments,https://www.google.com/search?q=Ucluelet+British+Columbia+official+municipal+website,https://www.hellobc.com/search/?query=Ucluelet,Tofino A,https://climate.weather.gc.ca/historical_data/search_historic_data_e.html?searchType=stnName&timeframe=1&txtStationName=Ucluelet&searchMethod=contains&province=BC&provBut=Search,https://climate.weather.gc.ca/climate_normals/results_1981_2010_e.html?searchType=stnName&txtStationName=Ucluelet&searchMethod=contains&province=BC&provBut=Search,https://climate.weather.gc.ca/climate_normals/results_1991_2020_e.html?searchType=stnName&txtStationName=Ucluelet&searchMethod=contains&province=BC&provBut=Search,https://weather.gc.ca/warnings/index_e.html?prov=bc,,
94,Vancouver Island & Gulf Islands,Union Bay,union-bay,https://www12.statcan.gc.ca/census-recensement/2021/dp-pd/prof/search/search.cfm?Lang=E&SearchText=Union+Bay%20British%20Columbia,https://www2.gov.bc.ca/gov/content/data/statistics/people-population-community,https://www2.gov.bc.ca/gov/content/governments/local-governments/facts-framework/systems/list-of-bc-local-governments,https://www.google.com/search?q=Union+Bay+British+Columbia+official+municipal+website,https://www.hellobc.com/search/?query=Union+Bay,Comox A,https://climate.weather.gc.ca/historical_data/search_historic_data_e.html?searchType=stnName&timeframe=1&txtStationName=Union+Bay&searchMethod=contains&province=BC&provBut=Search,https://climate.weather.gc.ca/climate_normals/results_1981_2010_e.html?searchType=stnName&txtStationName=Union+Bay&searchMethod=contains&province=BC&provBut=Search,https://climate.weather.gc.ca/climate_normals/results_1991_2020_e.html?searchType=stnName&txtStationName=Union+Bay&searchMethod=contains&province=BC&provBut=Search,https://weather.gc.ca/warnings/index_e.html?prov=bc,,
95,Vancouver Island & Gulf Islands,Victoria,victoria,https://www12.statcan.gc.ca/census-recensement/2021/dp-pd/prof/search/search.cfm?Lang=E&SearchText=Victoria%20British%20Columbia,https://www2.gov.bc.ca/gov/content/data/statistics/people-population-community,https://www2.gov.bc.ca/gov/content/governments/local-governments/facts-framework/systems/list-of-bc-local-governments,https://www.google.com/search?q=Victoria+British+Columbia+official+municipal+website,https://www.hellobc.com/search/?query=Victoria,Victoria Intl A,https://climate.weather.gc.ca/historical_data/search_historic_data_e.html?searchType=stnName&timeframe=1&txtStationName=Victoria&searchMethod=contains&province=BC&provBut=Search,https://climate.weather.gc.ca/climate_normals/results_1981_2010_e.html?searchType=stnName&txtStationName=Victoria&searchMethod=contains&province=BC&provBut=Search,https://climate.weather.gc.ca/climate_normals/results_1991_2020_e.html?searchType=stnName&txtStationName=Victoria&searchMethod=contains&province=BC&provBut=Search,https://weather.gc.ca/warnings/index_e.html?prov=bc,,
96,Vancouver Island & Gulf Islands,View Royal,view-royal,https://www12.statcan.gc.ca/census-recensement/2021/dp-pd/prof/search/search.cfm?Lang=E&SearchText=View+Royal%20British%20Columbia,https://www2.gov.bc.ca/gov/content/data/statistics/people-population-community,https://www2.gov.bc.ca/gov/content/governments/local-governments/facts-framework/systems/list-of-bc-local-governments,https://www.google.com/search?q=View+Royal+British+Columbia+official+municipal+website,https://www.hellobc.com/search/?query=View+Royal,Victoria Intl A,https://climate.weather.gc.ca/historical_data/search_historic_data_e.html?searchType=stnName&timeframe=1&txtStationName=View+Royal&searchMethod=contains&province=BC&provBut=Search,https://climate.weather.gc.ca/climate_normals/results_1981_2010_e.html?searchType=stnName&txtStationName=View+Royal&searchMethod=contains&province=BC&provBut=Search,https://climate.weather.gc.ca/climate_normals/results_1991_2020_e.html?searchType=stnName&txtStationName=View+Royal&searchMethod=contains&province=BC&provBut=Search,https://weather.gc.ca/warnings/index_e.html?prov=bc,,
97,Vancouver Island & Gulf Islands,Winter Harbour,winter-harbour,https://www12.statcan.gc.ca/census-recensement/2021/dp-pd/prof/search/search.cfm?Lang=E&SearchText=Winter+Harbour%20British%20Columbia,https://www2.gov.bc.ca/gov/content/data/statistics/people-population-community,https://www2.gov.bc.ca/gov/content/governments/local-governments/facts-framework/systems/list-of-bc-local-governments,https://www.google.com/search?q=Winter+Harbour+British+Columbia+official+municipal+website,https://www.hellobc.com/search/?query=Winter+Harbour,Port Hardy A,https://climate.weather.gc.ca/historical_data/search_historic_data_e.html?searchType=stnName&timeframe=1&txtStationName=Winter+Harbour&searchMethod=contains&province=BC&provBut=Search,https://climate.weather.gc.ca/climate_normals/results_1981_2010_e.html?searchType=stnName&txtStationName=Winter+Harbour&searchMethod=contains&province=BC&provBut=Search,https://climate.weather.gc.ca/climate_normals/results_1991_2020_e.html?searchType=stnName&txtStationName=Winter+Harbour&searchMethod=contains&province=BC&provBut=Search,https://weather.gc.ca/warnings/index_e.html?prov=bc,,
98,Vancouver Island & Gulf Islands,Zeballos,zeballos,https://www12.statcan.gc.ca/census-recensement/2021/dp-pd/prof/search/search.cfm?Lang=E&SearchText=Zeballos%20British%20Columbia,https://www2.gov.bc.ca/gov/content/data/statistics/people-population-community,https://www2.gov.bc.ca/gov/content/governments/local-governments/facts-framework/systems/list-of-bc-local-governments,https://www.google.com/search?q=Zeballos+British+Columbia+official+municipal+website,https://www.hellobc.com/search/?query=Zeballos,Campbell River A,https://climate.weather.gc.ca/historical_data/search_historic_data_e.html?searchType=stnName&timeframe=1&txtStationName=Zeballos&searchMethod=contains&province=BC&provBut=Search,https://climate.weather.gc.ca/climate_normals/results_1981_2010_e.html?searchType=stnName&txtStationName=Zeballos&searchMethod=contains&province=BC&provBut=Search,https://climate.weather.gc.ca/climate_normals/results_1991_2020_e.html?searchType=stnName&txtStationName=Zeballos&searchMethod=contains&province=BC&provBut=Search,https://weather.gc.ca/warnings/index_e.html?prov=bc,,
99,Haida Gwaii,Daajing Giids,daajing-giids,https://www12.statcan.gc.ca/census-recensement/2021/dp-pd/prof/search/search.cfm?Lang=E&SearchText=Daajing+Giids%20British%20Columbia,https://www2.gov.bc.ca/gov/content/data/statistics/people-population-community,https://www2.gov.bc.ca/gov/content/governments/local-governments/facts-framework/systems/list-of-bc-local-governments,https://www.google.com/search?q=Daajing+Giids+British+Columbia+official+municipal+website,https://www.hellobc.com/search/?query=Daajing+Giids,Sandspit A,https://climate.weather.gc.ca/historical_data/search_historic_data_e.html?searchType=stnName&timeframe=1&txtStationName=Daajing+Giids&searchMethod=contains&province=BC&provBut=Search,https://climate.weather.gc.ca/climate_normals/results_1981_2010_e.html?searchType=stnName&txtStationName=Daajing+Giids&searchMethod=contains&province=BC&provBut=Search,https://climate.weather.gc.ca/climate_normals/results_1991_2020_e.html?searchType=stnName&txtStationName=Daajing+Giids&searchMethod=contains&province=BC&provBut=Search,https://weather.gc.ca/warnings/index_e.html?prov=bc,,
100,Haida Gwaii,Masset,masset,https://www12.statcan.gc.ca/census-recensement/2021/dp-pd/prof/search/search.cfm?Lang=E&SearchText=Masset%20British%20Columbia,https://www2.gov.bc.ca/gov/content/data/statistics/people-population-community,https://www2.gov.bc.ca/gov/content/governments/local-governments/facts-framework/systems/list-of-bc-local-governments,https://www.google.com/search?q=Masset+British+Columbia+official+municipal+website,https://www.hellobc.com/search/?query=Masset,Sandspit A,https://climate.weather.gc.ca/historical_data/search_historic_data_e.html?searchType=stnName&timeframe=1&txtStationName=Masset&searchMethod=contains&province=BC&provBut=Search,https://climate.weather.gc.ca/climate_normals/results_1981_2010_e.html?searchType=stnName&txtStationName=Masset&searchMethod=contains&province=BC&provBut=Search,https://climate.weather.gc.ca/climate_normals/results_1991_2020_e.html?searchType=stnName&txtStationName=Masset&searchMethod=contains&province=BC&provBut=Search,https://weather.gc.ca/warnings/index_e.html?prov=bc,,
101,Haida Gwaii,Port Clements,port-clements,https://www12.statcan.gc.ca/census-recensement/2021/dp-pd/prof/search/search.cfm?Lang=E&SearchText=Port+Clements%20British%20Columbia,https://www2.gov.bc.ca/gov/content/data/statistics/people-population-community,https://www2.gov.bc.ca/gov/content/governments/local-governments/facts-framework/systems/list-of-bc-local-governments,https://www.google.com/search?q=Port+Clements+British+Columbia+official+municipal+website,https://www.hellobc.com/search/?query=Port+Clements,Sandspit A,https://climate.weather.gc.ca/historical_data/search_historic_data_e.html?searchType=stnName&timeframe=1&txtStationName=Port+Clements&searchMethod=contains&province=BC&provBut=Search,https://climate.weather.gc.ca/climate_normals/results_1981_2010_e.html?searchType=stnName&txtStationName=Port+Clements&searchMethod=contains&province=BC&provBut=Search,https://climate.weather.gc.ca/climate_normals/results_1991_2020_e.html?searchType=stnName&txtStationName=Port+Clements&searchMethod=contains&province=BC&provBut=Search,https://weather.gc.ca/warnings/index_e.html?prov=bc,,
102,Haida Gwaii,Sandspit,sandspit,https://www12.statcan.gc.ca/census-recensement/2021/dp-pd/prof/search/search.cfm?Lang=E&SearchText=Sandspit%20British%20Columbia,https://www2.gov.bc.ca/gov/content/data/statistics/people-population-community,https://www2.gov.bc.ca/gov/content/governments/local-governments/facts-framework/systems/list-of-bc-local-governments,https://www.google.com/search?q=Sandspit+British+Columbia+official+municipal+website,https://www.hellobc.com/search/?query=Sandspit,Sandspit A,https://climate.weather.gc.ca/historical_data/search_historic_data_e.html?searchType=stnName&timeframe=1&txtStationName=Sandspit&searchMethod=contains&province=BC&provBut=Search,https://climate.weather.gc.ca/climate_normals/results_1981_2010_e.html?searchType=stnName&txtStationName=Sandspit&searchMethod=contains&province=BC&provBut=Search,https://climate.weather.gc.ca/climate_normals/results_1991_2020_e.html?searchType=stnName&txtStationName=Sandspit&searchMethod=contains&province=BC&provBut=Search,https://weather.gc.ca/warnings/index_e.html?prov=bc,,
103,Central Coast,Atnarko,atnarko,https://www12.statcan.gc.ca/census-recensement/2021/dp-pd/prof/search/search.cfm?Lang=E&SearchText=Atnarko%20British%20Columbia,https://www2.gov.bc.ca/gov/content/data/statistics/people-population-community,https://www2.gov.bc.ca/gov/content/governments/local-governments/facts-framework/systems/list-of-bc-local-governments,https://www.google.com/search?q=Atnarko+British+Columbia+official+municipal+website,https://www.hellobc.com/search/?query=Atnarko,Bella Coola A,https://climate.weather.gc.ca/historical_data/search_historic_data_e.html?searchType=stnName&timeframe=1&txtStationName=Atnarko&searchMethod=contains&province=BC&provBut=Search,https://climate.weather.gc.ca/climate_normals/results_1981_2010_e.html?searchType=stnName&txtStationName=Atnarko&searchMethod=contains&province=BC&provBut=Search,https://climate.weather.gc.ca/climate_normals/results_1991_2020_e.html?searchType=stnName&txtStationName=Atnarko&searchMethod=contains&province=BC&provBut=Search,https://weather.gc.ca/warnings/index_e.html?prov=bc,,
104,Central Coast,Bella Bella,bella-bella,https://www12.statcan.gc.ca/census-recensement/2021/dp-pd/prof/search/search.cfm?Lang=E&SearchText=Bella+Bella%20British%20Columbia,https://www2.gov.bc.ca/gov/content/data/statistics/people-population-community,https://www2.gov.bc.ca/gov/content/governments/local-governments/facts-framework/systems/list-of-bc-local-governments,https://www.google.com/search?q=Bella+Bella+British+Columbia+official+municipal+website,https://www.hellobc.com/search/?query=Bella+Bella,Bella Coola A,https://climate.weather.gc.ca/historical_data/search_historic_data_e.html?searchType=stnName&timeframe=1&txtStationName=Bella+Bella&searchMethod=contains&province=BC&provBut=Search,https://climate.weather.gc.ca/climate_normals/results_1981_2010_e.html?searchType=stnName&txtStationName=Bella+Bella&searchMethod=contains&province=BC&provBut=Search,https://climate.weather.gc.ca/climate_normals/results_1991_2020_e.html?searchType=stnName&txtStationName=Bella+Bella&searchMethod=contains&province=BC&provBut=Search,https://weather.gc.ca/warnings/index_e.html?prov=bc,,
105,Central Coast,Bella Coola,bella-coola,https://www12.statcan.gc.ca/census-recensement/2021/dp-pd/prof/search/search.cfm?Lang=E&SearchText=Bella+Coola%20British%20Columbia,https://www2.gov.bc.ca/gov/content/data/statistics/people-population-community,https://www2.gov.bc.ca/gov/content/governments/local-governments/facts-framework/systems/list-of-bc-local-governments,https://www.google.com/search?q=Bella+Coola+British+Columbia+official+municipal+website,https://www.hellobc.com/search/?query=Bella+Coola,Bella Coola A,https://climate.weather.gc.ca/historical_data/search_historic_data_e.html?searchType=stnName&timeframe=1&txtStationName=Bella+Coola&searchMethod=contains&province=BC&provBut=Search,https://climate.weather.gc.ca/climate_normals/results_1981_2010_e.html?searchType=stnName&txtStationName=Bella+Coola&searchMethod=contains&province=BC&provBut=Search,https://climate.weather.gc.ca/climate_normals/results_1991_2020_e.html?searchType=stnName&txtStationName=Bella+Coola&searchMethod=contains&province=BC&provBut=Search,https://weather.gc.ca/warnings/index_e.html?prov=bc,,
106,Central Coast,Hagensborg,hagensborg,https://www12.statcan.gc.ca/census-recensement/2021/dp-pd/prof/search/search.cfm?Lang=E&SearchText=Hagensborg%20British%20Columbia,https://www2.gov.bc.ca/gov/content/data/statistics/people-population-community,https://www2.gov.bc.ca/gov/content/governments/local-governments/facts-framework/systems/list-of-bc-local-governments,https://www.google.com/search?q=Hagensborg+British+Columbia+official+municipal+website,https://www.hellobc.com/search/?query=Hagensborg,Bella Coola A,https://climate.weather.gc.ca/historical_data/search_historic_data_e.html?searchType=stnName&timeframe=1&txtStationName=Hagensborg&searchMethod=contains&province=BC&provBut=Search,https://climate.weather.gc.ca/climate_normals/results_1981_2010_e.html?searchType=stnName&txtStationName=Hagensborg&searchMethod=contains&province=BC&provBut=Search,https://climate.weather.gc.ca/climate_normals/results_1991_2020_e.html?searchType=stnName&txtStationName=Hagensborg&searchMethod=contains&province=BC&provBut=Search,https://weather.gc.ca/warnings/index_e.html?prov=bc,,
107,Central Coast,Namu,namu,https://www12.statcan.gc.ca/census-recensement/2021/dp-pd/prof/search/search.cfm?Lang=E&SearchText=Namu%20British%20Columbia,https://www2.gov.bc.ca/gov/content/data/statistics/people-population-community,https://www2.gov.bc.ca/gov/content/governments/local-governments/facts-framework/systems/list-of-bc-local-governments,https://www.google.com/search?q=Namu+British+Columbia+official+municipal+website,https://www.hellobc.com/search/?query=Namu,Bella Coola A,https://climate.weather.gc.ca/historical_data/search_historic_data_e.html?searchType=stnName&timeframe=1&txtStationName=Namu&searchMethod=contains&province=BC&provBut=Search,https://climate.weather.gc.ca/climate_normals/results_1981_2010_e.html?searchType=stnName&txtStationName=Namu&searchMethod=contains&province=BC&provBut=Search,https://climate.weather.gc.ca/climate_normals/results_1991_2020_e.html?searchType=stnName&txtStationName=Namu&searchMethod=contains&province=BC&provBut=Search,https://weather.gc.ca/warnings/index_e.html?prov=bc,,
108,Northern BC,Atlin,atlin,https://www12.statcan.gc.ca/census-recensement/2021/dp-pd/prof/search/search.cfm?Lang=E&SearchText=Atlin%20British%20Columbia,https://www2.gov.bc.ca/gov/content/data/statistics/people-population-community,https://www2.gov.bc.ca/gov/content/governments/local-governments/facts-framework/systems/list-of-bc-local-governments,https://www.google.com/search?q=Atlin+British+Columbia+official+municipal+website,https://www.hellobc.com/search/?query=Atlin,Atlin,https://climate.weather.gc.ca/historical_data/search_historic_data_e.html?searchType=stnName&timeframe=1&txtStationName=Atlin&searchMethod=contains&province=BC&provBut=Search,https://climate.weather.gc.ca/climate_normals/results_1981_2010_e.html?searchType=stnName&txtStationName=Atlin&searchMethod=contains&province=BC&provBut=Search,https://climate.weather.gc.ca/climate_normals/results_1991_2020_e.html?searchType=stnName&txtStationName=Atlin&searchMethod=contains&province=BC&provBut=Search,https://weather.gc.ca/warnings/index_e.html?prov=bc,,
109,Northern BC,Burns Lake,burns-lake,https://www12.statcan.gc.ca/census-recensement/2021/dp-pd/prof/search/search.cfm?Lang=E&SearchText=Burns+Lake%20British%20Columbia,https://www2.gov.bc.ca/gov/content/data/statistics/people-population-community,https://www2.gov.bc.ca/gov/content/governments/local-governments/facts-framework/systems/list-of-bc-local-governments,https://www.google.com/search?q=Burns+Lake+British+Columbia+official+municipal+website,https://www.hellobc.com/search/?query=Burns+Lake,Smithers A,https://climate.weather.gc.ca/historical_data/search_historic_data_e.html?searchType=stnName&timeframe=1&txtStationName=Burns+Lake&searchMethod=contains&province=BC&provBut=Search,https://climate.weather.gc.ca/climate_normals/results_1981_2010_e.html?searchType=stnName&txtStationName=Burns+Lake&searchMethod=contains&province=BC&provBut=Search,https://climate.weather.gc.ca/climate_normals/results_1991_2020_e.html?searchType=stnName&txtStationName=Burns+Lake&searchMethod=contains&province=BC&provBut=Search,https://weather.gc.ca/warnings/index_e.html?prov=bc,,
110,Northern BC,Chetwynd,chetwynd,https://www12.statcan.gc.ca/census-recensement/2021/dp-pd/prof/search/search.cfm?Lang=E&SearchText=Chetwynd%20British%20Columbia,https://www2.gov.bc.ca/gov/content/data/statistics/people-population-community,https://www2.gov.bc.ca/gov/content/governments/local-governments/facts-framework/systems/list-of-bc-local-governments,https://www.google.com/search?q=Chetwynd+British+Columbia+official+municipal+website,https://www.hellobc.com/search/?query=Chetwynd,Dawson Creek A,https://climate.weather.gc.ca/historical_data/search_historic_data_e.html?searchType=stnName&timeframe=1&txtStationName=Chetwynd&searchMethod=contains&province=BC&provBut=Search,https://climate.weather.gc.ca/climate_normals/results_1981_2010_e.html?searchType=stnName&txtStationName=Chetwynd&searchMethod=contains&province=BC&provBut=Search,https://climate.weather.gc.ca/climate_normals/results_1991_2020_e.html?searchType=stnName&txtStationName=Chetwynd&searchMethod=contains&province=BC&provBut=Search,https://weather.gc.ca/warnings/index_e.html?prov=bc,,
111,Northern BC,Dawson Creek,dawson-creek,https://www12.statcan.gc.ca/census-recensement/2021/dp-pd/prof/search/search.cfm?Lang=E&SearchText=Dawson+Creek%20British%20Columbia,https://www2.gov.bc.ca/gov/content/data/statistics/people-population-community,https://www2.gov.bc.ca/gov/content/governments/local-governments/facts-framework/systems/list-of-bc-local-governments,https://www.google.com/search?q=Dawson+Creek+British+Columbia+official+municipal+website,https://www.hellobc.com/search/?query=Dawson+Creek,Dawson Creek A,https://climate.weather.gc.ca/historical_data/search_historic_data_e.html?searchType=stnName&timeframe=1&txtStationName=Dawson+Creek&searchMethod=contains&province=BC&provBut=Search,https://climate.weather.gc.ca/climate_normals/results_1981_2010_e.html?searchType=stnName&txtStationName=Dawson+Creek&searchMethod=contains&province=BC&provBut=Search,https://climate.weather.gc.ca/climate_normals/results_1991_2020_e.html?searchType=stnName&txtStationName=Dawson+Creek&searchMethod=contains&province=BC&provBut=Search,https://weather.gc.ca/warnings/index_e.html?prov=bc,,
112,Northern BC,Fort Fraser,fort-fraser,https://www12.statcan.gc.ca/census-recensement/2021/dp-pd/prof/search/search.cfm?Lang=E&SearchText=Fort+Fraser%20British%20Columbia,https://www2.gov.bc.ca/gov/content/data/statistics/people-population-community,https://www2.gov.bc.ca/gov/content/governments/local-governments/facts-framework/systems/list-of-bc-local-governments,https://www.google.com/search?q=Fort+Fraser+British+Columbia+official+municipal+website,https://www.hellobc.com/search/?query=Fort+Fraser,Prince George A,https://climate.weather.gc.ca/historical_data/search_historic_data_e.html?searchType=stnName&timeframe=1&txtStationName=Fort+Fraser&searchMethod=contains&province=BC&provBut=Search,https://climate.weather.gc.ca/climate_normals/results_1981_2010_e.html?searchType=stnName&txtStationName=Fort+Fraser&searchMethod=contains&province=BC&provBut=Search,https://climate.weather.gc.ca/climate_normals/results_1991_2020_e.html?searchType=stnName&txtStationName=Fort+Fraser&searchMethod=contains&province=BC&provBut=Search,https://weather.gc.ca/warnings/index_e.html?prov=bc,,
113,Northern BC,Fort Nelson,fort-nelson,https://www12.statcan.gc.ca/census-recensement/2021/dp-pd/prof/search/search.cfm?Lang=E&SearchText=Fort+Nelson%20British%20Columbia,https://www2.gov.bc.ca/gov/content/data/statistics/people-population-community,https://www2.gov.bc.ca/gov/content/governments/local-governments/facts-framework/systems/list-of-bc-local-governments,https://www.google.com/search?q=Fort+Nelson+British+Columbia+official+municipal+website,https://www.hellobc.com/search/?query=Fort+Nelson,Fort Nelson A,https://climate.weather.gc.ca/historical_data/search_historic_data_e.html?searchType=stnName&timeframe=1&txtStationName=Fort+Nelson&searchMethod=contains&province=BC&provBut=Search,https://climate.weather.gc.ca/climate_normals/results_1981_2010_e.html?searchType=stnName&txtStationName=Fort+Nelson&searchMethod=contains&province=BC&provBut=Search,https://climate.weather.gc.ca/climate_normals/results_1991_2020_e.html?searchType=stnName&txtStationName=Fort+Nelson&searchMethod=contains&province=BC&provBut=Search,https://weather.gc.ca/warnings/index_e.html?prov=bc,,
114,Northern BC,Fort St. James,fort-st-james,https://www12.statcan.gc.ca/census-recensement/2021/dp-pd/prof/search/search.cfm?Lang=E&SearchText=Fort+St.+James%20British%20Columbia,https://www2.gov.bc.ca/gov/content/data/statistics/people-population-community,https://www2.gov.bc.ca/gov/content/governments/local-governments/facts-framework/systems/list-of-bc-local-governments,https://www.google.com/search?q=Fort+St.+James+British+Columbia+official+municipal+website,https://www.hellobc.com/search/?query=Fort+St.+James,Prince George A,https://climate.weather.gc.ca/historical_data/search_historic_data_e.html?searchType=stnName&timeframe=1&txtStationName=Fort+St.+James&searchMethod=contains&province=BC&provBut=Search,https://climate.weather.gc.ca/climate_normals/results_1981_2010_e.html?searchType=stnName&txtStationName=Fort+St.+James&searchMethod=contains&province=BC&provBut=Search,https://climate.weather.gc.ca/climate_normals/results_1991_2020_e.html?searchType=stnName&txtStationName=Fort+St.+James&searchMethod=contains&province=BC&provBut=Search,https://weather.gc.ca/warnings/index_e.html?prov=bc,,
115,Northern BC,Fort St. John,fort-st-john,https://www12.statcan.gc.ca/census-recensement/2021/dp-pd/prof/search/search.cfm?Lang=E&SearchText=Fort+St.+John%20British%20Columbia,https://www2.gov.bc.ca/gov/content/data/statistics/people-population-community,https://www2.gov.bc.ca/gov/content/governments/local-governments/facts-framework/systems/list-of-bc-local-governments,https://www.google.com/search?q=Fort+St.+John+British+Columbia+official+municipal+website,https://www.hellobc.com/search/?query=Fort+St.+John,Prince George A,https://climate.weather.gc.ca/historical_data/search_historic_data_e.html?searchType=stnName&timeframe=1&txtStationName=Fort+St.+John&searchMethod=contains&province=BC&provBut=Search,https://climate.weather.gc.ca/climate_normals/results_1981_2010_e.html?searchType=stnName&txtStationName=Fort+St.+John&searchMethod=contains&province=BC&provBut=Search,https://climate.weather.gc.ca/climate_normals/results_1991_2020_e.html?searchType=stnName&txtStationName=Fort+St.+John&searchMethod=contains&province=BC&provBut=Search,https://weather.gc.ca/warnings/index_e.html?prov=bc,,
116,Northern BC,Fraser,fraser,https://www12.statcan.gc.ca/census-recensement/2021/dp-pd/prof/search/search.cfm?Lang=E&SearchText=Fraser%20British%20Columbia,https://www2.gov.bc.ca/gov/content/data/statistics/people-population-community,https://www2.gov.bc.ca/gov/content/governments/local-governments/facts-framework/systems/list-of-bc-local-governments,https://www.google.com/search?q=Fraser+British+Columbia+official+municipal+website,https://www.hellobc.com/search/?query=Fraser,Prince George A,https://climate.weather.gc.ca/historical_data/search_historic_data_e.html?searchType=stnName&timeframe=1&txtStationName=Fraser&searchMethod=contains&province=BC&provBut=Search,https://climate.weather.gc.ca/climate_normals/results_1981_2010_e.html?searchType=stnName&txtStationName=Fraser&searchMethod=contains&province=BC&provBut=Search,https://climate.weather.gc.ca/climate_normals/results_1991_2020_e.html?searchType=stnName&txtStationName=Fraser&searchMethod=contains&province=BC&provBut=Search,https://weather.gc.ca/warnings/index_e.html?prov=bc,,
117,Northern BC,Fraser Lake,fraser-lake,https://www12.statcan.gc.ca/census-recensement/2021/dp-pd/prof/search/search.cfm?Lang=E&SearchText=Fraser+Lake%20British%20Columbia,https://www2.gov.bc.ca/gov/content/data/statistics/people-population-community,https://www2.gov.bc.ca/gov/content/governments/local-governments/facts-framework/systems/list-of-bc-local-governments,https://www.google.com/search?q=Fraser+Lake+British+Columbia+official+municipal+website,https://www.hellobc.com/search/?query=Fraser+Lake,Fort St James,https://climate.weather.gc.ca/historical_data/search_historic_data_e.html?searchType=stnName&timeframe=1&txtStationName=Fraser+Lake&searchMethod=contains&province=BC&provBut=Search,https://climate.weather.gc.ca/climate_normals/results_1981_2010_e.html?searchType=stnName&txtStationName=Fraser+Lake&searchMethod=contains&province=BC&provBut=Search,https://climate.weather.gc.ca/climate_normals/results_1991_2020_e.html?searchType=stnName&txtStationName=Fraser+Lake&searchMethod=contains&province=BC&provBut=Search,https://weather.gc.ca/warnings/index_e.html?prov=bc,,
118,Northern BC,Granisle,granisle,https://www12.statcan.gc.ca/census-recensement/2021/dp-pd/prof/search/search.cfm?Lang=E&SearchText=Granisle%20British%20Columbia,https://www2.gov.bc.ca/gov/content/data/statistics/people-population-community,https://www2.gov.bc.ca/gov/content/governments/local-governments/facts-framework/systems/list-of-bc-local-governments,https://www.google.com/search?q=Granisle+British+Columbia+official+municipal+website,https://www.hellobc.com/search/?query=Granisle,Prince George A,https://climate.weather.gc.ca/historical_data/search_historic_data_e.html?searchType=stnName&timeframe=1&txtStationName=Granisle&searchMethod=contains&province=BC&provBut=Search,https://climate.weather.gc.ca/climate_normals/results_1981_2010_e.html?searchType=stnName&txtStationName=Granisle&searchMethod=contains&province=BC&provBut=Search,https://climate.weather.gc.ca/climate_normals/results_1991_2020_e.html?searchType=stnName&txtStationName=Granisle&searchMethod=contains&province=BC&provBut=Search,https://weather.gc.ca/warnings/index_e.html?prov=bc,,
119,Northern BC,Hazelton,hazelton,https://www12.statcan.gc.ca/census-recensement/2021/dp-pd/prof/search/search.cfm?Lang=E&SearchText=Hazelton%20British%20Columbia,https://www2.gov.bc.ca/gov/content/data/statistics/people-population-community,https://www2.gov.bc.ca/gov/content/governments/local-governments/facts-framework/systems/list-of-bc-local-governments,https://www.google.com/search?q=Hazelton+British+Columbia+official+municipal+website,https://www.hellobc.com/search/?query=Hazelton,Smithers A,https://climate.weather.gc.ca/historical_data/search_historic_data_e.html?searchType=stnName&timeframe=1&txtStationName=Hazelton&searchMethod=contains&province=BC&provBut=Search,https://climate.weather.gc.ca/climate_normals/results_1981_2010_e.html?searchType=stnName&txtStationName=Hazelton&searchMethod=contains&province=BC&provBut=Search,https://climate.weather.gc.ca/climate_normals/results_1991_2020_e.html?searchType=stnName&txtStationName=Hazelton&searchMethod=contains&province=BC&provBut=Search,https://weather.gc.ca/warnings/index_e.html?prov=bc,,
120,Northern BC,Houston,houston,https://www12.statcan.gc.ca/census-recensement/2021/dp-pd/prof/search/search.cfm?Lang=E&SearchText=Houston%20British%20Columbia,https://www2.gov.bc.ca/gov/content/data/statistics/people-population-community,https://www2.gov.bc.ca/gov/content/governments/local-governments/facts-framework/systems/list-of-bc-local-governments,https://www.google.com/search?q=Houston+British+Columbia+official+municipal+website,https://www.hellobc.com/search/?query=Houston,Smithers A,https://climate.weather.gc.ca/historical_data/search_historic_data_e.html?searchType=stnName&timeframe=1&txtStationName=Houston&searchMethod=contains&province=BC&provBut=Search,https://climate.weather.gc.ca/climate_normals/results_1981_2010_e.html?searchType=stnName&txtStationName=Houston&searchMethod=contains&province=BC&provBut=Search,https://climate.weather.gc.ca/climate_normals/results_1991_2020_e.html?searchType=stnName&txtStationName=Houston&searchMethod=contains&province=BC&provBut=Search,https://weather.gc.ca/warnings/index_e.html?prov=bc,,
121,Northern BC,Hudson's Hope,hudson-s-hope,https://www12.statcan.gc.ca/census-recensement/2021/dp-pd/prof/search/search.cfm?Lang=E&SearchText=Hudson%27s+Hope%20British%20Columbia,https://www2.gov.bc.ca/gov/content/data/statistics/people-population-community,https://www2.gov.bc.ca/gov/content/governments/local-governments/facts-framework/systems/list-of-bc-local-governments,https://www.google.com/search?q=Hudson%27s+Hope+British+Columbia+official+municipal+website,https://www.hellobc.com/search/?query=Hudson%27s+Hope,Hope Slide,https://climate.weather.gc.ca/historical_data/search_historic_data_e.html?searchType=stnName&timeframe=1&txtStationName=Hudson%27s+Hope&searchMethod=contains&province=BC&provBut=Search,https://climate.weather.gc.ca/climate_normals/results_1981_2010_e.html?searchType=stnName&txtStationName=Hudson%27s+Hope&searchMethod=contains&province=BC&provBut=Search,https://climate.weather.gc.ca/climate_normals/results_1991_2020_e.html?searchType=stnName&txtStationName=Hudson%27s+Hope&searchMethod=contains&province=BC&provBut=Search,https://weather.gc.ca/warnings/index_e.html?prov=bc,,
122,Northern BC,Kitimat,kitimat,https://www12.statcan.gc.ca/census-recensement/2021/dp-pd/prof/search/search.cfm?Lang=E&SearchText=Kitimat%20British%20Columbia,https://www2.gov.bc.ca/gov/content/data/statistics/people-population-community,https://www2.gov.bc.ca/gov/content/governments/local-governments/facts-framework/systems/list-of-bc-local-governments,https://www.google.com/search?q=Kitimat+British+Columbia+official+municipal+website,https://www.hellobc.com/search/?query=Kitimat,Kitimat 2,https://climate.weather.gc.ca/historical_data/search_historic_data_e.html?searchType=stnName&timeframe=1&txtStationName=Kitimat&searchMethod=contains&province=BC&provBut=Search,https://climate.weather.gc.ca/climate_normals/results_1981_2010_e.html?searchType=stnName&txtStationName=Kitimat&searchMethod=contains&province=BC&provBut=Search,https://climate.weather.gc.ca/climate_normals/results_1991_2020_e.html?searchType=stnName&txtStationName=Kitimat&searchMethod=contains&province=BC&provBut=Search,https://weather.gc.ca/warnings/index_e.html?prov=bc,,
123,Northern BC,Kwadacha,kwadacha,https://www12.statcan.gc.ca/census-recensement/2021/dp-pd/prof/search/search.cfm?Lang=E&SearchText=Kwadacha%20British%20Columbia,https://www2.gov.bc.ca/gov/content/data/statistics/people-population-community,https://www2.gov.bc.ca/gov/content/governments/local-governments/facts-framework/systems/list-of-bc-local-governments,https://www.google.com/search?q=Kwadacha+British+Columbia+official+municipal+website,https://www.hellobc.com/search/?query=Kwadacha,Prince George A,https://climate.weather.gc.ca/historical_data/search_historic_data_e.html?searchType=stnName&timeframe=1&txtStationName=Kwadacha&searchMethod=contains&province=BC&provBut=Search,https://climate.weather.gc.ca/climate_normals/results_1981_2010_e.html?searchType=stnName&txtStationName=Kwadacha&searchMethod=contains&province=BC&provBut=Search,https://climate.weather.gc.ca/climate_normals/results_1991_2020_e.html?searchType=stnName&txtStationName=Kwadacha&searchMethod=contains&province=BC&provBut=Search,https://weather.gc.ca/warnings/index_e.html?prov=bc,,
124,Northern BC,Mackenzie,mackenzie,https://www12.statcan.gc.ca/census-recensement/2021/dp-pd/prof/search/search.cfm?Lang=E&SearchText=Mackenzie%20British%20Columbia,https://www2.gov.bc.ca/gov/content/data/statistics/people-population-community,https://www2.gov.bc.ca/gov/content/governments/local-governments/facts-framework/systems/list-of-bc-local-governments,https://www.google.com/search?q=Mackenzie+British+Columbia+official+municipal+website,https://www.hellobc.com/search/?query=Mackenzie,Prince George A,https://climate.weather.gc.ca/historical_data/search_historic_data_e.html?searchType=stnName&timeframe=1&txtStationName=Mackenzie&searchMethod=contains&province=BC&provBut=Search,https://climate.weather.gc.ca/climate_normals/results_1981_2010_e.html?searchType=stnName&txtStationName=Mackenzie&searchMethod=contains&province=BC&provBut=Search,https://climate.weather.gc.ca/climate_normals/results_1991_2020_e.html?searchType=stnName&txtStationName=Mackenzie&searchMethod=contains&province=BC&provBut=Search,https://weather.gc.ca/warnings/index_e.html?prov=bc,,
125,Northern BC,McBride,mcbride,https://www12.statcan.gc.ca/census-recensement/2021/dp-pd/prof/search/search.cfm?Lang=E&SearchText=McBride%20British%20Columbia,https://www2.gov.bc.ca/gov/content/data/statistics/people-population-community,https://www2.gov.bc.ca/gov/content/governments/local-governments/facts-framework/systems/list-of-bc-local-governments,https://www.google.com/search?q=McBride+British+Columbia+official+municipal+website,https://www.hellobc.com/search/?query=McBride,Prince George A,https://climate.weather.gc.ca/historical_data/search_historic_data_e.html?searchType=stnName&timeframe=1&txtStationName=McBride&searchMethod=contains&province=BC&provBut=Search,https://climate.weather.gc.ca/climate_normals/results_1981_2010_e.html?searchType=stnName&txtStationName=McBride&searchMethod=contains&province=BC&provBut=Search,https://climate.weather.gc.ca/climate_normals/results_1991_2020_e.html?searchType=stnName&txtStationName=McBride&searchMethod=contains&province=BC&provBut=Search,https://weather.gc.ca/warnings/index_e.html?prov=bc,,
126,Northern BC,New Hazelton,new-hazelton,https://www12.statcan.gc.ca/census-recensement/2021/dp-pd/prof/search/search.cfm?Lang=E&SearchText=New+Hazelton%20British%20Columbia,https://www2.gov.bc.ca/gov/content/data/statistics/people-population-community,https://www2.gov.bc.ca/gov/content/governments/local-governments/facts-framework/systems/list-of-bc-local-governments,https://www.google.com/search?q=New+Hazelton+British+Columbia+official+municipal+website,https://www.hellobc.com/search/?query=New+Hazelton,Smithers A,https://climate.weather.gc.ca/historical_data/search_historic_data_e.html?searchType=stnName&timeframe=1&txtStationName=New+Hazelton&searchMethod=contains&province=BC&provBut=Search,https://climate.weather.gc.ca/climate_normals/results_1981_2010_e.html?searchType=stnName&txtStationName=New+Hazelton&searchMethod=contains&province=BC&provBut=Search,https://climate.weather.gc.ca/climate_normals/results_1991_2020_e.html?searchType=stnName&txtStationName=New+Hazelton&searchMethod=contains&province=BC&provBut=Search,https://weather.gc.ca/warnings/index_e.html?prov=bc,,
127,Northern BC,Northern Rockies,northern-rockies,https://www12.statcan.gc.ca/census-recensement/2021/dp-pd/prof/search/search.cfm?Lang=E&SearchText=Northern+Rockies%20British%20Columbia,https://www2.gov.bc.ca/gov/content/data/statistics/people-population-community,https://www2.gov.bc.ca/gov/content/governments/local-governments/facts-framework/systems/list-of-bc-local-governments,https://www.google.com/search?q=Northern+Rockies+British+Columbia+official+municipal+website,https://www.hellobc.com/search/?query=Northern+Rockies,Prince George A,https://climate.weather.gc.ca/historical_data/search_historic_data_e.html?searchType=stnName&timeframe=1&txtStationName=Northern+Rockies&searchMethod=contains&province=BC&provBut=Search,https://climate.weather.gc.ca/climate_normals/results_1981_2010_e.html?searchType=stnName&txtStationName=Northern+Rockies&searchMethod=contains&province=BC&provBut=Search,https://climate.weather.gc.ca/climate_normals/results_1991_2020_e.html?searchType=stnName&txtStationName=Northern+Rockies&searchMethod=contains&province=BC&provBut=Search,https://weather.gc.ca/warnings/index_e.html?prov=bc,,
128,Northern BC,Penny,penny,https://www12.statcan.gc.ca/census-recensement/2021/dp-pd/prof/search/search.cfm?Lang=E&SearchText=Penny%20British%20Columbia,https://www2.gov.bc.ca/gov/content/data/statistics/people-population-community,https://www2.gov.bc.ca/gov/content/governments/local-governments/facts-framework/systems/list-of-bc-local-governments,https://www.google.com/search?q=Penny+British+Columbia+official+municipal+website,https://www.hellobc.com/search/?query=Penny,Prince George A,https://climate.weather.gc.ca/historical_data/search_historic_data_e.html?searchType=stnName&timeframe=1&txtStationName=Penny&searchMethod=contains&province=BC&provBut=Search,https://climate.weather.gc.ca/climate_normals/results_1981_2010_e.html?searchType=stnName&txtStationName=Penny&searchMethod=contains&province=BC&provBut=Search,https://climate.weather.gc.ca/climate_normals/results_1991_2020_e.html?searchType=stnName&txtStationName=Penny&searchMethod=contains&province=BC&provBut=Search,https://weather.gc.ca/warnings/index_e.html?prov=bc,,
129,Northern BC,Port Edward,port-edward,https://www12.statcan.gc.ca/census-recensement/2021/dp-pd/prof/search/search.cfm?Lang=E&SearchText=Port+Edward%20British%20Columbia,https://www2.gov.bc.ca/gov/content/data/statistics/people-population-community,https://www2.gov.bc.ca/gov/content/governments/local-governments/facts-framework/systems/list-of-bc-local-governments,https://www.google.com/search?q=Port+Edward+British+Columbia+official+municipal+website,https://www.hellobc.com/search/?query=Port+Edward,Prince George A,https://climate.weather.gc.ca/historical_data/search_historic_data_e.html?searchType=stnName&timeframe=1&txtStationName=Port+Edward&searchMethod=contains&province=BC&provBut=Search,https://climate.weather.gc.ca/climate_normals/results_1981_2010_e.html?searchType=stnName&txtStationName=Port+Edward&searchMethod=contains&province=BC&provBut=Search,https://climate.weather.gc.ca/climate_normals/results_1991_2020_e.html?searchType=stnName&txtStationName=Port+Edward&searchMethod=contains&province=BC&provBut=Search,https://weather.gc.ca/warnings/index_e.html?prov=bc,,
130,Northern BC,Pouce Coupe,pouce-coupe,https://www12.statcan.gc.ca/census-recensement/2021/dp-pd/prof/search/search.cfm?Lang=E&SearchText=Pouce+Coupe%20British%20Columbia,https://www2.gov.bc.ca/gov/content/data/statistics/people-population-community,https://www2.gov.bc.ca/gov/content/governments/local-governments/facts-framework/systems/list-of-bc-local-governments,https://www.google.com/search?q=Pouce+Coupe+British+Columbia+official+municipal+website,https://www.hellobc.com/search/?query=Pouce+Coupe,Prince George A,https://climate.weather.gc.ca/historical_data/search_historic_data_e.html?searchType=stnName&timeframe=1&txtStationName=Pouce+Coupe&searchMethod=contains&province=BC&provBut=Search,https://climate.weather.gc.ca/climate_normals/results_1981_2010_e.html?searchType=stnName&txtStationName=Pouce+Coupe&searchMethod=contains&province=BC&provBut=Search,https://climate.weather.gc.ca/climate_normals/results_1991_2020_e.html?searchType=stnName&txtStationName=Pouce+Coupe&searchMethod=contains&province=BC&provBut=Search,https://weather.gc.ca/warnings/index_e.html?prov=bc,,
131,Northern BC,Prince George,prince-george,https://www12.statcan.gc.ca/census-recensement/2021/dp-pd/prof/search/search.cfm?Lang=E&SearchText=Prince+George%20British%20Columbia,https://www2.gov.bc.ca/gov/content/data/statistics/people-population-community,https://www2.gov.bc.ca/gov/content/governments/local-governments/facts-framework/systems/list-of-bc-local-governments,https://www.google.com/search?q=Prince+George+British+Columbia+official+municipal+website,https://www.hellobc.com/search/?query=Prince+George,Prince George A,https://climate.weather.gc.ca/historical_data/search_historic_data_e.html?searchType=stnName&timeframe=1&txtStationName=Prince+George&searchMethod=contains&province=BC&provBut=Search,https://climate.weather.gc.ca/climate_normals/results_1981_2010_e.html?searchType=stnName&txtStationName=Prince+George&searchMethod=contains&province=BC&provBut=Search,https://climate.weather.gc.ca/climate_normals/results_1991_2020_e.html?searchType=stnName&txtStationName=Prince+George&searchMethod=contains&province=BC&provBut=Search,https://weather.gc.ca/warnings/index_e.html?prov=bc,,
132,Northern BC,Prince Rupert,prince-rupert,https://www12.statcan.gc.ca/census-recensement/2021/dp-pd/prof/search/search.cfm?Lang=E&SearchText=Prince+Rupert%20British%20Columbia,https://www2.gov.bc.ca/gov/content/data/statistics/people-population-community,https://www2.gov.bc.ca/gov/content/governments/local-governments/facts-framework/systems/list-of-bc-local-governments,https://www.google.com/search?q=Prince+Rupert+British+Columbia+official+municipal+website,https://www.hellobc.com/search/?query=Prince+Rupert,Prince Rupert A,https://climate.weather.gc.ca/historical_data/search_historic_data_e.html?searchType=stnName&timeframe=1&txtStationName=Prince+Rupert&searchMethod=contains&province=BC&provBut=Search,https://climate.weather.gc.ca/climate_normals/results_1981_2010_e.html?searchType=stnName&txtStationName=Prince+Rupert&searchMethod=contains&province=BC&provBut=Search,https://climate.weather.gc.ca/climate_normals/results_1991_2020_e.html?searchType=stnName&txtStationName=Prince+Rupert&searchMethod=contains&province=BC&provBut=Search,https://weather.gc.ca/warnings/index_e.html?prov=bc,,
133,Northern BC,Rose Prairie,rose-prairie,https://www12.statcan.gc.ca/census-recensement/2021/dp-pd/prof/search/search.cfm?Lang=E&SearchText=Rose+Prairie%20British%20Columbia,https://www2.gov.bc.ca/gov/content/data/statistics/people-population-community,https://www2.gov.bc.ca/gov/content/governments/local-governments/facts-framework/systems/list-of-bc-local-governments,https://www.google.com/search?q=Rose+Prairie+British+Columbia+official+municipal+website,https://www.hellobc.com/search/?query=Rose+Prairie,Prince George A,https://climate.weather.gc.ca/historical_data/search_historic_data_e.html?searchType=stnName&timeframe=1&txtStationName=Rose+Prairie&searchMethod=contains&province=BC&provBut=Search,https://climate.weather.gc.ca/climate_normals/results_1981_2010_e.html?searchType=stnName&txtStationName=Rose+Prairie&searchMethod=contains&province=BC&provBut=Search,https://climate.weather.gc.ca/climate_normals/results_1991_2020_e.html?searchType=stnName&txtStationName=Rose+Prairie&searchMethod=contains&province=BC&provBut=Search,https://weather.gc.ca/warnings/index_e.html?prov=bc,,
134,Northern BC,Smithers,smithers,https://www12.statcan.gc.ca/census-recensement/2021/dp-pd/prof/search/search.cfm?Lang=E&SearchText=Smithers%20British%20Columbia,https://www2.gov.bc.ca/gov/content/data/statistics/people-population-community,https://www2.gov.bc.ca/gov/content/governments/local-governments/facts-framework/systems/list-of-bc-local-governments,https://www.google.com/search?q=Smithers+British+Columbia+official+municipal+website,https://www.hellobc.com/search/?query=Smithers,Smithers A,https://climate.weather.gc.ca/historical_data/search_historic_data_e.html?searchType=stnName&timeframe=1&txtStationName=Smithers&searchMethod=contains&province=BC&provBut=Search,https://climate.weather.gc.ca/climate_normals/results_1981_2010_e.html?searchType=stnName&txtStationName=Smithers&searchMethod=contains&province=BC&provBut=Search,https://climate.weather.gc.ca/climate_normals/results_1991_2020_e.html?searchType=stnName&txtStationName=Smithers&searchMethod=contains&province=BC&provBut=Search,https://weather.gc.ca/warnings/index_e.html?prov=bc,,
135,Northern BC,Stewart,stewart,https://www12.statcan.gc.ca/census-recensement/2021/dp-pd/prof/search/search.cfm?Lang=E&SearchText=Stewart%20British%20Columbia,https://www2.gov.bc.ca/gov/content/data/statistics/people-population-community,https://www2.gov.bc.ca/gov/content/governments/local-governments/facts-framework/systems/list-of-bc-local-governments,https://www.google.com/search?q=Stewart+British+Columbia+official+municipal+website,https://www.hellobc.com/search/?query=Stewart,Stewart A,https://climate.weather.gc.ca/historical_data/search_historic_data_e.html?searchType=stnName&timeframe=1&txtStationName=Stewart&searchMethod=contains&province=BC&provBut=Search,https://climate.weather.gc.ca/climate_normals/results_1981_2010_e.html?searchType=stnName&txtStationName=Stewart&searchMethod=contains&province=BC&provBut=Search,https://climate.weather.gc.ca/climate_normals/results_1991_2020_e.html?searchType=stnName&txtStationName=Stewart&searchMethod=contains&province=BC&provBut=Search,https://weather.gc.ca/warnings/index_e.html?prov=bc,,
136,Northern BC,Tachie,tachie,https://www12.statcan.gc.ca/census-recensement/2021/dp-pd/prof/search/search.cfm?Lang=E&SearchText=Tachie%20British%20Columbia,https://www2.gov.bc.ca/gov/content/data/statistics/people-population-community,https://www2.gov.bc.ca/gov/content/governments/local-governments/facts-framework/systems/list-of-bc-local-governments,https://www.google.com/search?q=Tachie+British+Columbia+official+municipal+website,https://www.hellobc.com/search/?query=Tachie,Prince George A,https://climate.weather.gc.ca/historical_data/search_historic_data_e.html?searchType=stnName&timeframe=1&txtStationName=Tachie&searchMethod=contains&province=BC&provBut=Search,https://climate.weather.gc.ca/climate_normals/results_1981_2010_e.html?searchType=stnName&txtStationName=Tachie&searchMethod=contains&province=BC&provBut=Search,https://climate.weather.gc.ca/climate_normals/results_1991_2020_e.html?searchType=stnName&txtStationName=Tachie&searchMethod=contains&province=BC&provBut=Search,https://weather.gc.ca/warnings/index_e.html?prov=bc,,
137,Northern BC,Taylor,taylor,https://www12.statcan.gc.ca/census-recensement/2021/dp-pd/prof/search/search.cfm?Lang=E&SearchText=Taylor%20British%20Columbia,https://www2.gov.bc.ca/gov/content/data/statistics/people-population-community,https://www2.gov.bc.ca/gov/content/governments/local-governments/facts-framework/systems/list-of-bc-local-governments,https://www.google.com/search?q=Taylor+British+Columbia+official+municipal+website,https://www.hellobc.com/search/?query=Taylor,Fort St John A,https://climate.weather.gc.ca/historical_data/search_historic_data_e.html?searchType=stnName&timeframe=1&txtStationName=Taylor&searchMethod=contains&province=BC&provBut=Search,https://climate.weather.gc.ca/climate_normals/results_1981_2010_e.html?searchType=stnName&txtStationName=Taylor&searchMethod=contains&province=BC&provBut=Search,https://climate.weather.gc.ca/climate_normals/results_1991_2020_e.html?searchType=stnName&txtStationName=Taylor&searchMethod=contains&province=BC&provBut=Search,https://weather.gc.ca/warnings/index_e.html?prov=bc,,
138,Northern BC,Telegraph Creek,telegraph-creek,https://www12.statcan.gc.ca/census-recensement/2021/dp-pd/prof/search/search.cfm?Lang=E&SearchText=Telegraph+Creek%20British%20Columbia,https://www2.gov.bc.ca/gov/content/data/statistics/people-population-community,https://www2.gov.bc.ca/gov/content/governments/local-governments/facts-framework/systems/list-of-bc-local-governments,https://www.google.com/search?q=Telegraph+Creek+British+Columbia+official+municipal+website,https://www.hellobc.com/search/?query=Telegraph+Creek,Prince George A,https://climate.weather.gc.ca/historical_data/search_historic_data_e.html?searchType=stnName&timeframe=1&txtStationName=Telegraph+Creek&searchMethod=contains&province=BC&provBut=Search,https://climate.weather.gc.ca/climate_normals/results_1981_2010_e.html?searchType=stnName&txtStationName=Telegraph+Creek&searchMethod=contains&province=BC&provBut=Search,https://climate.weather.gc.ca/climate_normals/results_1991_2020_e.html?searchType=stnName&txtStationName=Telegraph+Creek&searchMethod=contains&province=BC&provBut=Search,https://weather.gc.ca/warnings/index_e.html?prov=bc,,
139,Northern BC,Telkwa,telkwa,https://www12.statcan.gc.ca/census-recensement/2021/dp-pd/prof/search/search.cfm?Lang=E&SearchText=Telkwa%20British%20Columbia,https://www2.gov.bc.ca/gov/content/data/statistics/people-population-community,https://www2.gov.bc.ca/gov/content/governments/local-governments/facts-framework/systems/list-of-bc-local-governments,https://www.google.com/search?q=Telkwa+British+Columbia+official+municipal+website,https://www.hellobc.com/search/?query=Telkwa,Smithers A,https://climate.weather.gc.ca/historical_data/search_historic_data_e.html?searchType=stnName&timeframe=1&txtStationName=Telkwa&searchMethod=contains&province=BC&provBut=Search,https://climate.weather.gc.ca/climate_normals/results_1981_2010_e.html?searchType=stnName&txtStationName=Telkwa&searchMethod=contains&province=BC&provBut=Search,https://climate.weather.gc.ca/climate_normals/results_1991_2020_e.html?searchType=stnName&txtStationName=Telkwa&searchMethod=contains&province=BC&provBut=Search,https://weather.gc.ca/warnings/index_e.html?prov=bc,,
140,Northern BC,Terrace,terrace,https://www12.statcan.gc.ca/census-recensement/2021/dp-pd/prof/search/search.cfm?Lang=E&SearchText=Terrace%20British%20Columbia,https://www2.gov.bc.ca/gov/content/data/statistics/people-population-community,https://www2.gov.bc.ca/gov/content/governments/local-governments/facts-framework/systems/list-of-bc-local-governments,https://www.google.com/search?q=Terrace+British+Columbia+official+municipal+website,https://www.hellobc.com/search/?query=Terrace,Terrace A,https://climate.weather.gc.ca/historical_data/search_historic_data_e.html?searchType=stnName&timeframe=1&txtStationName=Terrace&searchMethod=contains&province=BC&provBut=Search,https://climate.weather.gc.ca/climate_normals/results_1981_2010_e.html?searchType=stnName&txtStationName=Terrace&searchMethod=contains&province=BC&provBut=Search,https://climate.weather.gc.ca/climate_normals/results_1991_2020_e.html?searchType=stnName&txtStationName=Terrace&searchMethod=contains&province=BC&provBut=Search,https://weather.gc.ca/warnings/index_e.html?prov=bc,,
141,Northern BC,Tomslake,tomslake,https://www12.statcan.gc.ca/census-recensement/2021/dp-pd/prof/search/search.cfm?Lang=E&SearchText=Tomslake%20British%20Columbia,https://www2.gov.bc.ca/gov/content/data/statistics/people-population-community,https://www2.gov.bc.ca/gov/content/governments/local-governments/facts-framework/systems/list-of-bc-local-governments,https://www.google.com/search?q=Tomslake+British+Columbia+official+municipal+website,https://www.hellobc.com/search/?query=Tomslake,Prince George A,https://climate.weather.gc.ca/historical_data/search_historic_data_e.html?searchType=stnName&timeframe=1&txtStationName=Tomslake&searchMethod=contains&province=BC&provBut=Search,https://climate.weather.gc.ca/climate_normals/results_1981_2010_e.html?searchType=stnName&txtStationName=Tomslake&searchMethod=contains&province=BC&provBut=Search,https://climate.weather.gc.ca/climate_normals/results_1991_2020_e.html?searchType=stnName&txtStationName=Tomslake&searchMethod=contains&province=BC&provBut=Search,https://weather.gc.ca/warnings/index_e.html?prov=bc,,
142,Northern BC,Tumbler Ridge,tumbler-ridge,https://www12.statcan.gc.ca/census-recensement/2021/dp-pd/prof/search/search.cfm?Lang=E&SearchText=Tumbler+Ridge%20British%20Columbia,https://www2.gov.bc.ca/gov/content/data/statistics/people-population-community,https://www2.gov.bc.ca/gov/content/governments/local-governments/facts-framework/systems/list-of-bc-local-governments,https://www.google.com/search?q=Tumbler+Ridge+British+Columbia+official+municipal+website,https://www.hellobc.com/search/?query=Tumbler+Ridge,Dawson Creek A,https://climate.weather.gc.ca/historical_data/search_historic_data_e.html?searchType=stnName&timeframe=1&txtStationName=Tumbler+Ridge&searchMethod=contains&province=BC&provBut=Search,https://climate.weather.gc.ca/climate_normals/results_1981_2010_e.html?searchType=stnName&txtStationName=Tumbler+Ridge&searchMethod=contains&province=BC&provBut=Search,https://climate.weather.gc.ca/climate_normals/results_1991_2020_e.html?searchType=stnName&txtStationName=Tumbler+Ridge&searchMethod=contains&province=BC&provBut=Search,https://weather.gc.ca/warnings/index_e.html?prov=bc,,
143,Northern BC,Tête Jaune Cache,t-te-jaune-cache,https://www12.statcan.gc.ca/census-recensement/2021/dp-pd/prof/search/search.cfm?Lang=E&SearchText=T%C3%AAte+Jaune+Cache%20British%20Columbia,https://www2.gov.bc.ca/gov/content/data/statistics/people-population-community,https://www2.gov.bc.ca/gov/content/governments/local-governments/facts-framework/systems/list-of-bc-local-governments,https://www.google.com/search?q=T%C3%AAte+Jaune+Cache+British+Columbia+official+municipal+website,https://www.hellobc.com/search/?query=T%C3%AAte+Jaune+Cache,Prince George A,https://climate.weather.gc.ca/historical_data/search_historic_data_e.html?searchType=stnName&timeframe=1&txtStationName=T%C3%AAte+Jaune+Cache&searchMethod=contains&province=BC&provBut=Search,https://climate.weather.gc.ca/climate_normals/results_1981_2010_e.html?searchType=stnName&txtStationName=T%C3%AAte+Jaune+Cache&searchMethod=contains&province=BC&provBut=Search,https://climate.weather.gc.ca/climate_normals/results_1991_2020_e.html?searchType=stnName&txtStationName=T%C3%AAte+Jaune+Cache&searchMethod=contains&province=BC&provBut=Search,https://weather.gc.ca/warnings/index_e.html?prov=bc,,
144,Northern BC,Usk,usk,https://www12.statcan.gc.ca/census-recensement/2021/dp-pd/prof/search/search.cfm?Lang=E&SearchText=Usk%20British%20Columbia,https://www2.gov.bc.ca/gov/content/data/statistics/people-population-community,https://www2.gov.bc.ca/gov/content/governments/local-governments/facts-framework/systems/list-of-bc-local-governments,https://www.google.com/search?q=Usk+British+Columbia+official+municipal+website,https://www.hellobc.com/search/?query=Usk,Prince George A,https://climate.weather.gc.ca/historical_data/search_historic_data_e.html?searchType=stnName&timeframe=1&txtStationName=Usk&searchMethod=contains&province=BC&provBut=Search,https://climate.weather.gc.ca/climate_normals/results_1981_2010_e.html?searchType=stnName&txtStationName=Usk&searchMethod=contains&province=BC&provBut=Search,https://climate.weather.gc.ca/climate_normals/results_1991_2020_e.html?searchType=stnName&txtStationName=Usk&searchMethod=contains&province=BC&provBut=Search,https://weather.gc.ca/warnings/index_e.html?prov=bc,,
145,Northern BC,Valemount,valemount,https://www12.statcan.gc.ca/census-recensement/2021/dp-pd/prof/search/search.cfm?Lang=E&SearchText=Valemount%20British%20Columbia,https://www2.gov.bc.ca/gov/content/data/statistics/people-population-community,https://www2.gov.bc.ca/gov/content/governments/local-governments/facts-framework/systems/list-of-bc-local-governments,https://www.google.com/search?q=Valemount+British+Columbia+official+municipal+website,https://www.hellobc.com/search/?query=Valemount,Prince George A,https://climate.weather.gc.ca/historical_data/search_historic_data_e.html?searchType=stnName&timeframe=1&txtStationName=Valemount&searchMethod=contains&province=BC&provBut=Search,https://climate.weather.gc.ca/climate_normals/results_1981_2010_e.html?searchType=stnName&txtStationName=Valemount&searchMethod=contains&province=BC&provBut=Search,https://climate.weather.gc.ca/climate_normals/results_1991_2020_e.html?searchType=stnName&txtStationName=Valemount&searchMethod=contains&province=BC&provBut=Search,https://weather.gc.ca/warnings/index_e.html?prov=bc,,
146,Northern BC,Vanderhoof,vanderhoof,https://www12.statcan.gc.ca/census-recensement/2021/dp-pd/prof/search/search.cfm?Lang=E&SearchText=Vanderhoof%20British%20Columbia,https://www2.gov.bc.ca/gov/content/data/statistics/people-population-community,https://www2.gov.bc.ca/gov/content/governments/local-governments/facts-framework/systems/list-of-bc-local-governments,https://www.google.com/search?q=Vanderhoof+British+Columbia+official+municipal+website,https://www.hellobc.com/search/?query=Vanderhoof,Fort St James,https://climate.weather.gc.ca/historical_data/search_historic_data_e.html?searchType=stnName&timeframe=1&txtStationName=Vanderhoof&searchMethod=contains&province=BC&provBut=Search,https://climate.weather.gc.ca/climate_normals/results_1981_2010_e.html?searchType=stnName&txtStationName=Vanderhoof&searchMethod=contains&province=BC&provBut=Search,https://climate.weather.gc.ca/climate_normals/results_1991_2020_e.html?searchType=stnName&txtStationName=Vanderhoof&searchMethod=contains&province=BC&provBut=Search,https://weather.gc.ca/warnings/index_e.html?prov=bc,,
147,Northern BC,Witset,witset,https://www12.statcan.gc.ca/census-recensement/2021/dp-pd/prof/search/search.cfm?Lang=E&SearchText=Witset%20British%20Columbia,https://www2.gov.bc.ca/gov/content/data/statistics/people-population-community,https://www2.gov.bc.ca/gov/content/governments/local-governments/facts-framework/systems/list-of-bc-local-governments,https://www.google.com/search?q=Witset+British+Columbia+official+municipal+website,https://www.hellobc.com/search/?query=Witset,Prince George A,https://climate.weather.gc.ca/historical_data/search_historic_data_e.html?searchType=stnName&timeframe=1&txtStationName=Witset&searchMethod=contains&province=BC&provBut=Search,https://climate.weather.gc.ca/climate_normals/results_1981_2010_e.html?searchType=stnName&txtStationName=Witset&searchMethod=contains&province=BC&provBut=Search,https://climate.weather.gc.ca/climate_normals/results_1991_2020_e.html?searchType=stnName&txtStationName=Witset&searchMethod=contains&province=BC&provBut=Search,https://weather.gc.ca/warnings/index_e.html?prov=bc,,
148,Cariboo,100 Mile House,100-mile-house,https://www12.statcan.gc.ca/census-recensement/2021/dp-pd/prof/search/search.cfm?Lang=E&SearchText=100+Mile+House%20British%20Columbia,https://www2.gov.bc.ca/gov/content/data/statistics/people-population-community,https://www2.gov.bc.ca/gov/content/governments/local-governments/facts-framework/systems/list-of-bc-local-governments,https://www.google.com/search?q=100+Mile+House+British+Columbia+official+municipal+website,https://www.hellobc.com/search/?query=100+Mile+House,Williams Lake A,https://climate.weather.gc.ca/historical_data/search_historic_data_e.html?searchType=stnName&timeframe=1&txtStationName=100+Mile+House&searchMethod=contains&province=BC&provBut=Search,https://climate.weather.gc.ca/climate_normals/results_1981_2010_e.html?searchType=stnName&txtStationName=100+Mile+House&searchMethod=contains&province=BC&provBut=Search,https://climate.weather.gc.ca/climate_normals/results_1991_2020_e.html?searchType=stnName&txtStationName=100+Mile+House&searchMethod=contains&province=BC&provBut=Search,https://weather.gc.ca/warnings/index_e.html?prov=bc,,
149,Cariboo,108 Mile Ranch,108-mile-ranch,https://www12.statcan.gc.ca/census-recensement/2021/dp-pd/prof/search/search.cfm?Lang=E&SearchText=108+Mile+Ranch%20British%20Columbia,https://www2.gov.bc.ca/gov/content/data/statistics/people-population-community,https://www2.gov.bc.ca/gov/content/governments/local-governments/facts-framework/systems/list-of-bc-local-governments,https://www.google.com/search?q=108+Mile+Ranch+British+Columbia+official+municipal+website,https://www.hellobc.com/search/?query=108+Mile+Ranch,Williams Lake A,https://climate.weather.gc.ca/historical_data/search_historic_data_e.html?searchType=stnName&timeframe=1&txtStationName=108+Mile+Ranch&searchMethod=contains&province=BC&provBut=Search,https://climate.weather.gc.ca/climate_normals/results_1981_2010_e.html?searchType=stnName&txtStationName=108+Mile+Ranch&searchMethod=contains&province=BC&provBut=Search,https://climate.weather.gc.ca/climate_normals/results_1991_2020_e.html?searchType=stnName&txtStationName=108+Mile+Ranch&searchMethod=contains&province=BC&provBut=Search,https://weather.gc.ca/warnings/index_e.html?prov=bc,,
150,Cariboo,Cinema,cinema,https://www12.statcan.gc.ca/census-recensement/2021/dp-pd/prof/search/search.cfm?Lang=E&SearchText=Cinema%20British%20Columbia,https://www2.gov.bc.ca/gov/content/data/statistics/people-population-community,https://www2.gov.bc.ca/gov/content/governments/local-governments/facts-framework/systems/list-of-bc-local-governments,https://www.google.com/search?q=Cinema+British+Columbia+official+municipal+website,https://www.hellobc.com/search/?query=Cinema,Quesnel A,https://climate.weather.gc.ca/historical_data/search_historic_data_e.html?searchType=stnName&timeframe=1&txtStationName=Cinema&searchMethod=contains&province=BC&provBut=Search,https://climate.weather.gc.ca/climate_normals/results_1981_2010_e.html?searchType=stnName&txtStationName=Cinema&searchMethod=contains&province=BC&provBut=Search,https://climate.weather.gc.ca/climate_normals/results_1991_2020_e.html?searchType=stnName&txtStationName=Cinema&searchMethod=contains&province=BC&provBut=Search,https://weather.gc.ca/warnings/index_e.html?prov=bc,,
151,Cariboo,Cottonwood,cottonwood,https://www12.statcan.gc.ca/census-recensement/2021/dp-pd/prof/search/search.cfm?Lang=E&SearchText=Cottonwood%20British%20Columbia,https://www2.gov.bc.ca/gov/content/data/statistics/people-population-community,https://www2.gov.bc.ca/gov/content/governments/local-governments/facts-framework/systems/list-of-bc-local-governments,https://www.google.com/search?q=Cottonwood+British+Columbia+official+municipal+website,https://www.hellobc.com/search/?query=Cottonwood,Williams Lake A,https://climate.weather.gc.ca/historical_data/search_historic_data_e.html?searchType=stnName&timeframe=1&txtStationName=Cottonwood&searchMethod=contains&province=BC&provBut=Search,https://climate.weather.gc.ca/climate_normals/results_1981_2010_e.html?searchType=stnName&txtStationName=Cottonwood&searchMethod=contains&province=BC&provBut=Search,https://climate.weather.gc.ca/climate_normals/results_1991_2020_e.html?searchType=stnName&txtStationName=Cottonwood&searchMethod=contains&province=BC&provBut=Search,https://weather.gc.ca/warnings/index_e.html?prov=bc,,
152,Cariboo,Glenora,glenora,https://www12.statcan.gc.ca/census-recensement/2021/dp-pd/prof/search/search.cfm?Lang=E&SearchText=Glenora%20British%20Columbia,https://www2.gov.bc.ca/gov/content/data/statistics/people-population-community,https://www2.gov.bc.ca/gov/content/governments/local-governments/facts-framework/systems/list-of-bc-local-governments,https://www.google.com/search?q=Glenora+British+Columbia+official+municipal+website,https://www.hellobc.com/search/?query=Glenora,Williams Lake A,https://climate.weather.gc.ca/historical_data/search_historic_data_e.html?searchType=stnName&timeframe=1&txtStationName=Glenora&searchMethod=contains&province=BC&provBut=Search,https://climate.weather.gc.ca/climate_normals/results_1981_2010_e.html?searchType=stnName&txtStationName=Glenora&searchMethod=contains&province=BC&provBut=Search,https://climate.weather.gc.ca/climate_normals/results_1991_2020_e.html?searchType=stnName&txtStationName=Glenora&searchMethod=contains&province=BC&provBut=Search,https://weather.gc.ca/warnings/index_e.html?prov=bc,,
153,Cariboo,Quesnel,quesnel,https://www12.statcan.gc.ca/census-recensement/2021/dp-pd/prof/search/search.cfm?Lang=E&SearchText=Quesnel%20British%20Columbia,https://www2.gov.bc.ca/gov/content/data/statistics/people-population-community,https://www2.gov.bc.ca/gov/content/governments/local-governments/facts-framework/systems/list-of-bc-local-governments,https://www.google.com/search?q=Quesnel+British+Columbia+official+municipal+website,https://www.hellobc.com/search/?query=Quesnel,Quesnel A,https://climate.weather.gc.ca/historical_data/search_historic_data_e.html?searchType=stnName&timeframe=1&txtStationName=Quesnel&searchMethod=contains&province=BC&provBut=Search,https://climate.weather.gc.ca/climate_normals/results_1981_2010_e.html?searchType=stnName&txtStationName=Quesnel&searchMethod=contains&province=BC&provBut=Search,https://climate.weather.gc.ca/climate_normals/results_1991_2020_e.html?searchType=stnName&txtStationName=Quesnel&searchMethod=contains&province=BC&provBut=Search,https://weather.gc.ca/warnings/index_e.html?prov=bc,,
154,Cariboo,Wells,wells,https://www12.statcan.gc.ca/census-recensement/2021/dp-pd/prof/search/search.cfm?Lang=E&SearchText=Wells%20British%20Columbia,https://www2.gov.bc.ca/gov/content/data/statistics/people-population-community,https://www2.gov.bc.ca/gov/content/governments/local-governments/facts-framework/systems/list-of-bc-local-governments,https://www.google.com/search?q=Wells+British+Columbia+official+municipal+website,https://www.hellobc.com/search/?query=Wells,Williams Lake A,https://climate.weather.gc.ca/historical_data/search_historic_data_e.html?searchType=stnName&timeframe=1&txtStationName=Wells&searchMethod=contains&province=BC&provBut=Search,https://climate.weather.gc.ca/climate_normals/results_1981_2010_e.html?searchType=stnName&txtStationName=Wells&searchMethod=contains&province=BC&provBut=Search,https://climate.weather.gc.ca/climate_normals/results_1991_2020_e.html?searchType=stnName&txtStationName=Wells&searchMethod=contains&province=BC&provBut=Search,https://weather.gc.ca/warnings/index_e.html?prov=bc,,
155,Cariboo,Williams Lake,williams-lake,https://www12.statcan.gc.ca/census-recensement/2021/dp-pd/prof/search/search.cfm?Lang=E&SearchText=Williams+Lake%20British%20Columbia,https://www2.gov.bc.ca/gov/content/data/statistics/people-population-community,https://www2.gov.bc.ca/gov/content/governments/local-governments/facts-framework/systems/list-of-bc-local-governments,https://www.google.com/search?q=Williams+Lake+British+Columbia+official+municipal+website,https://www.hellobc.com/search/?query=Williams+Lake,Williams Lake A,https://climate.weather.gc.ca/historical_data/search_historic_data_e.html?searchType=stnName&timeframe=1&txtStationName=Williams+Lake&searchMethod=contains&province=BC&provBut=Search,https://climate.weather.gc.ca/climate_normals/results_1981_2010_e.html?searchType=stnName&txtStationName=Williams+Lake&searchMethod=contains&province=BC&provBut=Search,https://climate.weather.gc.ca/climate_normals/results_1991_2020_e.html?searchType=stnName&txtStationName=Williams+Lake&searchMethod=contains&province=BC&provBut=Search,https://weather.gc.ca/warnings/index_e.html?prov=bc,,
156,Southern Interior,Ashcroft,ashcroft,https://www12.statcan.gc.ca/census-recensement/2021/dp-pd/prof/search/search.cfm?Lang=E&SearchText=Ashcroft%20British%20Columbia,https://www2.gov.bc.ca/gov/content/data/statistics/people-population-community,https://www2.gov.bc.ca/gov/content/governments/local-governments/facts-framework/systems/list-of-bc-local-governments,https://www.google.com/search?q=Ashcroft+British+Columbia+official+municipal+website,https://www.hellobc.com/search/?query=Ashcroft,Kamloops A,https://climate.weather.gc.ca/historical_data/search_historic_data_e.html?searchType=stnName&timeframe=1&txtStationName=Ashcroft&searchMethod=contains&province=BC&provBut=Search,https://climate.weather.gc.ca/climate_normals/results_1981_2010_e.html?searchType=stnName&txtStationName=Ashcroft&searchMethod=contains&province=BC&provBut=Search,https://climate.weather.gc.ca/climate_normals/results_1991_2020_e.html?searchType=stnName&txtStationName=Ashcroft&searchMethod=contains&province=BC&provBut=Search,https://weather.gc.ca/warnings/index_e.html?prov=bc,,
157,Southern Interior,Barriere,barriere,https://www12.statcan.gc.ca/census-recensement/2021/dp-pd/prof/search/search.cfm?Lang=E&SearchText=Barriere%20British%20Columbia,https://www2.gov.bc.ca/gov/content/data/statistics/people-population-community,https://www2.gov.bc.ca/gov/content/governments/local-governments/facts-framework/systems/list-of-bc-local-governments,https://www.google.com/search?q=Barriere+British+Columbia+official+municipal+website,https://www.hellobc.com/search/?query=Barriere,Kamloops A,https://climate.weather.gc.ca/historical_data/search_historic_data_e.html?searchType=stnName&timeframe=1&txtStationName=Barriere&searchMethod=contains&province=BC&provBut=Search,https://climate.weather.gc.ca/climate_normals/results_1981_2010_e.html?searchType=stnName&txtStationName=Barriere&searchMethod=contains&province=BC&provBut=Search,https://climate.weather.gc.ca/climate_normals/results_1991_2020_e.html?searchType=stnName&txtStationName=Barriere&searchMethod=contains&province=BC&provBut=Search,https://weather.gc.ca/warnings/index_e.html?prov=bc,,
158,Southern Interior,Blind Bay,blind-bay,https://www12.statcan.gc.ca/census-recensement/2021/dp-pd/prof/search/search.cfm?Lang=E&SearchText=Blind+Bay%20British%20Columbia,https://www2.gov.bc.ca/gov/content/data/statistics/people-population-community,https://www2.gov.bc.ca/gov/content/governments/local-governments/facts-framework/systems/list-of-bc-local-governments,https://www.google.com/search?q=Blind+Bay+British+Columbia+official+municipal+website,https://www.hellobc.com/search/?query=Blind+Bay,Salmon Arm A,https://climate.weather.gc.ca/historical_data/search_historic_data_e.html?searchType=stnName&timeframe=1&txtStationName=Blind+Bay&searchMethod=contains&province=BC&provBut=Search,https://climate.weather.gc.ca/climate_normals/results_1981_2010_e.html?searchType=stnName&txtStationName=Blind+Bay&searchMethod=contains&province=BC&provBut=Search,https://climate.weather.gc.ca/climate_normals/results_1991_2020_e.html?searchType=stnName&txtStationName=Blind+Bay&searchMethod=contains&province=BC&provBut=Search,https://weather.gc.ca/warnings/index_e.html?prov=bc,,
159,Southern Interior,Blue River,blue-river,https://www12.statcan.gc.ca/census-recensement/2021/dp-pd/prof/search/search.cfm?Lang=E&SearchText=Blue+River%20British%20Columbia,https://www2.gov.bc.ca/gov/content/data/statistics/people-population-community,https://www2.gov.bc.ca/gov/content/governments/local-governments/facts-framework/systems/list-of-bc-local-governments,https://www.google.com/search?q=Blue+River+British+Columbia+official+municipal+website,https://www.hellobc.com/search/?query=Blue+River,Kamloops A,https://climate.weather.gc.ca/historical_data/search_historic_data_e.html?searchType=stnName&timeframe=1&txtStationName=Blue+River&searchMethod=contains&province=BC&provBut=Search,https://climate.weather.gc.ca/climate_normals/results_1981_2010_e.html?searchType=stnName&txtStationName=Blue+River&searchMethod=contains&province=BC&provBut=Search,https://climate.weather.gc.ca/climate_normals/results_1991_2020_e.html?searchType=stnName&txtStationName=Blue+River&searchMethod=contains&province=BC&provBut=Search,https://weather.gc.ca/warnings/index_e.html?prov=bc,,
160,Southern Interior,Brookmere,brookmere,https://www12.statcan.gc.ca/census-recensement/2021/dp-pd/prof/search/search.cfm?Lang=E&SearchText=Brookmere%20British%20Columbia,https://www2.gov.bc.ca/gov/content/data/statistics/people-population-community,https://www2.gov.bc.ca/gov/content/governments/local-governments/facts-framework/systems/list-of-bc-local-governments,https://www.google.com/search?q=Brookmere+British+Columbia+official+municipal+website,https://www.hellobc.com/search/?query=Brookmere,Kamloops A,https://climate.weather.gc.ca/historical_data/search_historic_data_e.html?searchType=stnName&timeframe=1&txtStationName=Brookmere&searchMethod=contains&province=BC&provBut=Search,https://climate.weather.gc.ca/climate_normals/results_1981_2010_e.html?searchType=stnName&txtStationName=Brookmere&searchMethod=contains&province=BC&provBut=Search,https://climate.weather.gc.ca/climate_normals/results_1991_2020_e.html?searchType=stnName&txtStationName=Brookmere&searchMethod=contains&province=BC&provBut=Search,https://weather.gc.ca/warnings/index_e.html?prov=bc,,
161,Southern Interior,Cache Creek,cache-creek,https://www12.statcan.gc.ca/census-recensement/2021/dp-pd/prof/search/search.cfm?Lang=E&SearchText=Cache+Creek%20British%20Columbia,https://www2.gov.bc.ca/gov/content/data/statistics/people-population-community,https://www2.gov.bc.ca/gov/content/governments/local-governments/facts-framework/systems/list-of-bc-local-governments,https://www.google.com/search?q=Cache+Creek+British+Columbia+official+municipal+website,https://www.hellobc.com/search/?query=Cache+Creek,Kamloops A,https://climate.weather.gc.ca/historical_data/search_historic_data_e.html?searchType=stnName&timeframe=1&txtStationName=Cache+Creek&searchMethod=contains&province=BC&provBut=Search,https://climate.weather.gc.ca/climate_normals/results_1981_2010_e.html?searchType=stnName&txtStationName=Cache+Creek&searchMethod=contains&province=BC&provBut=Search,https://climate.weather.gc.ca/climate_normals/results_1991_2020_e.html?searchType=stnName&txtStationName=Cache+Creek&searchMethod=contains&province=BC&provBut=Search,https://weather.gc.ca/warnings/index_e.html?prov=bc,,
162,Southern Interior,Chase,chase,https://www12.statcan.gc.ca/census-recensement/2021/dp-pd/prof/search/search.cfm?Lang=E&SearchText=Chase%20British%20Columbia,https://www2.gov.bc.ca/gov/content/data/statistics/people-population-community,https://www2.gov.bc.ca/gov/content/governments/local-governments/facts-framework/systems/list-of-bc-local-governments,https://www.google.com/search?q=Chase+British+Columbia+official+municipal+website,https://www.hellobc.com/search/?query=Chase,Salmon Arm A,https://climate.weather.gc.ca/historical_data/search_historic_data_e.html?searchType=stnName&timeframe=1&txtStationName=Chase&searchMethod=contains&province=BC&provBut=Search,https://climate.weather.gc.ca/climate_normals/results_1981_2010_e.html?searchType=stnName&txtStationName=Chase&searchMethod=contains&province=BC&provBut=Search,https://climate.weather.gc.ca/climate_normals/results_1991_2020_e.html?searchType=stnName&txtStationName=Chase&searchMethod=contains&province=BC&provBut=Search,https://weather.gc.ca/warnings/index_e.html?prov=bc,,
163,Southern Interior,Clearwater,clearwater,https://www12.statcan.gc.ca/census-recensement/2021/dp-pd/prof/search/search.cfm?Lang=E&SearchText=Clearwater%20British%20Columbia,https://www2.gov.bc.ca/gov/content/data/statistics/people-population-community,https://www2.gov.bc.ca/gov/content/governments/local-governments/facts-framework/systems/list-of-bc-local-governments,https://www.google.com/search?q=Clearwater+British+Columbia+official+municipal+website,https://www.hellobc.com/search/?query=Clearwater,Kamloops A,https://climate.weather.gc.ca/historical_data/search_historic_data_e.html?searchType=stnName&timeframe=1&txtStationName=Clearwater&searchMethod=contains&province=BC&provBut=Search,https://climate.weather.gc.ca/climate_normals/results_1981_2010_e.html?searchType=stnName&txtStationName=Clearwater&searchMethod=contains&province=BC&provBut=Search,https://climate.weather.gc.ca/climate_normals/results_1991_2020_e.html?searchType=stnName&txtStationName=Clearwater&searchMethod=contains&province=BC&provBut=Search,https://weather.gc.ca/warnings/index_e.html?prov=bc,,
164,Southern Interior,Clinton,clinton,https://www12.statcan.gc.ca/census-recensement/2021/dp-pd/prof/search/search.cfm?Lang=E&SearchText=Clinton%20British%20Columbia,https://www2.gov.bc.ca/gov/content/data/statistics/people-population-community,https://www2.gov.bc.ca/gov/content/governments/local-governments/facts-framework/systems/list-of-bc-local-governments,https://www.google.com/search?q=Clinton+British+Columbia+official+municipal+website,https://www.hellobc.com/search/?query=Clinton,Kamloops A,https://climate.weather.gc.ca/historical_data/search_historic_data_e.html?searchType=stnName&timeframe=1&txtStationName=Clinton&searchMethod=contains&province=BC&provBut=Search,https://climate.weather.gc.ca/climate_normals/results_1981_2010_e.html?searchType=stnName&txtStationName=Clinton&searchMethod=contains&province=BC&provBut=Search,https://climate.weather.gc.ca/climate_normals/results_1991_2020_e.html?searchType=stnName&txtStationName=Clinton&searchMethod=contains&province=BC&provBut=Search,https://weather.gc.ca/warnings/index_e.html?prov=bc,,
165,Southern Interior,Craigellachie,craigellachie,https://www12.statcan.gc.ca/census-recensement/2021/dp-pd/prof/search/search.cfm?Lang=E&SearchText=Craigellachie%20British%20Columbia,https://www2.gov.bc.ca/gov/content/data/statistics/people-population-community,https://www2.gov.bc.ca/gov/content/governments/local-governments/facts-framework/systems/list-of-bc-local-governments,https://www.google.com/search?q=Craigellachie+British+Columbia+official+municipal+website,https://www.hellobc.com/search/?query=Craigellachie,Kamloops A,https://climate.weather.gc.ca/historical_data/search_historic_data_e.html?searchType=stnName&timeframe=1&txtStationName=Craigellachie&searchMethod=contains&province=BC&provBut=Search,https://climate.weather.gc.ca/climate_normals/results_1981_2010_e.html?searchType=stnName&txtStationName=Craigellachie&searchMethod=contains&province=BC&provBut=Search,https://climate.weather.gc.ca/climate_normals/results_1991_2020_e.html?searchType=stnName&txtStationName=Craigellachie&searchMethod=contains&province=BC&provBut=Search,https://weather.gc.ca/warnings/index_e.html?prov=bc,,
166,Southern Interior,Kamloops,kamloops,https://www12.statcan.gc.ca/census-recensement/2021/dp-pd/prof/search/search.cfm?Lang=E&SearchText=Kamloops%20British%20Columbia,https://www2.gov.bc.ca/gov/content/data/statistics/people-population-community,https://www2.gov.bc.ca/gov/content/governments/local-governments/facts-framework/systems/list-of-bc-local-governments,https://www.google.com/search?q=Kamloops+British+Columbia+official+municipal+website,https://www.hellobc.com/search/?query=Kamloops,Kamloops A,https://climate.weather.gc.ca/historical_data/search_historic_data_e.html?searchType=stnName&timeframe=1&txtStationName=Kamloops&searchMethod=contains&province=BC&provBut=Search,https://climate.weather.gc.ca/climate_normals/results_1981_2010_e.html?searchType=stnName&txtStationName=Kamloops&searchMethod=contains&province=BC&provBut=Search,https://climate.weather.gc.ca/climate_normals/results_1991_2020_e.html?searchType=stnName&txtStationName=Kamloops&searchMethod=contains&province=BC&provBut=Search,https://weather.gc.ca/warnings/index_e.html?prov=bc,,
167,Southern Interior,Little Fort,little-fort,https://www12.statcan.gc.ca/census-recensement/2021/dp-pd/prof/search/search.cfm?Lang=E&SearchText=Little+Fort%20British%20Columbia,https://www2.gov.bc.ca/gov/content/data/statistics/people-population-community,https://www2.gov.bc.ca/gov/content/governments/local-governments/facts-framework/systems/list-of-bc-local-governments,https://www.google.com/search?q=Little+Fort+British+Columbia+official+municipal+website,https://www.hellobc.com/search/?query=Little+Fort,Kamloops A,https://climate.weather.gc.ca/historical_data/search_historic_data_e.html?searchType=stnName&timeframe=1&txtStationName=Little+Fort&searchMethod=contains&province=BC&provBut=Search,https://climate.weather.gc.ca/climate_normals/results_1981_2010_e.html?searchType=stnName&txtStationName=Little+Fort&searchMethod=contains&province=BC&provBut=Search,https://climate.weather.gc.ca/climate_normals/results_1991_2020_e.html?searchType=stnName&txtStationName=Little+Fort&searchMethod=contains&province=BC&provBut=Search,https://weather.gc.ca/warnings/index_e.html?prov=bc,,
168,Southern Interior,Logan Lake,logan-lake,https://www12.statcan.gc.ca/census-recensement/2021/dp-pd/prof/search/search.cfm?Lang=E&SearchText=Logan+Lake%20British%20Columbia,https://www2.gov.bc.ca/gov/content/data/statistics/people-population-community,https://www2.gov.bc.ca/gov/content/governments/local-governments/facts-framework/systems/list-of-bc-local-governments,https://www.google.com/search?q=Logan+Lake+British+Columbia+official+municipal+website,https://www.hellobc.com/search/?query=Logan+Lake,Kamloops A,https://climate.weather.gc.ca/historical_data/search_historic_data_e.html?searchType=stnName&timeframe=1&txtStationName=Logan+Lake&searchMethod=contains&province=BC&provBut=Search,https://climate.weather.gc.ca/climate_normals/results_1981_2010_e.html?searchType=stnName&txtStationName=Logan+Lake&searchMethod=contains&province=BC&provBut=Search,https://climate.weather.gc.ca/climate_normals/results_1991_2020_e.html?searchType=stnName&txtStationName=Logan+Lake&searchMethod=contains&province=BC&provBut=Search,https://weather.gc.ca/warnings/index_e.html?prov=bc,,
169,Southern Interior,Lytton,lytton,https://www12.statcan.gc.ca/census-recensement/2021/dp-pd/prof/search/search.cfm?Lang=E&SearchText=Lytton%20British%20Columbia,https://www2.gov.bc.ca/gov/content/data/statistics/people-population-community,https://www2.gov.bc.ca/gov/content/governments/local-governments/facts-framework/systems/list-of-bc-local-governments,https://www.google.com/search?q=Lytton+British+Columbia+official+municipal+website,https://www.hellobc.com/search/?query=Lytton,Hope Slide,https://climate.weather.gc.ca/historical_data/search_historic_data_e.html?searchType=stnName&timeframe=1&txtStationName=Lytton&searchMethod=contains&province=BC&provBut=Search,https://climate.weather.gc.ca/climate_normals/results_1981_2010_e.html?searchType=stnName&txtStationName=Lytton&searchMethod=contains&province=BC&provBut=Search,https://climate.weather.gc.ca/climate_normals/results_1991_2020_e.html?searchType=stnName&txtStationName=Lytton&searchMethod=contains&province=BC&provBut=Search,https://weather.gc.ca/warnings/index_e.html?prov=bc,,
170,Southern Interior,Malakwa,malakwa,https://www12.statcan.gc.ca/census-recensement/2021/dp-pd/prof/search/search.cfm?Lang=E&SearchText=Malakwa%20British%20Columbia,https://www2.gov.bc.ca/gov/content/data/statistics/people-population-community,https://www2.gov.bc.ca/gov/content/governments/local-governments/facts-framework/systems/list-of-bc-local-governments,https://www.google.com/search?q=Malakwa+British+Columbia+official+municipal+website,https://www.hellobc.com/search/?query=Malakwa,Kamloops A,https://climate.weather.gc.ca/historical_data/search_historic_data_e.html?searchType=stnName&timeframe=1&txtStationName=Malakwa&searchMethod=contains&province=BC&provBut=Search,https://climate.weather.gc.ca/climate_normals/results_1981_2010_e.html?searchType=stnName&txtStationName=Malakwa&searchMethod=contains&province=BC&provBut=Search,https://climate.weather.gc.ca/climate_normals/results_1991_2020_e.html?searchType=stnName&txtStationName=Malakwa&searchMethod=contains&province=BC&provBut=Search,https://weather.gc.ca/warnings/index_e.html?prov=bc,,
171,Southern Interior,Merritt,merritt,https://www12.statcan.gc.ca/census-recensement/2021/dp-pd/prof/search/search.cfm?Lang=E&SearchText=Merritt%20British%20Columbia,https://www2.gov.bc.ca/gov/content/data/statistics/people-population-community,https://www2.gov.bc.ca/gov/content/governments/local-governments/facts-framework/systems/list-of-bc-local-governments,https://www.google.com/search?q=Merritt+British+Columbia+official+municipal+website,https://www.hellobc.com/search/?query=Merritt,Merritt STP,https://climate.weather.gc.ca/historical_data/search_historic_data_e.html?searchType=stnName&timeframe=1&txtStationName=Merritt&searchMethod=contains&province=BC&provBut=Search,https://climate.weather.gc.ca/climate_normals/results_1981_2010_e.html?searchType=stnName&txtStationName=Merritt&searchMethod=contains&province=BC&provBut=Search,https://climate.weather.gc.ca/climate_normals/results_1991_2020_e.html?searchType=stnName&txtStationName=Merritt&searchMethod=contains&province=BC&provBut=Search,https://weather.gc.ca/warnings/index_e.html?prov=bc,,
172,Southern Interior,Revelstoke,revelstoke,https://www12.statcan.gc.ca/census-recensement/2021/dp-pd/prof/search/search.cfm?Lang=E&SearchText=Revelstoke%20British%20Columbia,https://www2.gov.bc.ca/gov/content/data/statistics/people-population-community,https://www2.gov.bc.ca/gov/content/governments/local-governments/facts-framework/systems/list-of-bc-local-governments,https://www.google.com/search?q=Revelstoke+British+Columbia+official+municipal+website,https://www.hellobc.com/search/?query=Revelstoke,Golden A,https://climate.weather.gc.ca/historical_data/search_historic_data_e.html?searchType=stnName&timeframe=1&txtStationName=Revelstoke&searchMethod=contains&province=BC&provBut=Search,https://climate.weather.gc.ca/climate_normals/results_1981_2010_e.html?searchType=stnName&txtStationName=Revelstoke&searchMethod=contains&province=BC&provBut=Search,https://climate.weather.gc.ca/climate_normals/results_1991_2020_e.html?searchType=stnName&txtStationName=Revelstoke&searchMethod=contains&province=BC&provBut=Search,https://weather.gc.ca/warnings/index_e.html?prov=bc,,
173,Southern Interior,Salmon Arm,salmon-arm,https://www12.statcan.gc.ca/census-recensement/2021/dp-pd/prof/search/search.cfm?Lang=E&SearchText=Salmon+Arm%20British%20Columbia,https://www2.gov.bc.ca/gov/content/data/statistics/people-population-community,https://www2.gov.bc.ca/gov/content/governments/local-governments/facts-framework/systems/list-of-bc-local-governments,https://www.google.com/search?q=Salmon+Arm+British+Columbia+official+municipal+website,https://www.hellobc.com/search/?query=Salmon+Arm,Salmon Arm A,https://climate.weather.gc.ca/historical_data/search_historic_data_e.html?searchType=stnName&timeframe=1&txtStationName=Salmon+Arm&searchMethod=contains&province=BC&provBut=Search,https://climate.weather.gc.ca/climate_normals/results_1981_2010_e.html?searchType=stnName&txtStationName=Salmon+Arm&searchMethod=contains&province=BC&provBut=Search,https://climate.weather.gc.ca/climate_normals/results_1991_2020_e.html?searchType=stnName&txtStationName=Salmon+Arm&searchMethod=contains&province=BC&provBut=Search,https://weather.gc.ca/warnings/index_e.html?prov=bc,,
174,Southern Interior,Savona,savona,https://www12.statcan.gc.ca/census-recensement/2021/dp-pd/prof/search/search.cfm?Lang=E&SearchText=Savona%20British%20Columbia,https://www2.gov.bc.ca/gov/content/data/statistics/people-population-community,https://www2.gov.bc.ca/gov/content/governments/local-governments/facts-framework/systems/list-of-bc-local-governments,https://www.google.com/search?q=Savona+British+Columbia+official+municipal+website,https://www.hellobc.com/search/?query=Savona,Kamloops A,https://climate.weather.gc.ca/historical_data/search_historic_data_e.html?searchType=stnName&timeframe=1&txtStationName=Savona&searchMethod=contains&province=BC&provBut=Search,https://climate.weather.gc.ca/climate_normals/results_1981_2010_e.html?searchType=stnName&txtStationName=Savona&searchMethod=contains&province=BC&provBut=Search,https://climate.weather.gc.ca/climate_normals/results_1991_2020_e.html?searchType=stnName&txtStationName=Savona&searchMethod=contains&province=BC&provBut=Search,https://weather.gc.ca/warnings/index_e.html?prov=bc,,
175,Southern Interior,Sicamous,sicamous,https://www12.statcan.gc.ca/census-recensement/2021/dp-pd/prof/search/search.cfm?Lang=E&SearchText=Sicamous%20British%20Columbia,https://www2.gov.bc.ca/gov/content/data/statistics/people-population-community,https://www2.gov.bc.ca/gov/content/governments/local-governments/facts-framework/systems/list-of-bc-local-governments,https://www.google.com/search?q=Sicamous+British+Columbia+official+municipal+website,https://www.hellobc.com/search/?query=Sicamous,Salmon Arm A,https://climate.weather.gc.ca/historical_data/search_historic_data_e.html?searchType=stnName&timeframe=1&txtStationName=Sicamous&searchMethod=contains&province=BC&provBut=Search,https://climate.weather.gc.ca/climate_normals/results_1981_2010_e.html?searchType=stnName&txtStationName=Sicamous&searchMethod=contains&province=BC&provBut=Search,https://climate.weather.gc.ca/climate_normals/results_1991_2020_e.html?searchType=stnName&txtStationName=Sicamous&searchMethod=contains&province=BC&provBut=Search,https://weather.gc.ca/warnings/index_e.html?prov=bc,,
176,Southern Interior,Spences Bridge,spences-bridge,https://www12.statcan.gc.ca/census-recensement/2021/dp-pd/prof/search/search.cfm?Lang=E&SearchText=Spences+Bridge%20British%20Columbia,https://www2.gov.bc.ca/gov/content/data/statistics/people-population-community,https://www2.gov.bc.ca/gov/content/governments/local-governments/facts-framework/systems/list-of-bc-local-governments,https://www.google.com/search?q=Spences+Bridge+British+Columbia+official+municipal+website,https://www.hellobc.com/search/?query=Spences+Bridge,Kamloops A,https://climate.weather.gc.ca/historical_data/search_historic_data_e.html?searchType=stnName&timeframe=1&txtStationName=Spences+Bridge&searchMethod=contains&province=BC&provBut=Search,https://climate.weather.gc.ca/climate_normals/results_1981_2010_e.html?searchType=stnName&txtStationName=Spences+Bridge&searchMethod=contains&province=BC&provBut=Search,https://climate.weather.gc.ca/climate_normals/results_1991_2020_e.html?searchType=stnName&txtStationName=Spences+Bridge&searchMethod=contains&province=BC&provBut=Search,https://weather.gc.ca/warnings/index_e.html?prov=bc,,
177,Southern Interior,Sun Peaks,sun-peaks,https://www12.statcan.gc.ca/census-recensement/2021/dp-pd/prof/search/search.cfm?Lang=E&SearchText=Sun+Peaks%20British%20Columbia,https://www2.gov.bc.ca/gov/content/data/statistics/people-population-community,https://www2.gov.bc.ca/gov/content/governments/local-governments/facts-framework/systems/list-of-bc-local-governments,https://www.google.com/search?q=Sun+Peaks+British+Columbia+official+municipal+website,https://www.hellobc.com/search/?query=Sun+Peaks,Kamloops A,https://climate.weather.gc.ca/historical_data/search_historic_data_e.html?searchType=stnName&timeframe=1&txtStationName=Sun+Peaks&searchMethod=contains&province=BC&provBut=Search,https://climate.weather.gc.ca/climate_normals/results_1981_2010_e.html?searchType=stnName&txtStationName=Sun+Peaks&searchMethod=contains&province=BC&provBut=Search,https://climate.weather.gc.ca/climate_normals/results_1991_2020_e.html?searchType=stnName&txtStationName=Sun+Peaks&searchMethod=contains&province=BC&provBut=Search,https://weather.gc.ca/warnings/index_e.html?prov=bc,,
178,Southern Interior,Tappen,tappen,https://www12.statcan.gc.ca/census-recensement/2021/dp-pd/prof/search/search.cfm?Lang=E&SearchText=Tappen%20British%20Columbia,https://www2.gov.bc.ca/gov/content/data/statistics/people-population-community,https://www2.gov.bc.ca/gov/content/governments/local-governments/facts-framework/systems/list-of-bc-local-governments,https://www.google.com/search?q=Tappen+British+Columbia+official+municipal+website,https://www.hellobc.com/search/?query=Tappen,Kamloops A,https://climate.weather.gc.ca/historical_data/search_historic_data_e.html?searchType=stnName&timeframe=1&txtStationName=Tappen&searchMethod=contains&province=BC&provBut=Search,https://climate.weather.gc.ca/climate_normals/results_1981_2010_e.html?searchType=stnName&txtStationName=Tappen&searchMethod=contains&province=BC&provBut=Search,https://climate.weather.gc.ca/climate_normals/results_1991_2020_e.html?searchType=stnName&txtStationName=Tappen&searchMethod=contains&province=BC&provBut=Search,https://weather.gc.ca/warnings/index_e.html?prov=bc,,
179,Southern Interior,Three Valley Gap,three-valley-gap,https://www12.statcan.gc.ca/census-recensement/2021/dp-pd/prof/search/search.cfm?Lang=E&SearchText=Three+Valley+Gap%20British%20Columbia,https://www2.gov.bc.ca/gov/content/data/statistics/people-population-community,https://www2.gov.bc.ca/gov/content/governments/local-governments/facts-framework/systems/list-of-bc-local-governments,https://www.google.com/search?q=Three+Valley+Gap+British+Columbia+official+municipal+website,https://www.hellobc.com/search/?query=Three+Valley+Gap,Kamloops A,https://climate.weather.gc.ca/historical_data/search_historic_data_e.html?searchType=stnName&timeframe=1&txtStationName=Three+Valley+Gap&searchMethod=contains&province=BC&provBut=Search,https://climate.weather.gc.ca/climate_normals/results_1981_2010_e.html?searchType=stnName&txtStationName=Three+Valley+Gap&searchMethod=contains&province=BC&provBut=Search,https://climate.weather.gc.ca/climate_normals/results_1991_2020_e.html?searchType=stnName&txtStationName=Three+Valley+Gap&searchMethod=contains&province=BC&provBut=Search,https://weather.gc.ca/warnings/index_e.html?prov=bc,,
180,Southern Interior,Westwold,westwold,https://www12.statcan.gc.ca/census-recensement/2021/dp-pd/prof/search/search.cfm?Lang=E&SearchText=Westwold%20British%20Columbia,https://www2.gov.bc.ca/gov/content/data/statistics/people-population-community,https://www2.gov.bc.ca/gov/content/governments/local-governments/facts-framework/systems/list-of-bc-local-governments,https://www.google.com/search?q=Westwold+British+Columbia+official+municipal+website,https://www.hellobc.com/search/?query=Westwold,Kamloops A,https://climate.weather.gc.ca/historical_data/search_historic_data_e.html?searchType=stnName&timeframe=1&txtStationName=Westwold&searchMethod=contains&province=BC&provBut=Search,https://climate.weather.gc.ca/climate_normals/results_1981_2010_e.html?searchType=stnName&txtStationName=Westwold&searchMethod=contains&province=BC&provBut=Search,https://climate.weather.gc.ca/climate_normals/results_1991_2020_e.html?searchType=stnName&txtStationName=Westwold&searchMethod=contains&province=BC&provBut=Search,https://weather.gc.ca/warnings/index_e.html?prov=bc,,
181,Okanagan,Armstrong,armstrong,https://www12.statcan.gc.ca/census-recensement/2021/dp-pd/prof/search/search.cfm?Lang=E&SearchText=Armstrong%20British%20Columbia,https://www2.gov.bc.ca/gov/content/data/statistics/people-population-community,https://www2.gov.bc.ca/gov/content/governments/local-governments/facts-framework/systems/list-of-bc-local-governments,https://www.google.com/search?q=Armstrong+British+Columbia+official+municipal+website,https://www.hellobc.com/search/?query=Armstrong,Vernon Bella Vista,https://climate.weather.gc.ca/historical_data/search_historic_data_e.html?searchType=stnName&timeframe=1&txtStationName=Armstrong&searchMethod=contains&province=BC&provBut=Search,https://climate.weather.gc.ca/climate_normals/results_1981_2010_e.html?searchType=stnName&txtStationName=Armstrong&searchMethod=contains&province=BC&provBut=Search,https://climate.weather.gc.ca/climate_normals/results_1991_2020_e.html?searchType=stnName&txtStationName=Armstrong&searchMethod=contains&province=BC&provBut=Search,https://weather.gc.ca/warnings/index_e.html?prov=bc,,
182,Okanagan,Cawston,cawston,https://www12.statcan.gc.ca/census-recensement/2021/dp-pd/prof/search/search.cfm?Lang=E&SearchText=Cawston%20British%20Columbia,https://www2.gov.bc.ca/gov/content/data/statistics/people-population-community,https://www2.gov.bc.ca/gov/content/governments/local-governments/facts-framework/systems/list-of-bc-local-governments,https://www.google.com/search?q=Cawston+British+Columbia+official+municipal+website,https://www.hellobc.com/search/?query=Cawston,Oliver STP,https://climate.weather.gc.ca/historical_data/search_historic_data_e.html?searchType=stnName&timeframe=1&txtStationName=Cawston&searchMethod=contains&province=BC&provBut=Search,https://climate.weather.gc.ca/climate_normals/results_1981_2010_e.html?searchType=stnName&txtStationName=Cawston&searchMethod=contains&province=BC&provBut=Search,https://climate.weather.gc.ca/climate_normals/results_1991_2020_e.html?searchType=stnName&txtStationName=Cawston&searchMethod=contains&province=BC&provBut=Search,https://weather.gc.ca/warnings/index_e.html?prov=bc,,
183,Okanagan,Coldstream,coldstream,https://www12.statcan.gc.ca/census-recensement/2021/dp-pd/prof/search/search.cfm?Lang=E&SearchText=Coldstream%20British%20Columbia,https://www2.gov.bc.ca/gov/content/data/statistics/people-population-community,https://www2.gov.bc.ca/gov/content/governments/local-governments/facts-framework/systems/list-of-bc-local-governments,https://www.google.com/search?q=Coldstream+British+Columbia+official+municipal+website,https://www.hellobc.com/search/?query=Coldstream,Vernon Bella Vista,https://climate.weather.gc.ca/historical_data/search_historic_data_e.html?searchType=stnName&timeframe=1&txtStationName=Coldstream&searchMethod=contains&province=BC&provBut=Search,https://climate.weather.gc.ca/climate_normals/results_1981_2010_e.html?searchType=stnName&txtStationName=Coldstream&searchMethod=contains&province=BC&provBut=Search,https://climate.weather.gc.ca/climate_normals/results_1991_2020_e.html?searchType=stnName&txtStationName=Coldstream&searchMethod=contains&province=BC&provBut=Search,https://weather.gc.ca/warnings/index_e.html?prov=bc,,
184,Okanagan,Enderby,enderby,https://www12.statcan.gc.ca/census-recensement/2021/dp-pd/prof/search/search.cfm?Lang=E&SearchText=Enderby%20British%20Columbia,https://www2.gov.bc.ca/gov/content/data/statistics/people-population-community,https://www2.gov.bc.ca/gov/content/governments/local-governments/facts-framework/systems/list-of-bc-local-governments,https://www.google.com/search?q=Enderby+British+Columbia+official+municipal+website,https://www.hellobc.com/search/?query=Enderby,Vernon Bella Vista,https://climate.weather.gc.ca/historical_data/search_historic_data_e.html?searchType=stnName&timeframe=1&txtStationName=Enderby&searchMethod=contains&province=BC&provBut=Search,https://climate.weather.gc.ca/climate_normals/results_1981_2010_e.html?searchType=stnName&txtStationName=Enderby&searchMethod=contains&province=BC&provBut=Search,https://climate.weather.gc.ca/climate_normals/results_1991_2020_e.html?searchType=stnName&txtStationName=Enderby&searchMethod=contains&province=BC&provBut=Search,https://weather.gc.ca/warnings/index_e.html?prov=bc,,
185,Okanagan,Falkland,falkland,https://www12.statcan.gc.ca/census-recensement/2021/dp-pd/prof/search/search.cfm?Lang=E&SearchText=Falkland%20British%20Columbia,https://www2.gov.bc.ca/gov/content/data/statistics/people-population-community,https://www2.gov.bc.ca/gov/content/governments/local-governments/facts-framework/systems/list-of-bc-local-governments,https://www.google.com/search?q=Falkland+British+Columbia+official+municipal+website,https://www.hellobc.com/search/?query=Falkland,Kelowna A,https://climate.weather.gc.ca/historical_data/search_historic_data_e.html?searchType=stnName&timeframe=1&txtStationName=Falkland&searchMethod=contains&province=BC&provBut=Search,https://climate.weather.gc.ca/climate_normals/results_1981_2010_e.html?searchType=stnName&txtStationName=Falkland&searchMethod=contains&province=BC&provBut=Search,https://climate.weather.gc.ca/climate_normals/results_1991_2020_e.html?searchType=stnName&txtStationName=Falkland&searchMethod=contains&province=BC&provBut=Search,https://weather.gc.ca/warnings/index_e.html?prov=bc,,
186,Okanagan,Hedley,hedley,https://www12.statcan.gc.ca/census-recensement/2021/dp-pd/prof/search/search.cfm?Lang=E&SearchText=Hedley%20British%20Columbia,https://www2.gov.bc.ca/gov/content/data/statistics/people-population-community,https://www2.gov.bc.ca/gov/content/governments/local-governments/facts-framework/systems/list-of-bc-local-governments,https://www.google.com/search?q=Hedley+British+Columbia+official+municipal+website,https://www.hellobc.com/search/?query=Hedley,Merritt STP,https://climate.weather.gc.ca/historical_data/search_historic_data_e.html?searchType=stnName&timeframe=1&txtStationName=Hedley&searchMethod=contains&province=BC&provBut=Search,https://climate.weather.gc.ca/climate_normals/results_1981_2010_e.html?searchType=stnName&txtStationName=Hedley&searchMethod=contains&province=BC&provBut=Search,https://climate.weather.gc.ca/climate_normals/results_1991_2020_e.html?searchType=stnName&txtStationName=Hedley&searchMethod=contains&province=BC&provBut=Search,https://weather.gc.ca/warnings/index_e.html?prov=bc,,
187,Okanagan,Kelowna,kelowna,https://www12.statcan.gc.ca/census-recensement/2021/dp-pd/prof/search/search.cfm?Lang=E&SearchText=Kelowna%20British%20Columbia,https://www2.gov.bc.ca/gov/content/data/statistics/people-population-community,https://www2.gov.bc.ca/gov/content/governments/local-governments/facts-framework/systems/list-of-bc-local-governments,https://www.google.com/search?q=Kelowna+British+Columbia+official+municipal+website,https://www.hellobc.com/search/?query=Kelowna,Kelowna A,https://climate.weather.gc.ca/historical_data/search_historic_data_e.html?searchType=stnName&timeframe=1&txtStationName=Kelowna&searchMethod=contains&province=BC&provBut=Search,https://climate.weather.gc.ca/climate_normals/results_1981_2010_e.html?searchType=stnName&txtStationName=Kelowna&searchMethod=contains&province=BC&provBut=Search,https://climate.weather.gc.ca/climate_normals/results_1991_2020_e.html?searchType=stnName&txtStationName=Kelowna&searchMethod=contains&province=BC&provBut=Search,https://weather.gc.ca/warnings/index_e.html?prov=bc,,
188,Okanagan,Keremeos,keremeos,https://www12.statcan.gc.ca/census-recensement/2021/dp-pd/prof/search/search.cfm?Lang=E&SearchText=Keremeos%20British%20Columbia,https://www2.gov.bc.ca/gov/content/data/statistics/people-population-community,https://www2.gov.bc.ca/gov/content/governments/local-governments/facts-framework/systems/list-of-bc-local-governments,https://www.google.com/search?q=Keremeos+British+Columbia+official+municipal+website,https://www.hellobc.com/search/?query=Keremeos,Oliver STP,https://climate.weather.gc.ca/historical_data/search_historic_data_e.html?searchType=stnName&timeframe=1&txtStationName=Keremeos&searchMethod=contains&province=BC&provBut=Search,https://climate.weather.gc.ca/climate_normals/results_1981_2010_e.html?searchType=stnName&txtStationName=Keremeos&searchMethod=contains&province=BC&provBut=Search,https://climate.weather.gc.ca/climate_normals/results_1991_2020_e.html?searchType=stnName&txtStationName=Keremeos&searchMethod=contains&province=BC&provBut=Search,https://weather.gc.ca/warnings/index_e.html?prov=bc,,
189,Okanagan,Lake Country,lake-country,https://www12.statcan.gc.ca/census-recensement/2021/dp-pd/prof/search/search.cfm?Lang=E&SearchText=Lake+Country%20British%20Columbia,https://www2.gov.bc.ca/gov/content/data/statistics/people-population-community,https://www2.gov.bc.ca/gov/content/governments/local-governments/facts-framework/systems/list-of-bc-local-governments,https://www.google.com/search?q=Lake+Country+British+Columbia+official+municipal+website,https://www.hellobc.com/search/?query=Lake+Country,Kelowna A,https://climate.weather.gc.ca/historical_data/search_historic_data_e.html?searchType=stnName&timeframe=1&txtStationName=Lake+Country&searchMethod=contains&province=BC&provBut=Search,https://climate.weather.gc.ca/climate_normals/results_1981_2010_e.html?searchType=stnName&txtStationName=Lake+Country&searchMethod=contains&province=BC&provBut=Search,https://climate.weather.gc.ca/climate_normals/results_1991_2020_e.html?searchType=stnName&txtStationName=Lake+Country&searchMethod=contains&province=BC&provBut=Search,https://weather.gc.ca/warnings/index_e.html?prov=bc,,
190,Okanagan,Lumby,lumby,https://www12.statcan.gc.ca/census-recensement/2021/dp-pd/prof/search/search.cfm?Lang=E&SearchText=Lumby%20British%20Columbia,https://www2.gov.bc.ca/gov/content/data/statistics/people-population-community,https://www2.gov.bc.ca/gov/content/governments/local-governments/facts-framework/systems/list-of-bc-local-governments,https://www.google.com/search?q=Lumby+British+Columbia+official+municipal+website,https://www.hellobc.com/search/?query=Lumby,Vernon Bella Vista,https://climate.weather.gc.ca/historical_data/search_historic_data_e.html?searchType=stnName&timeframe=1&txtStationName=Lumby&searchMethod=contains&province=BC&provBut=Search,https://climate.weather.gc.ca/climate_normals/results_1981_2010_e.html?searchType=stnName&txtStationName=Lumby&searchMethod=contains&province=BC&provBut=Search,https://climate.weather.gc.ca/climate_normals/results_1991_2020_e.html?searchType=stnName&txtStationName=Lumby&searchMethod=contains&province=BC&provBut=Search,https://weather.gc.ca/warnings/index_e.html?prov=bc,,
191,Okanagan,Oliver,oliver,https://www12.statcan.gc.ca/census-recensement/2021/dp-pd/prof/search/search.cfm?Lang=E&SearchText=Oliver%20British%20Columbia,https://www2.gov.bc.ca/gov/content/data/statistics/people-population-community,https://www2.gov.bc.ca/gov/content/governments/local-governments/facts-framework/systems/list-of-bc-local-governments,https://www.google.com/search?q=Oliver+British+Columbia+official+municipal+website,https://www.hellobc.com/search/?query=Oliver,Oliver STP,https://climate.weather.gc.ca/historical_data/search_historic_data_e.html?searchType=stnName&timeframe=1&txtStationName=Oliver&searchMethod=contains&province=BC&provBut=Search,https://climate.weather.gc.ca/climate_normals/results_1981_2010_e.html?searchType=stnName&txtStationName=Oliver&searchMethod=contains&province=BC&provBut=Search,https://climate.weather.gc.ca/climate_normals/results_1991_2020_e.html?searchType=stnName&txtStationName=Oliver&searchMethod=contains&province=BC&provBut=Search,https://weather.gc.ca/warnings/index_e.html?prov=bc,,
192,Okanagan,Osoyoos,osoyoos,https://www12.statcan.gc.ca/census-recensement/2021/dp-pd/prof/search/search.cfm?Lang=E&SearchText=Osoyoos%20British%20Columbia,https://www2.gov.bc.ca/gov/content/data/statistics/people-population-community,https://www2.gov.bc.ca/gov/content/governments/local-governments/facts-framework/systems/list-of-bc-local-governments,https://www.google.com/search?q=Osoyoos+British+Columbia+official+municipal+website,https://www.hellobc.com/search/?query=Osoyoos,Osoyoos West,https://climate.weather.gc.ca/historical_data/search_historic_data_e.html?searchType=stnName&timeframe=1&txtStationName=Osoyoos&searchMethod=contains&province=BC&provBut=Search,https://climate.weather.gc.ca/climate_normals/results_1981_2010_e.html?searchType=stnName&txtStationName=Osoyoos&searchMethod=contains&province=BC&provBut=Search,https://climate.weather.gc.ca/climate_normals/results_1991_2020_e.html?searchType=stnName&txtStationName=Osoyoos&searchMethod=contains&province=BC&provBut=Search,https://weather.gc.ca/warnings/index_e.html?prov=bc,,
193,Okanagan,Peachland,peachland,https://www12.statcan.gc.ca/census-recensement/2021/dp-pd/prof/search/search.cfm?Lang=E&SearchText=Peachland%20British%20Columbia,https://www2.gov.bc.ca/gov/content/data/statistics/people-population-community,https://www2.gov.bc.ca/gov/content/governments/local-governments/facts-framework/systems/list-of-bc-local-governments,https://www.google.com/search?q=Peachland+British+Columbia+official+municipal+website,https://www.hellobc.com/search/?query=Peachland,Kelowna A,https://climate.weather.gc.ca/historical_data/search_historic_data_e.html?searchType=stnName&timeframe=1&txtStationName=Peachland&searchMethod=contains&province=BC&provBut=Search,https://climate.weather.gc.ca/climate_normals/results_1981_2010_e.html?searchType=stnName&txtStationName=Peachland&searchMethod=contains&province=BC&provBut=Search,https://climate.weather.gc.ca/climate_normals/results_1991_2020_e.html?searchType=stnName&txtStationName=Peachland&searchMethod=contains&province=BC&provBut=Search,https://weather.gc.ca/warnings/index_e.html?prov=bc,,
194,Okanagan,Penticton,penticton,https://www12.statcan.gc.ca/census-recensement/2021/dp-pd/prof/search/search.cfm?Lang=E&SearchText=Penticton%20British%20Columbia,https://www2.gov.bc.ca/gov/content/data/statistics/people-population-community,https://www2.gov.bc.ca/gov/content/governments/local-governments/facts-framework/systems/list-of-bc-local-governments,https://www.google.com/search?q=Penticton+British+Columbia+official+municipal+website,https://www.hellobc.com/search/?query=Penticton,Penticton A,https://climate.weather.gc.ca/historical_data/search_historic_data_e.html?searchType=stnName&timeframe=1&txtStationName=Penticton&searchMethod=contains&province=BC&provBut=Search,https://climate.weather.gc.ca/climate_normals/results_1981_2010_e.html?searchType=stnName&txtStationName=Penticton&searchMethod=contains&province=BC&provBut=Search,https://climate.weather.gc.ca/climate_normals/results_1991_2020_e.html?searchType=stnName&txtStationName=Penticton&searchMethod=contains&province=BC&provBut=Search,https://weather.gc.ca/warnings/index_e.html?prov=bc,,
195,Okanagan,Princeton,princeton,https://www12.statcan.gc.ca/census-recensement/2021/dp-pd/prof/search/search.cfm?Lang=E&SearchText=Princeton%20British%20Columbia,https://www2.gov.bc.ca/gov/content/data/statistics/people-population-community,https://www2.gov.bc.ca/gov/content/governments/local-governments/facts-framework/systems/list-of-bc-local-governments,https://www.google.com/search?q=Princeton+British+Columbia+official+municipal+website,https://www.hellobc.com/search/?query=Princeton,Merritt STP,https://climate.weather.gc.ca/historical_data/search_historic_data_e.html?searchType=stnName&timeframe=1&txtStationName=Princeton&searchMethod=contains&province=BC&provBut=Search,https://climate.weather.gc.ca/climate_normals/results_1981_2010_e.html?searchType=stnName&txtStationName=Princeton&searchMethod=contains&province=BC&provBut=Search,https://climate.weather.gc.ca/climate_normals/results_1991_2020_e.html?searchType=stnName&txtStationName=Princeton&searchMethod=contains&province=BC&provBut=Search,https://weather.gc.ca/warnings/index_e.html?prov=bc,,
196,Okanagan,Spallumcheen,spallumcheen,https://www12.statcan.gc.ca/census-recensement/2021/dp-pd/prof/search/search.cfm?Lang=E&SearchText=Spallumcheen%20British%20Columbia,https://www2.gov.bc.ca/gov/content/data/statistics/people-population-community,https://www2.gov.bc.ca/gov/content/governments/local-governments/facts-framework/systems/list-of-bc-local-governments,https://www.google.com/search?q=Spallumcheen+British+Columbia+official+municipal+website,https://www.hellobc.com/search/?query=Spallumcheen,Kelowna A,https://climate.weather.gc.ca/historical_data/search_historic_data_e.html?searchType=stnName&timeframe=1&txtStationName=Spallumcheen&searchMethod=contains&province=BC&provBut=Search,https://climate.weather.gc.ca/climate_normals/results_1981_2010_e.html?searchType=stnName&txtStationName=Spallumcheen&searchMethod=contains&province=BC&provBut=Search,https://climate.weather.gc.ca/climate_normals/results_1991_2020_e.html?searchType=stnName&txtStationName=Spallumcheen&searchMethod=contains&province=BC&provBut=Search,https://weather.gc.ca/warnings/index_e.html?prov=bc,,
197,Okanagan,Summerland,summerland,https://www12.statcan.gc.ca/census-recensement/2021/dp-pd/prof/search/search.cfm?Lang=E&SearchText=Summerland%20British%20Columbia,https://www2.gov.bc.ca/gov/content/data/statistics/people-population-community,https://www2.gov.bc.ca/gov/content/governments/local-governments/facts-framework/systems/list-of-bc-local-governments,https://www.google.com/search?q=Summerland+British+Columbia+official+municipal+website,https://www.hellobc.com/search/?query=Summerland,Penticton A,https://climate.weather.gc.ca/historical_data/search_historic_data_e.html?searchType=stnName&timeframe=1&txtStationName=Summerland&searchMethod=contains&province=BC&provBut=Search,https://climate.weather.gc.ca/climate_normals/results_1981_2010_e.html?searchType=stnName&txtStationName=Summerland&searchMethod=contains&province=BC&provBut=Search,https://climate.weather.gc.ca/climate_normals/results_1991_2020_e.html?searchType=stnName&txtStationName=Summerland&searchMethod=contains&province=BC&provBut=Search,https://weather.gc.ca/warnings/index_e.html?prov=bc,,
198,Okanagan,Vernon,vernon,https://www12.statcan.gc.ca/census-recensement/2021/dp-pd/prof/search/search.cfm?Lang=E&SearchText=Vernon%20British%20Columbia,https://www2.gov.bc.ca/gov/content/data/statistics/people-population-community,https://www2.gov.bc.ca/gov/content/governments/local-governments/facts-framework/systems/list-of-bc-local-governments,https://www.google.com/search?q=Vernon+British+Columbia+official+municipal+website,https://www.hellobc.com/search/?query=Vernon,Vernon Bella Vista,https://climate.weather.gc.ca/historical_data/search_historic_data_e.html?searchType=stnName&timeframe=1&txtStationName=Vernon&searchMethod=contains&province=BC&provBut=Search,https://climate.weather.gc.ca/climate_normals/results_1981_2010_e.html?searchType=stnName&txtStationName=Vernon&searchMethod=contains&province=BC&provBut=Search,https://climate.weather.gc.ca/climate_normals/results_1991_2020_e.html?searchType=stnName&txtStationName=Vernon&searchMethod=contains&province=BC&provBut=Search,https://weather.gc.ca/warnings/index_e.html?prov=bc,,
199,Okanagan,West Kelowna,west-kelowna,https://www12.statcan.gc.ca/census-recensement/2021/dp-pd/prof/search/search.cfm?Lang=E&SearchText=West+Kelowna%20British%20Columbia,https://www2.gov.bc.ca/gov/content/data/statistics/people-population-community,https://www2.gov.bc.ca/gov/content/governments/local-governments/facts-framework/systems/list-of-bc-local-governments,https://www.google.com/search?q=West+Kelowna+British+Columbia+official+municipal+website,https://www.hellobc.com/search/?query=West+Kelowna,Kelowna A,https://climate.weather.gc.ca/historical_data/search_historic_data_e.html?searchType=stnName&timeframe=1&txtStationName=West+Kelowna&searchMethod=contains&province=BC&provBut=Search,https://climate.weather.gc.ca/climate_normals/results_1981_2010_e.html?searchType=stnName&txtStationName=West+Kelowna&searchMethod=contains&province=BC&provBut=Search,https://climate.weather.gc.ca/climate_normals/results_1991_2020_e.html?searchType=stnName&txtStationName=West+Kelowna&searchMethod=contains&province=BC&provBut=Search,https://weather.gc.ca/warnings/index_e.html?prov=bc,,
200,Kootenay,Ainsworth Hot Springs,ainsworth-hot-springs,https://www12.statcan.gc.ca/census-recensement/2021/dp-pd/prof/search/search.cfm?Lang=E&SearchText=Ainsworth+Hot+Springs%20British%20Columbia,https://www2.gov.bc.ca/gov/content/data/statistics/people-population-community,https://www2.gov.bc.ca/gov/content/governments/local-governments/facts-framework/systems/list-of-bc-local-governments,https://www.google.com/search?q=Ainsworth+Hot+Springs+British+Columbia+official+municipal+website,https://www.hellobc.com/search/?query=Ainsworth+Hot+Springs,Castlegar A,https://climate.weather.gc.ca/historical_data/search_historic_data_e.html?searchType=stnName&timeframe=1&txtStationName=Ainsworth+Hot+Springs&searchMethod=contains&province=BC&provBut=Search,https://climate.weather.gc.ca/climate_normals/results_1981_2010_e.html?searchType=stnName&txtStationName=Ainsworth+Hot+Springs&searchMethod=contains&province=BC&provBut=Search,https://climate.weather.gc.ca/climate_normals/results_1991_2020_e.html?searchType=stnName&txtStationName=Ainsworth+Hot+Springs&searchMethod=contains&province=BC&provBut=Search,https://weather.gc.ca/warnings/index_e.html?prov=bc,,
201,Kootenay,Balfour,balfour,https://www12.statcan.gc.ca/census-recensement/2021/dp-pd/prof/search/search.cfm?Lang=E&SearchText=Balfour%20British%20Columbia,https://www2.gov.bc.ca/gov/content/data/statistics/people-population-community,https://www2.gov.bc.ca/gov/content/governments/local-governments/facts-framework/systems/list-of-bc-local-governments,https://www.google.com/search?q=Balfour+British+Columbia+official+municipal+website,https://www.hellobc.com/search/?query=Balfour,Castlegar A,https://climate.weather.gc.ca/historical_data/search_historic_data_e.html?searchType=stnName&timeframe=1&txtStationName=Balfour&searchMethod=contains&province=BC&provBut=Search,https://climate.weather.gc.ca/climate_normals/results_1981_2010_e.html?searchType=stnName&txtStationName=Balfour&searchMethod=contains&province=BC&provBut=Search,https://climate.weather.gc.ca/climate_normals/results_1991_2020_e.html?searchType=stnName&txtStationName=Balfour&searchMethod=contains&province=BC&provBut=Search,https://weather.gc.ca/warnings/index_e.html?prov=bc,,
202,Kootenay,Brisco,brisco,https://www12.statcan.gc.ca/census-recensement/2021/dp-pd/prof/search/search.cfm?Lang=E&SearchText=Brisco%20British%20Columbia,https://www2.gov.bc.ca/gov/content/data/statistics/people-population-community,https://www2.gov.bc.ca/gov/content/governments/local-governments/facts-framework/systems/list-of-bc-local-governments,https://www.google.com/search?q=Brisco+British+Columbia+official+municipal+website,https://www.hellobc.com/search/?query=Brisco,Golden A,https://climate.weather.gc.ca/historical_data/search_historic_data_e.html?searchType=stnName&timeframe=1&txtStationName=Brisco&searchMethod=contains&province=BC&provBut=Search,https://climate.weather.gc.ca/climate_normals/results_1981_2010_e.html?searchType=stnName&txtStationName=Brisco&searchMethod=contains&province=BC&provBut=Search,https://climate.weather.gc.ca/climate_normals/results_1991_2020_e.html?searchType=stnName&txtStationName=Brisco&searchMethod=contains&province=BC&provBut=Search,https://weather.gc.ca/warnings/index_e.html?prov=bc,,
203,Kootenay,Canal Flats,canal-flats,https://www12.statcan.gc.ca/census-recensement/2021/dp-pd/prof/search/search.cfm?Lang=E&SearchText=Canal+Flats%20British%20Columbia,https://www2.gov.bc.ca/gov/content/data/statistics/people-population-community,https://www2.gov.bc.ca/gov/content/governments/local-governments/facts-framework/systems/list-of-bc-local-governments,https://www.google.com/search?q=Canal+Flats+British+Columbia+official+municipal+website,https://www.hellobc.com/search/?query=Canal+Flats,Cranbrook A,https://climate.weather.gc.ca/historical_data/search_historic_data_e.html?searchType=stnName&timeframe=1&txtStationName=Canal+Flats&searchMethod=contains&province=BC&provBut=Search,https://climate.weather.gc.ca/climate_normals/results_1981_2010_e.html?searchType=stnName&txtStationName=Canal+Flats&searchMethod=contains&province=BC&provBut=Search,https://climate.weather.gc.ca/climate_normals/results_1991_2020_e.html?searchType=stnName&txtStationName=Canal+Flats&searchMethod=contains&province=BC&provBut=Search,https://weather.gc.ca/warnings/index_e.html?prov=bc,,
204,Kootenay,Castledale,castledale,https://www12.statcan.gc.ca/census-recensement/2021/dp-pd/prof/search/search.cfm?Lang=E&SearchText=Castledale%20British%20Columbia,https://www2.gov.bc.ca/gov/content/data/statistics/people-population-community,https://www2.gov.bc.ca/gov/content/governments/local-governments/facts-framework/systems/list-of-bc-local-governments,https://www.google.com/search?q=Castledale+British+Columbia+official+municipal+website,https://www.hellobc.com/search/?query=Castledale,Castlegar A,https://climate.weather.gc.ca/historical_data/search_historic_data_e.html?searchType=stnName&timeframe=1&txtStationName=Castledale&searchMethod=contains&province=BC&provBut=Search,https://climate.weather.gc.ca/climate_normals/results_1981_2010_e.html?searchType=stnName&txtStationName=Castledale&searchMethod=contains&province=BC&provBut=Search,https://climate.weather.gc.ca/climate_normals/results_1991_2020_e.html?searchType=stnName&txtStationName=Castledale&searchMethod=contains&province=BC&provBut=Search,https://weather.gc.ca/warnings/index_e.html?prov=bc,,
205,Kootenay,Castlegar,castlegar,https://www12.statcan.gc.ca/census-recensement/2021/dp-pd/prof/search/search.cfm?Lang=E&SearchText=Castlegar%20British%20Columbia,https://www2.gov.bc.ca/gov/content/data/statistics/people-population-community,https://www2.gov.bc.ca/gov/content/governments/local-governments/facts-framework/systems/list-of-bc-local-governments,https://www.google.com/search?q=Castlegar+British+Columbia+official+municipal+website,https://www.hellobc.com/search/?query=Castlegar,Castlegar A,https://climate.weather.gc.ca/historical_data/search_historic_data_e.html?searchType=stnName&timeframe=1&txtStationName=Castlegar&searchMethod=contains&province=BC&provBut=Search,https://climate.weather.gc.ca/climate_normals/results_1981_2010_e.html?searchType=stnName&txtStationName=Castlegar&searchMethod=contains&province=BC&provBut=Search,https://climate.weather.gc.ca/climate_normals/results_1991_2020_e.html?searchType=stnName&txtStationName=Castlegar&searchMethod=contains&province=BC&provBut=Search,https://weather.gc.ca/warnings/index_e.html?prov=bc,,
206,Kootenay,Cranbrook,cranbrook,https://www12.statcan.gc.ca/census-recensement/2021/dp-pd/prof/search/search.cfm?Lang=E&SearchText=Cranbrook%20British%20Columbia,https://www2.gov.bc.ca/gov/content/data/statistics/people-population-community,https://www2.gov.bc.ca/gov/content/governments/local-governments/facts-framework/systems/list-of-bc-local-governments,https://www.google.com/search?q=Cranbrook+British+Columbia+official+municipal+website,https://www.hellobc.com/search/?query=Cranbrook,Cranbrook A,https://climate.weather.gc.ca/historical_data/search_historic_data_e.html?searchType=stnName&timeframe=1&txtStationName=Cranbrook&searchMethod=contains&province=BC&provBut=Search,https://climate.weather.gc.ca/climate_normals/results_1981_2010_e.html?searchType=stnName&txtStationName=Cranbrook&searchMethod=contains&province=BC&provBut=Search,https://climate.weather.gc.ca/climate_normals/results_1991_2020_e.html?searchType=stnName&txtStationName=Cranbrook&searchMethod=contains&province=BC&provBut=Search,https://weather.gc.ca/warnings/index_e.html?prov=bc,,
207,Kootenay,Creston,creston,https://www12.statcan.gc.ca/census-recensement/2021/dp-pd/prof/search/search.cfm?Lang=E&SearchText=Creston%20British%20Columbia,https://www2.gov.bc.ca/gov/content/data/statistics/people-population-community,https://www2.gov.bc.ca/gov/content/governments/local-governments/facts-framework/systems/list-of-bc-local-governments,https://www.google.com/search?q=Creston+British+Columbia+official+municipal+website,https://www.hellobc.com/search/?query=Creston,Castlegar A,https://climate.weather.gc.ca/historical_data/search_historic_data_e.html?searchType=stnName&timeframe=1&txtStationName=Creston&searchMethod=contains&province=BC&provBut=Search,https://climate.weather.gc.ca/climate_normals/results_1981_2010_e.html?searchType=stnName&txtStationName=Creston&searchMethod=contains&province=BC&provBut=Search,https://climate.weather.gc.ca/climate_normals/results_1991_2020_e.html?searchType=stnName&txtStationName=Creston&searchMethod=contains&province=BC&provBut=Search,https://weather.gc.ca/warnings/index_e.html?prov=bc,,
208,Kootenay,Edgewater,edgewater,https://www12.statcan.gc.ca/census-recensement/2021/dp-pd/prof/search/search.cfm?Lang=E&SearchText=Edgewater%20British%20Columbia,https://www2.gov.bc.ca/gov/content/data/statistics/people-population-community,https://www2.gov.bc.ca/gov/content/governments/local-governments/facts-framework/systems/list-of-bc-local-governments,https://www.google.com/search?q=Edgewater+British+Columbia+official+municipal+website,https://www.hellobc.com/search/?query=Edgewater,Golden A,https://climate.weather.gc.ca/historical_data/search_historic_data_e.html?searchType=stnName&timeframe=1&txtStationName=Edgewater&searchMethod=contains&province=BC&provBut=Search,https://climate.weather.gc.ca/climate_normals/results_1981_2010_e.html?searchType=stnName&txtStationName=Edgewater&searchMethod=contains&province=BC&provBut=Search,https://climate.weather.gc.ca/climate_normals/results_1991_2020_e.html?searchType=stnName&txtStationName=Edgewater&searchMethod=contains&province=BC&provBut=Search,https://weather.gc.ca/warnings/index_e.html?prov=bc,,
209,Kootenay,Elkford,elkford,https://www12.statcan.gc.ca/census-recensement/2021/dp-pd/prof/search/search.cfm?Lang=E&SearchText=Elkford%20British%20Columbia,https://www2.gov.bc.ca/gov/content/data/statistics/people-population-community,https://www2.gov.bc.ca/gov/content/governments/local-governments/facts-framework/systems/list-of-bc-local-governments,https://www.google.com/search?q=Elkford+British+Columbia+official+municipal+website,https://www.hellobc.com/search/?query=Elkford,Sparwood,https://climate.weather.gc.ca/historical_data/search_historic_data_e.html?searchType=stnName&timeframe=1&txtStationName=Elkford&searchMethod=contains&province=BC&provBut=Search,https://climate.weather.gc.ca/climate_normals/results_1981_2010_e.html?searchType=stnName&txtStationName=Elkford&searchMethod=contains&province=BC&provBut=Search,https://climate.weather.gc.ca/climate_normals/results_1991_2020_e.html?searchType=stnName&txtStationName=Elkford&searchMethod=contains&province=BC&provBut=Search,https://weather.gc.ca/warnings/index_e.html?prov=bc,,
210,Kootenay,Fairmont Hot Springs,fairmont-hot-springs,https://www12.statcan.gc.ca/census-recensement/2021/dp-pd/prof/search/search.cfm?Lang=E&SearchText=Fairmont+Hot+Springs%20British%20Columbia,https://www2.gov.bc.ca/gov/content/data/statistics/people-population-community,https://www2.gov.bc.ca/gov/content/governments/local-governments/facts-framework/systems/list-of-bc-local-governments,https://www.google.com/search?q=Fairmont+Hot+Springs+British+Columbia+official+municipal+website,https://www.hellobc.com/search/?query=Fairmont+Hot+Springs,Cranbrook A,https://climate.weather.gc.ca/historical_data/search_historic_data_e.html?searchType=stnName&timeframe=1&txtStationName=Fairmont+Hot+Springs&searchMethod=contains&province=BC&provBut=Search,https://climate.weather.gc.ca/climate_normals/results_1981_2010_e.html?searchType=stnName&txtStationName=Fairmont+Hot+Springs&searchMethod=contains&province=BC&provBut=Search,https://climate.weather.gc.ca/climate_normals/results_1991_2020_e.html?searchType=stnName&txtStationName=Fairmont+Hot+Springs&searchMethod=contains&province=BC&provBut=Search,https://weather.gc.ca/warnings/index_e.html?prov=bc,,
211,Kootenay,Fernie,fernie,https://www12.statcan.gc.ca/census-recensement/2021/dp-pd/prof/search/search.cfm?Lang=E&SearchText=Fernie%20British%20Columbia,https://www2.gov.bc.ca/gov/content/data/statistics/people-population-community,https://www2.gov.bc.ca/gov/content/governments/local-governments/facts-framework/systems/list-of-bc-local-governments,https://www.google.com/search?q=Fernie+British+Columbia+official+municipal+website,https://www.hellobc.com/search/?query=Fernie,Fernie,https://climate.weather.gc.ca/historical_data/search_historic_data_e.html?searchType=stnName&timeframe=1&txtStationName=Fernie&searchMethod=contains&province=BC&provBut=Search,https://climate.weather.gc.ca/climate_normals/results_1981_2010_e.html?searchType=stnName&txtStationName=Fernie&searchMethod=contains&province=BC&provBut=Search,https://climate.weather.gc.ca/climate_normals/results_1991_2020_e.html?searchType=stnName&txtStationName=Fernie&searchMethod=contains&province=BC&provBut=Search,https://weather.gc.ca/warnings/index_e.html?prov=bc,,
212,Kootenay,Field,field,https://www12.statcan.gc.ca/census-recensement/2021/dp-pd/prof/search/search.cfm?Lang=E&SearchText=Field%20British%20Columbia,https://www2.gov.bc.ca/gov/content/data/statistics/people-population-community,https://www2.gov.bc.ca/gov/content/governments/local-governments/facts-framework/systems/list-of-bc-local-governments,https://www.google.com/search?q=Field+British+Columbia+official+municipal+website,https://www.hellobc.com/search/?query=Field,Golden A,https://climate.weather.gc.ca/historical_data/search_historic_data_e.html?searchType=stnName&timeframe=1&txtStationName=Field&searchMethod=contains&province=BC&provBut=Search,https://climate.weather.gc.ca/climate_normals/results_1981_2010_e.html?searchType=stnName&txtStationName=Field&searchMethod=contains&province=BC&provBut=Search,https://climate.weather.gc.ca/climate_normals/results_1991_2020_e.html?searchType=stnName&txtStationName=Field&searchMethod=contains&province=BC&provBut=Search,https://weather.gc.ca/warnings/index_e.html?prov=bc,,
213,Kootenay,Fruitvale,fruitvale,https://www12.statcan.gc.ca/census-recensement/2021/dp-pd/prof/search/search.cfm?Lang=E&SearchText=Fruitvale%20British%20Columbia,https://www2.gov.bc.ca/gov/content/data/statistics/people-population-community,https://www2.gov.bc.ca/gov/content/governments/local-governments/facts-framework/systems/list-of-bc-local-governments,https://www.google.com/search?q=Fruitvale+British+Columbia+official+municipal+website,https://www.hellobc.com/search/?query=Fruitvale,Castlegar A,https://climate.weather.gc.ca/historical_data/search_historic_data_e.html?searchType=stnName&timeframe=1&txtStationName=Fruitvale&searchMethod=contains&province=BC&provBut=Search,https://climate.weather.gc.ca/climate_normals/results_1981_2010_e.html?searchType=stnName&txtStationName=Fruitvale&searchMethod=contains&province=BC&provBut=Search,https://climate.weather.gc.ca/climate_normals/results_1991_2020_e.html?searchType=stnName&txtStationName=Fruitvale&searchMethod=contains&province=BC&provBut=Search,https://weather.gc.ca/warnings/index_e.html?prov=bc,,
214,Kootenay,Golden,golden,https://www12.statcan.gc.ca/census-recensement/2021/dp-pd/prof/search/search.cfm?Lang=E&SearchText=Golden%20British%20Columbia,https://www2.gov.bc.ca/gov/content/data/statistics/people-population-community,https://www2.gov.bc.ca/gov/content/governments/local-governments/facts-framework/systems/list-of-bc-local-governments,https://www.google.com/search?q=Golden+British+Columbia+official+municipal+website,https://www.hellobc.com/search/?query=Golden,Golden A,https://climate.weather.gc.ca/historical_data/search_historic_data_e.html?searchType=stnName&timeframe=1&txtStationName=Golden&searchMethod=contains&province=BC&provBut=Search,https://climate.weather.gc.ca/climate_normals/results_1981_2010_e.html?searchType=stnName&txtStationName=Golden&searchMethod=contains&province=BC&provBut=Search,https://climate.weather.gc.ca/climate_normals/results_1991_2020_e.html?searchType=stnName&txtStationName=Golden&searchMethod=contains&province=BC&provBut=Search,https://weather.gc.ca/warnings/index_e.html?prov=bc,,
215,Kootenay,Grand Forks,grand-forks,https://www12.statcan.gc.ca/census-recensement/2021/dp-pd/prof/search/search.cfm?Lang=E&SearchText=Grand+Forks%20British%20Columbia,https://www2.gov.bc.ca/gov/content/data/statistics/people-population-community,https://www2.gov.bc.ca/gov/content/governments/local-governments/facts-framework/systems/list-of-bc-local-governments,https://www.google.com/search?q=Grand+Forks+British+Columbia+official+municipal+website,https://www.hellobc.com/search/?query=Grand+Forks,Castlegar A,https://climate.weather.gc.ca/historical_data/search_historic_data_e.html?searchType=stnName&timeframe=1&txtStationName=Grand+Forks&searchMethod=contains&province=BC&provBut=Search,https://climate.weather.gc.ca/climate_normals/results_1981_2010_e.html?searchType=stnName&txtStationName=Grand+Forks&searchMethod=contains&province=BC&provBut=Search,https://climate.weather.gc.ca/climate_normals/results_1991_2020_e.html?searchType=stnName&txtStationName=Grand+Forks&searchMethod=contains&province=BC&provBut=Search,https://weather.gc.ca/warnings/index_e.html?prov=bc,,
216,Kootenay,Greenwood,greenwood,https://www12.statcan.gc.ca/census-recensement/2021/dp-pd/prof/search/search.cfm?Lang=E&SearchText=Greenwood%20British%20Columbia,https://www2.gov.bc.ca/gov/content/data/statistics/people-population-community,https://www2.gov.bc.ca/gov/content/governments/local-governments/facts-framework/systems/list-of-bc-local-governments,https://www.google.com/search?q=Greenwood+British+Columbia+official+municipal+website,https://www.hellobc.com/search/?query=Greenwood,Castlegar A,https://climate.weather.gc.ca/historical_data/search_historic_data_e.html?searchType=stnName&timeframe=1&txtStationName=Greenwood&searchMethod=contains&province=BC&provBut=Search,https://climate.weather.gc.ca/climate_normals/results_1981_2010_e.html?searchType=stnName&txtStationName=Greenwood&searchMethod=contains&province=BC&provBut=Search,https://climate.weather.gc.ca/climate_normals/results_1991_2020_e.html?searchType=stnName&txtStationName=Greenwood&searchMethod=contains&province=BC&provBut=Search,https://weather.gc.ca/warnings/index_e.html?prov=bc,,
217,Kootenay,Invermere,invermere,https://www12.statcan.gc.ca/census-recensement/2021/dp-pd/prof/search/search.cfm?Lang=E&SearchText=Invermere%20British%20Columbia,https://www2.gov.bc.ca/gov/content/data/statistics/people-population-community,https://www2.gov.bc.ca/gov/content/governments/local-governments/facts-framework/systems/list-of-bc-local-governments,https://www.google.com/search?q=Invermere+British+Columbia+official+municipal+website,https://www.hellobc.com/search/?query=Invermere,Cranbrook A,https://climate.weather.gc.ca/historical_data/search_historic_data_e.html?searchType=stnName&timeframe=1&txtStationName=Invermere&searchMethod=contains&province=BC&provBut=Search,https://climate.weather.gc.ca/climate_normals/results_1981_2010_e.html?searchType=stnName&txtStationName=Invermere&searchMethod=contains&province=BC&provBut=Search,https://climate.weather.gc.ca/climate_normals/results_1991_2020_e.html?searchType=stnName&txtStationName=Invermere&searchMethod=contains&province=BC&provBut=Search,https://weather.gc.ca/warnings/index_e.html?prov=bc,,
218,Kootenay,Kaslo,kaslo,https://www12.statcan.gc.ca/census-recensement/2021/dp-pd/prof/search/search.cfm?Lang=E&SearchText=Kaslo%20British%20Columbia,https://www2.gov.bc.ca/gov/content/data/statistics/people-population-community,https://www2.gov.bc.ca/gov/content/governments/local-governments/facts-framework/systems/list-of-bc-local-governments,https://www.google.com/search?q=Kaslo+British+Columbia+official+municipal+website,https://www.hellobc.com/search/?query=Kaslo,Castlegar A,https://climate.weather.gc.ca/historical_data/search_historic_data_e.html?searchType=stnName&timeframe=1&txtStationName=Kaslo&searchMethod=contains&province=BC&provBut=Search,https://climate.weather.gc.ca/climate_normals/results_1981_2010_e.html?searchType=stnName&txtStationName=Kaslo&searchMethod=contains&province=BC&provBut=Search,https://climate.weather.gc.ca/climate_normals/results_1991_2020_e.html?searchType=stnName&txtStationName=Kaslo&searchMethod=contains&province=BC&provBut=Search,https://weather.gc.ca/warnings/index_e.html?prov=bc,,
219,Kootenay,Kimberley,kimberley,https://www12.statcan.gc.ca/census-recensement/2021/dp-pd/prof/search/search.cfm?Lang=E&SearchText=Kimberley%20British%20Columbia,https://www2.gov.bc.ca/gov/content/data/statistics/people-population-community,https://www2.gov.bc.ca/gov/content/governments/local-governments/facts-framework/systems/list-of-bc-local-governments,https://www.google.com/search?q=Kimberley+British+Columbia+official+municipal+website,https://www.hellobc.com/search/?query=Kimberley,Cranbrook A,https://climate.weather.gc.ca/historical_data/search_historic_data_e.html?searchType=stnName&timeframe=1&txtStationName=Kimberley&searchMethod=contains&province=BC&provBut=Search,https://climate.weather.gc.ca/climate_normals/results_1981_2010_e.html?searchType=stnName&txtStationName=Kimberley&searchMethod=contains&province=BC&provBut=Search,https://climate.weather.gc.ca/climate_normals/results_1991_2020_e.html?searchType=stnName&txtStationName=Kimberley&searchMethod=contains&province=BC&provBut=Search,https://weather.gc.ca/warnings/index_e.html?prov=bc,,
220,Kootenay,Lemon Creek,lemon-creek,https://www12.statcan.gc.ca/census-recensement/2021/dp-pd/prof/search/search.cfm?Lang=E&SearchText=Lemon+Creek%20British%20Columbia,https://www2.gov.bc.ca/gov/content/data/statistics/people-population-community,https://www2.gov.bc.ca/gov/content/governments/local-governments/facts-framework/systems/list-of-bc-local-governments,https://www.google.com/search?q=Lemon+Creek+British+Columbia+official+municipal+website,https://www.hellobc.com/search/?query=Lemon+Creek,Castlegar A,https://climate.weather.gc.ca/historical_data/search_historic_data_e.html?searchType=stnName&timeframe=1&txtStationName=Lemon+Creek&searchMethod=contains&province=BC&provBut=Search,https://climate.weather.gc.ca/climate_normals/results_1981_2010_e.html?searchType=stnName&txtStationName=Lemon+Creek&searchMethod=contains&province=BC&provBut=Search,https://climate.weather.gc.ca/climate_normals/results_1991_2020_e.html?searchType=stnName&txtStationName=Lemon+Creek&searchMethod=contains&province=BC&provBut=Search,https://weather.gc.ca/warnings/index_e.html?prov=bc,,
221,Kootenay,Midway,midway,https://www12.statcan.gc.ca/census-recensement/2021/dp-pd/prof/search/search.cfm?Lang=E&SearchText=Midway%20British%20Columbia,https://www2.gov.bc.ca/gov/content/data/statistics/people-population-community,https://www2.gov.bc.ca/gov/content/governments/local-governments/facts-framework/systems/list-of-bc-local-governments,https://www.google.com/search?q=Midway+British+Columbia+official+municipal+website,https://www.hellobc.com/search/?query=Midway,Castlegar A,https://climate.weather.gc.ca/historical_data/search_historic_data_e.html?searchType=stnName&timeframe=1&txtStationName=Midway&searchMethod=contains&province=BC&provBut=Search,https://climate.weather.gc.ca/climate_normals/results_1981_2010_e.html?searchType=stnName&txtStationName=Midway&searchMethod=contains&province=BC&provBut=Search,https://climate.weather.gc.ca/climate_normals/results_1991_2020_e.html?searchType=stnName&txtStationName=Midway&searchMethod=contains&province=BC&provBut=Search,https://weather.gc.ca/warnings/index_e.html?prov=bc,,
222,Kootenay,Montrose,montrose,https://www12.statcan.gc.ca/census-recensement/2021/dp-pd/prof/search/search.cfm?Lang=E&SearchText=Montrose%20British%20Columbia,https://www2.gov.bc.ca/gov/content/data/statistics/people-population-community,https://www2.gov.bc.ca/gov/content/governments/local-governments/facts-framework/systems/list-of-bc-local-governments,https://www.google.com/search?q=Montrose+British+Columbia+official+municipal+website,https://www.hellobc.com/search/?query=Montrose,Castlegar A,https://climate.weather.gc.ca/historical_data/search_historic_data_e.html?searchType=stnName&timeframe=1&txtStationName=Montrose&searchMethod=contains&province=BC&provBut=Search,https://climate.weather.gc.ca/climate_normals/results_1981_2010_e.html?searchType=stnName&txtStationName=Montrose&searchMethod=contains&province=BC&provBut=Search,https://climate.weather.gc.ca/climate_normals/results_1991_2020_e.html?searchType=stnName&txtStationName=Montrose&searchMethod=contains&province=BC&provBut=Search,https://weather.gc.ca/warnings/index_e.html?prov=bc,,
223,Kootenay,Nakusp,nakusp,https://www12.statcan.gc.ca/census-recensement/2021/dp-pd/prof/search/search.cfm?Lang=E&SearchText=Nakusp%20British%20Columbia,https://www2.gov.bc.ca/gov/content/data/statistics/people-population-community,https://www2.gov.bc.ca/gov/content/governments/local-governments/facts-framework/systems/list-of-bc-local-governments,https://www.google.com/search?q=Nakusp+British+Columbia+official+municipal+website,https://www.hellobc.com/search/?query=Nakusp,Castlegar A,https://climate.weather.gc.ca/historical_data/search_historic_data_e.html?searchType=stnName&timeframe=1&txtStationName=Nakusp&searchMethod=contains&province=BC&provBut=Search,https://climate.weather.gc.ca/climate_normals/results_1981_2010_e.html?searchType=stnName&txtStationName=Nakusp&searchMethod=contains&province=BC&provBut=Search,https://climate.weather.gc.ca/climate_normals/results_1991_2020_e.html?searchType=stnName&txtStationName=Nakusp&searchMethod=contains&province=BC&provBut=Search,https://weather.gc.ca/warnings/index_e.html?prov=bc,,
224,Kootenay,Nelson,nelson,https://www12.statcan.gc.ca/census-recensement/2021/dp-pd/prof/search/search.cfm?Lang=E&SearchText=Nelson%20British%20Columbia,https://www2.gov.bc.ca/gov/content/data/statistics/people-population-community,https://www2.gov.bc.ca/gov/content/governments/local-governments/facts-framework/systems/list-of-bc-local-governments,https://www.google.com/search?q=Nelson+British+Columbia+official+municipal+website,https://www.hellobc.com/search/?query=Nelson,Castlegar A,https://climate.weather.gc.ca/historical_data/search_historic_data_e.html?searchType=stnName&timeframe=1&txtStationName=Nelson&searchMethod=contains&province=BC&provBut=Search,https://climate.weather.gc.ca/climate_normals/results_1981_2010_e.html?searchType=stnName&txtStationName=Nelson&searchMethod=contains&province=BC&provBut=Search,https://climate.weather.gc.ca/climate_normals/results_1991_2020_e.html?searchType=stnName&txtStationName=Nelson&searchMethod=contains&province=BC&provBut=Search,https://weather.gc.ca/warnings/index_e.html?prov=bc,,
225,Kootenay,New Denver,new-denver,https://www12.statcan.gc.ca/census-recensement/2021/dp-pd/prof/search/search.cfm?Lang=E&SearchText=New+Denver%20British%20Columbia,https://www2.gov.bc.ca/gov/content/data/statistics/people-population-community,https://www2.gov.bc.ca/gov/content/governments/local-governments/facts-framework/systems/list-of-bc-local-governments,https://www.google.com/search?q=New+Denver+British+Columbia+official+municipal+website,https://www.hellobc.com/search/?query=New+Denver,Castlegar A,https://climate.weather.gc.ca/historical_data/search_historic_data_e.html?searchType=stnName&timeframe=1&txtStationName=New+Denver&searchMethod=contains&province=BC&provBut=Search,https://climate.weather.gc.ca/climate_normals/results_1981_2010_e.html?searchType=stnName&txtStationName=New+Denver&searchMethod=contains&province=BC&provBut=Search,https://climate.weather.gc.ca/climate_normals/results_1991_2020_e.html?searchType=stnName&txtStationName=New+Denver&searchMethod=contains&province=BC&provBut=Search,https://weather.gc.ca/warnings/index_e.html?prov=bc,,
226,Kootenay,Parson,parson,https://www12.statcan.gc.ca/census-recensement/2021/dp-pd/prof/search/search.cfm?Lang=E&SearchText=Parson%20British%20Columbia,https://www2.gov.bc.ca/gov/content/data/statistics/people-population-community,https://www2.gov.bc.ca/gov/content/governments/local-governments/facts-framework/systems/list-of-bc-local-governments,https://www.google.com/search?q=Parson+British+Columbia+official+municipal+website,https://www.hellobc.com/search/?query=Parson,Golden A,https://climate.weather.gc.ca/historical_data/search_historic_data_e.html?searchType=stnName&timeframe=1&txtStationName=Parson&searchMethod=contains&province=BC&provBut=Search,https://climate.weather.gc.ca/climate_normals/results_1981_2010_e.html?searchType=stnName&txtStationName=Parson&searchMethod=contains&province=BC&provBut=Search,https://climate.weather.gc.ca/climate_normals/results_1991_2020_e.html?searchType=stnName&txtStationName=Parson&searchMethod=contains&province=BC&provBut=Search,https://weather.gc.ca/warnings/index_e.html?prov=bc,,
227,Kootenay,Radium Hot Springs,radium-hot-springs,https://www12.statcan.gc.ca/census-recensement/2021/dp-pd/prof/search/search.cfm?Lang=E&SearchText=Radium+Hot+Springs%20British%20Columbia,https://www2.gov.bc.ca/gov/content/data/statistics/people-population-community,https://www2.gov.bc.ca/gov/content/governments/local-governments/facts-framework/systems/list-of-bc-local-governments,https://www.google.com/search?q=Radium+Hot+Springs+British+Columbia+official+municipal+website,https://www.hellobc.com/search/?query=Radium+Hot+Springs,Cranbrook A,https://climate.weather.gc.ca/historical_data/search_historic_data_e.html?searchType=stnName&timeframe=1&txtStationName=Radium+Hot+Springs&searchMethod=contains&province=BC&provBut=Search,https://climate.weather.gc.ca/climate_normals/results_1981_2010_e.html?searchType=stnName&txtStationName=Radium+Hot+Springs&searchMethod=contains&province=BC&provBut=Search,https://climate.weather.gc.ca/climate_normals/results_1991_2020_e.html?searchType=stnName&txtStationName=Radium+Hot+Springs&searchMethod=contains&province=BC&provBut=Search,https://weather.gc.ca/warnings/index_e.html?prov=bc,,
228,Kootenay,Robson,robson,https://www12.statcan.gc.ca/census-recensement/2021/dp-pd/prof/search/search.cfm?Lang=E&SearchText=Robson%20British%20Columbia,https://www2.gov.bc.ca/gov/content/data/statistics/people-population-community,https://www2.gov.bc.ca/gov/content/governments/local-governments/facts-framework/systems/list-of-bc-local-governments,https://www.google.com/search?q=Robson+British+Columbia+official+municipal+website,https://www.hellobc.com/search/?query=Robson,Castlegar A,https://climate.weather.gc.ca/historical_data/search_historic_data_e.html?searchType=stnName&timeframe=1&txtStationName=Robson&searchMethod=contains&province=BC&provBut=Search,https://climate.weather.gc.ca/climate_normals/results_1981_2010_e.html?searchType=stnName&txtStationName=Robson&searchMethod=contains&province=BC&provBut=Search,https://climate.weather.gc.ca/climate_normals/results_1991_2020_e.html?searchType=stnName&txtStationName=Robson&searchMethod=contains&province=BC&provBut=Search,https://weather.gc.ca/warnings/index_e.html?prov=bc,,
229,Kootenay,Rock Creek,rock-creek,https://www12.statcan.gc.ca/census-recensement/2021/dp-pd/prof/search/search.cfm?Lang=E&SearchText=Rock+Creek%20British%20Columbia,https://www2.gov.bc.ca/gov/content/data/statistics/people-population-community,https://www2.gov.bc.ca/gov/content/governments/local-governments/facts-framework/systems/list-of-bc-local-governments,https://www.google.com/search?q=Rock+Creek+British+Columbia+official+municipal+website,https://www.hellobc.com/search/?query=Rock+Creek,Castlegar A,https://climate.weather.gc.ca/historical_data/search_historic_data_e.html?searchType=stnName&timeframe=1&txtStationName=Rock+Creek&searchMethod=contains&province=BC&provBut=Search,https://climate.weather.gc.ca/climate_normals/results_1981_2010_e.html?searchType=stnName&txtStationName=Rock+Creek&searchMethod=contains&province=BC&provBut=Search,https://climate.weather.gc.ca/climate_normals/results_1991_2020_e.html?searchType=stnName&txtStationName=Rock+Creek&searchMethod=contains&province=BC&provBut=Search,https://weather.gc.ca/warnings/index_e.html?prov=bc,,
230,Kootenay,Rossland,rossland,https://www12.statcan.gc.ca/census-recensement/2021/dp-pd/prof/search/search.cfm?Lang=E&SearchText=Rossland%20British%20Columbia,https://www2.gov.bc.ca/gov/content/data/statistics/people-population-community,https://www2.gov.bc.ca/gov/content/governments/local-governments/facts-framework/systems/list-of-bc-local-governments,https://www.google.com/search?q=Rossland+British+Columbia+official+municipal+website,https://www.hellobc.com/search/?query=Rossland,Castlegar A,https://climate.weather.gc.ca/historical_data/search_historic_data_e.html?searchType=stnName&timeframe=1&txtStationName=Rossland&searchMethod=contains&province=BC&provBut=Search,https://climate.weather.gc.ca/climate_normals/results_1981_2010_e.html?searchType=stnName&txtStationName=Rossland&searchMethod=contains&province=BC&provBut=Search,https://climate.weather.gc.ca/climate_normals/results_1991_2020_e.html?searchType=stnName&txtStationName=Rossland&searchMethod=contains&province=BC&provBut=Search,https://weather.gc.ca/warnings/index_e.html?prov=bc,,
231,Kootenay,Salmo,salmo,https://www12.statcan.gc.ca/census-recensement/2021/dp-pd/prof/search/search.cfm?Lang=E&SearchText=Salmo%20British%20Columbia,https://www2.gov.bc.ca/gov/content/data/statistics/people-population-community,https://www2.gov.bc.ca/gov/content/governments/local-governments/facts-framework/systems/list-of-bc-local-governments,https://www.google.com/search?q=Salmo+British+Columbia+official+municipal+website,https://www.hellobc.com/search/?query=Salmo,Castlegar A,https://climate.weather.gc.ca/historical_data/search_historic_data_e.html?searchType=stnName&timeframe=1&txtStationName=Salmo&searchMethod=contains&province=BC&provBut=Search,https://climate.weather.gc.ca/climate_normals/results_1981_2010_e.html?searchType=stnName&txtStationName=Salmo&searchMethod=contains&province=BC&provBut=Search,https://climate.weather.gc.ca/climate_normals/results_1991_2020_e.html?searchType=stnName&txtStationName=Salmo&searchMethod=contains&province=BC&provBut=Search,https://weather.gc.ca/warnings/index_e.html?prov=bc,,
232,Kootenay,Silverton,silverton,https://www12.statcan.gc.ca/census-recensement/2021/dp-pd/prof/search/search.cfm?Lang=E&SearchText=Silverton%20British%20Columbia,https://www2.gov.bc.ca/gov/content/data/statistics/people-population-community,https://www2.gov.bc.ca/gov/content/governments/local-governments/facts-framework/systems/list-of-bc-local-governments,https://www.google.com/search?q=Silverton+British+Columbia+official+municipal+website,https://www.hellobc.com/search/?query=Silverton,Castlegar A,https://climate.weather.gc.ca/historical_data/search_historic_data_e.html?searchType=stnName&timeframe=1&txtStationName=Silverton&searchMethod=contains&province=BC&provBut=Search,https://climate.weather.gc.ca/climate_normals/results_1981_2010_e.html?searchType=stnName&txtStationName=Silverton&searchMethod=contains&province=BC&provBut=Search,https://climate.weather.gc.ca/climate_normals/results_1991_2020_e.html?searchType=stnName&txtStationName=Silverton&searchMethod=contains&province=BC&provBut=Search,https://weather.gc.ca/warnings/index_e.html?prov=bc,,
233,Kootenay,Slocan,slocan,https://www12.statcan.gc.ca/census-recensement/2021/dp-pd/prof/search/search.cfm?Lang=E&SearchText=Slocan%20British%20Columbia,https://www2.gov.bc.ca/gov/content/data/statistics/people-population-community,https://www2.gov.bc.ca/gov/content/governments/local-governments/facts-framework/systems/list-of-bc-local-governments,https://www.google.com/search?q=Slocan+British+Columbia+official+municipal+website,https://www.hellobc.com/search/?query=Slocan,Castlegar A,https://climate.weather.gc.ca/historical_data/search_historic_data_e.html?searchType=stnName&timeframe=1&txtStationName=Slocan&searchMethod=contains&province=BC&provBut=Search,https://climate.weather.gc.ca/climate_normals/results_1981_2010_e.html?searchType=stnName&txtStationName=Slocan&searchMethod=contains&province=BC&provBut=Search,https://climate.weather.gc.ca/climate_normals/results_1991_2020_e.html?searchType=stnName&txtStationName=Slocan&searchMethod=contains&province=BC&provBut=Search,https://weather.gc.ca/warnings/index_e.html?prov=bc,,
234,Kootenay,Sparwood,sparwood,https://www12.statcan.gc.ca/census-recensement/2021/dp-pd/prof/search/search.cfm?Lang=E&SearchText=Sparwood%20British%20Columbia,https://www2.gov.bc.ca/gov/content/data/statistics/people-population-community,https://www2.gov.bc.ca/gov/content/governments/local-governments/facts-framework/systems/list-of-bc-local-governments,https://www.google.com/search?q=Sparwood+British+Columbia+official+municipal+website,https://www.hellobc.com/search/?query=Sparwood,Sparwood,https://climate.weather.gc.ca/historical_data/search_historic_data_e.html?searchType=stnName&timeframe=1&txtStationName=Sparwood&searchMethod=contains&province=BC&provBut=Search,https://climate.weather.gc.ca/climate_normals/results_1981_2010_e.html?searchType=stnName&txtStationName=Sparwood&searchMethod=contains&province=BC&provBut=Search,https://climate.weather.gc.ca/climate_normals/results_1991_2020_e.html?searchType=stnName&txtStationName=Sparwood&searchMethod=contains&province=BC&provBut=Search,https://weather.gc.ca/warnings/index_e.html?prov=bc,,
235,Kootenay,Trail,trail,https://www12.statcan.gc.ca/census-recensement/2021/dp-pd/prof/search/search.cfm?Lang=E&SearchText=Trail%20British%20Columbia,https://www2.gov.bc.ca/gov/content/data/statistics/people-population-community,https://www2.gov.bc.ca/gov/content/governments/local-governments/facts-framework/systems/list-of-bc-local-governments,https://www.google.com/search?q=Trail+British+Columbia+official+municipal+website,https://www.hellobc.com/search/?query=Trail,Castlegar A,https://climate.weather.gc.ca/historical_data/search_historic_data_e.html?searchType=stnName&timeframe=1&txtStationName=Trail&searchMethod=contains&province=BC&provBut=Search,https://climate.weather.gc.ca/climate_normals/results_1981_2010_e.html?searchType=stnName&txtStationName=Trail&searchMethod=contains&province=BC&provBut=Search,https://climate.weather.gc.ca/climate_normals/results_1991_2020_e.html?searchType=stnName&txtStationName=Trail&searchMethod=contains&province=BC&provBut=Search,https://weather.gc.ca/warnings/index_e.html?prov=bc,,
236,Kootenay,Trout Lake,trout-lake,https://www12.statcan.gc.ca/census-recensement/2021/dp-pd/prof/search/search.cfm?Lang=E&SearchText=Trout+Lake%20British%20Columbia,https://www2.gov.bc.ca/gov/content/data/statistics/people-population-community,https://www2.gov.bc.ca/gov/content/governments/local-governments/facts-framework/systems/list-of-bc-local-governments,https://www.google.com/search?q=Trout+Lake+British+Columbia+official+municipal+website,https://www.hellobc.com/search/?query=Trout+Lake,Castlegar A,https://climate.weather.gc.ca/historical_data/search_historic_data_e.html?searchType=stnName&timeframe=1&txtStationName=Trout+Lake&searchMethod=contains&province=BC&provBut=Search,https://climate.weather.gc.ca/climate_normals/results_1981_2010_e.html?searchType=stnName&txtStationName=Trout+Lake&searchMethod=contains&province=BC&provBut=Search,https://climate.weather.gc.ca/climate_normals/results_1991_2020_e.html?searchType=stnName&txtStationName=Trout+Lake&searchMethod=contains&province=BC&provBut=Search,https://weather.gc.ca/warnings/index_e.html?prov=bc,,
237,Kootenay,Warfield,warfield,https://www12.statcan.gc.ca/census-recensement/2021/dp-pd/prof/search/search.cfm?Lang=E&SearchText=Warfield%20British%20Columbia,https://www2.gov.bc.ca/gov/content/data/statistics/people-population-community,https://www2.gov.bc.ca/gov/content/governments/local-governments/facts-framework/systems/list-of-bc-local-governments,https://www.google.com/search?q=Warfield+British+Columbia+official+municipal+website,https://www.hellobc.com/search/?query=Warfield,Castlegar A,https://climate.weather.gc.ca/historical_data/search_historic_data_e.html?searchType=stnName&timeframe=1&txtStationName=Warfield&searchMethod=contains&province=BC&provBut=Search,https://climate.weather.gc.ca/climate_normals/results_1981_2010_e.html?searchType=stnName&txtStationName=Warfield&searchMethod=contains&province=BC&provBut=Search,https://climate.weather.gc.ca/climate_normals/results_1991_2020_e.html?searchType=stnName&txtStationName=Warfield&searchMethod=contains&province=BC&provBut=Search,https://weather.gc.ca/warnings/index_e.html?prov=bc,,
238,Kootenay,Windermere,windermere,https://www12.statcan.gc.ca/census-recensement/2021/dp-pd/prof/search/search.cfm?Lang=E&SearchText=Windermere%20British%20Columbia,https://www2.gov.bc.ca/gov/content/data/statistics/people-population-community,https://www2.gov.bc.ca/gov/content/governments/local-governments/facts-framework/systems/list-of-bc-local-governments,https://www.google.com/search?q=Windermere+British+Columbia+official+municipal+website,https://www.hellobc.com/search/?query=Windermere,Castlegar A,https://climate.weather.gc.ca/historical_data/search_historic_data_e.html?searchType=stnName&timeframe=1&txtStationName=Windermere&searchMethod=contains&province=BC&provBut=Search,https://climate.weather.gc.ca/climate_normals/results_1981_2010_e.html?searchType=stnName&txtStationName=Windermere&searchMethod=contains&province=BC&provBut=Search,https://climate.weather.gc.ca/climate_normals/results_1991_2020_e.html?searchType=stnName&txtStationName=Windermere&searchMethod=contains&province=BC&provBut=Search,https://weather.gc.ca/warnings/index_e.html?prov=bc,,
239,Kootenay,Winlaw,winlaw,https://www12.statcan.gc.ca/census-recensement/2021/dp-pd/prof/search/search.cfm?Lang=E&SearchText=Winlaw%20British%20Columbia,https://www2.gov.bc.ca/gov/content/data/statistics/people-population-community,https://www2.gov.bc.ca/gov/content/governments/local-governments/facts-framework/systems/list-of-bc-local-governments,https://www.google.com/search?q=Winlaw+British+Columbia+official+municipal+website,https://www.hellobc.com/search/?query=Winlaw,Castlegar A,https://climate.weather.gc.ca/historical_data/search_historic_data_e.html?searchType=stnName&timeframe=1&txtStationName=Winlaw&searchMethod=contains&province=BC&provBut=Search,https://climate.weather.gc.ca/climate_normals/results_1981_2010_e.html?searchType=stnName&txtStationName=Winlaw&searchMethod=contains&province=BC&provBut=Search,https://climate.weather.gc.ca/climate_normals/results_1991_2020_e.html?searchType=stnName&txtStationName=Winlaw&searchMethod=contains&province=BC&provBut=Search,https://weather.gc.ca/warnings/index_e.html?prov=bc,,
