#,Category,Term,Slug,Current Default Source(s),Your Verified Source URL,Your Notes
1,Construction,Asbestos Inspection,asbestos-inspection,"Building Act (SBC 2015, c. 2) — https://www.bclaws.gov.bc.ca/civix/document/id/complete/statreg/15002_01 | BC Building Code — https://www2.gov.bc.ca/gov/content/industry/construction-industry/building-codes-standards/the-codes | Homeowner Protection Act (SBC 1998, c. 31) — https://www.bclaws.gov.bc.ca/civix/document/id/complete/statreg/98031_01 | BC Housing — Licensing & Consumer Services — https://www.bchousing.org/licensing-consumer-services",,
2,Construction,Builders Lien,builders-lien,"Building Act (SBC 2015, c. 2) — https://www.bclaws.gov.bc.ca/civix/document/id/complete/statreg/15002_01 | BC Building Code — https://www2.gov.bc.ca/gov/content/industry/construction-industry/building-codes-standards/the-codes | Homeowner Protection Act (SBC 1998, c. 31) — https://www.bclaws.gov.bc.ca/civix/document/id/complete/statreg/98031_01 | BC Housing — Licensing & Consumer Services — https://www.bchousing.org/licensing-consumer-services",,
3,Construction,Foundation Issues,foundation-issues,"Building Act (SBC 2015, c. 2) — https://www.bclaws.gov.bc.ca/civix/document/id/complete/statreg/15002_01 | BC Building Code — https://www2.gov.bc.ca/gov/content/industry/construction-industry/building-codes-standards/the-codes | Homeowner Protection Act (SBC 1998, c. 31) — https://www.bclaws.gov.bc.ca/civix/document/id/complete/statreg/98031_01 | BC Housing — Licensing & Consumer Services — https://www.bchousing.org/licensing-consumer-services",,
4,Construction,Holdback (Builders Lien Act),holdback-builders-lien-act,"Building Act (SBC 2015, c. 2) — https://www.bclaws.gov.bc.ca/civix/document/id/complete/statreg/15002_01 | BC Building Code — https://www2.gov.bc.ca/gov/content/industry/construction-industry/building-codes-standards/the-codes | Homeowner Protection Act (SBC 1998, c. 31) — https://www.bclaws.gov.bc.ca/civix/document/id/complete/statreg/98031_01 | BC Housing — Licensing & Consumer Services — https://www.bchousing.org/licensing-consumer-services",,
5,Construction,Seller's Disclosure Statement (PDS),seller-s-disclosure-statement-pds,"Building Act (SBC 2015, c. 2) — https://www.bclaws.gov.bc.ca/civix/document/id/complete/statreg/15002_01 | BC Building Code — https://www2.gov.bc.ca/gov/content/industry/construction-industry/building-codes-standards/the-codes | Homeowner Protection Act (SBC 1998, c. 31) — https://www.bclaws.gov.bc.ca/civix/document/id/complete/statreg/98031_01 | BC Housing — Licensing & Consumer Services — https://www.bchousing.org/licensing-consumer-services",,
6,Construction,Substantial Completion,substantial-completion,"Building Act (SBC 2015, c. 2) — https://www.bclaws.gov.bc.ca/civix/document/id/complete/statreg/15002_01 | BC Building Code — https://www2.gov.bc.ca/gov/content/industry/construction-industry/building-codes-standards/the-codes | Homeowner Protection Act (SBC 1998, c. 31) — https://www.bclaws.gov.bc.ca/civix/document/id/complete/statreg/98031_01 | BC Housing — Licensing & Consumer Services — https://www.bchousing.org/licensing-consumer-services",,
7,Estate & Probate,As-Is Sale,as-is-sale,"Wills, Estates and Succession Act (SBC 2009, c. 13) — https://www.bclaws.gov.bc.ca/civix/document/id/complete/statreg/09013_01 | BC Government — Wills, Estates and Probate — https://www2.gov.bc.ca/gov/content/life-events/death/wills-estates | Land Title Act (RSBC 1996, c. 250) — https://www.bclaws.gov.bc.ca/civix/document/id/complete/statreg/96250_00",,
8,Estate & Probate,Enduring POA,enduring-poa,"Wills, Estates and Succession Act (SBC 2009, c. 13) — https://www.bclaws.gov.bc.ca/civix/document/id/complete/statreg/09013_01 | BC Government — Wills, Estates and Probate — https://www2.gov.bc.ca/gov/content/life-events/death/wills-estates | Land Title Act (RSBC 1996, c. 250) — https://www.bclaws.gov.bc.ca/civix/document/id/complete/statreg/96250_00",,
9,Estate & Probate,Estate Sale,estate-sale,"Wills, Estates and Succession Act (SBC 2009, c. 13) — https://www.bclaws.gov.bc.ca/civix/document/id/complete/statreg/09013_01 | BC Government — Wills, Estates and Probate — https://www2.gov.bc.ca/gov/content/life-events/death/wills-estates | Land Title Act (RSBC 1996, c. 250) — https://www.bclaws.gov.bc.ca/civix/document/id/complete/statreg/96250_00",,
10,Estate & Probate,Executor,executor,"Wills, Estates and Succession Act (SBC 2009, c. 13) — https://www.bclaws.gov.bc.ca/civix/document/id/complete/statreg/09013_01 | BC Government — Wills, Estates and Probate — https://www2.gov.bc.ca/gov/content/life-events/death/wills-estates | Land Title Act (RSBC 1996, c. 250) — https://www.bclaws.gov.bc.ca/civix/document/id/complete/statreg/96250_00",,
11,Estate & Probate,Notary Public vs Lawyer,notary-public-vs-lawyer,"Wills, Estates and Succession Act (SBC 2009, c. 13) — https://www.bclaws.gov.bc.ca/civix/document/id/complete/statreg/09013_01 | BC Government — Wills, Estates and Probate — https://www2.gov.bc.ca/gov/content/life-events/death/wills-estates | Land Title Act (RSBC 1996, c. 250) — https://www.bclaws.gov.bc.ca/civix/document/id/complete/statreg/96250_00",,
12,Estate & Probate,Probate Sale,probate-sale,"Wills, Estates and Succession Act (SBC 2009, c. 13) — https://www.bclaws.gov.bc.ca/civix/document/id/complete/statreg/09013_01 | BC Government — Wills, Estates and Probate — https://www2.gov.bc.ca/gov/content/life-events/death/wills-estates",,
13,Estate & Probate,Transmission Application,transmission-application,"Wills, Estates and Succession Act (SBC 2009, c. 13) — https://www.bclaws.gov.bc.ca/civix/document/id/complete/statreg/09013_01 | BC Government — Wills, Estates and Probate — https://www2.gov.bc.ca/gov/content/life-events/death/wills-estates | Land Title Act (RSBC 1996, c. 250) — https://www.bclaws.gov.bc.ca/civix/document/id/complete/statreg/96250_00",,
14,Estate & Probate,Wills Notice Search,wills-notice-search,"Wills, Estates and Succession Act (SBC 2009, c. 13) — https://www.bclaws.gov.bc.ca/civix/document/id/complete/statreg/09013_01 | BC Government — Wills, Estates and Probate — https://www2.gov.bc.ca/gov/content/life-events/death/wills-estates | Land Title Act (RSBC 1996, c. 250) — https://www.bclaws.gov.bc.ca/civix/document/id/complete/statreg/96250_00",,
15,Financing,30-Year Amortization (Insured Mortgages),30-year-amortization-insured-mortgages,OSFI Guideline B-20 — Residential Mortgage Underwriting Practices and Procedures — https://www.osfi-bsif.gc.ca/en/guidance/guidance-library/residential-mortgage-underwriting-practices-procedures-guideline-b-20 | Bank of Canada — https://www.bankofcanada.ca | Canada Mortgage and Housing Corporation (CMHC) — https://www.cmhc-schl.gc.ca | Canada Deposit Insurance Corporation (CDIC) — https://www.cdic.ca | Financial Consumer Agency of Canada (FCAC) — https://www.canada.ca/en/financial-consumer-agency.html | BC Financial Services Authority (BCFSA) — https://www.bcfsa.ca,,
16,Financing,Additional Payment Privilege,additional-payment-privilege,OSFI Guideline B-20 — Residential Mortgage Underwriting Practices and Procedures — https://www.osfi-bsif.gc.ca/en/guidance/guidance-library/residential-mortgage-underwriting-practices-procedures-guideline-b-20 | Bank of Canada — https://www.bankofcanada.ca | Canada Mortgage and Housing Corporation (CMHC) — https://www.cmhc-schl.gc.ca | Canada Deposit Insurance Corporation (CDIC) — https://www.cdic.ca | Financial Consumer Agency of Canada (FCAC) — https://www.canada.ca/en/financial-consumer-agency.html | BC Financial Services Authority (BCFSA) — https://www.bcfsa.ca,,
17,Financing,Adjustable Rate Mortgage (ARM),adjustable-rate-mortgage-arm,OSFI Guideline B-20 — Residential Mortgage Underwriting Practices and Procedures — https://www.osfi-bsif.gc.ca/en/guidance/guidance-library/residential-mortgage-underwriting-practices-procedures-guideline-b-20 | Bank of Canada — https://www.bankofcanada.ca | Canada Mortgage and Housing Corporation (CMHC) — https://www.cmhc-schl.gc.ca | Canada Deposit Insurance Corporation (CDIC) — https://www.cdic.ca | Financial Consumer Agency of Canada (FCAC) — https://www.canada.ca/en/financial-consumer-agency.html | BC Financial Services Authority (BCFSA) — https://www.bcfsa.ca,,
18,Financing,Amortization Period,amortization-period,OSFI Guideline B-20 — Residential Mortgage Underwriting Practices and Procedures — https://www.osfi-bsif.gc.ca/en/guidance/guidance-library/residential-mortgage-underwriting-practices-procedures-guideline-b-20 | Bank of Canada — https://www.bankofcanada.ca | Canada Mortgage and Housing Corporation (CMHC) — https://www.cmhc-schl.gc.ca | Canada Deposit Insurance Corporation (CDIC) — https://www.cdic.ca | Financial Consumer Agency of Canada (FCAC) — https://www.canada.ca/en/financial-consumer-agency.html | BC Financial Services Authority (BCFSA) — https://www.bcfsa.ca,,
19,Financing,Appraisal for Mortgage,appraisal-for-mortgage,Appraisal Institute of Canada (AIC) — https://www.aicanada.ca | BC Assessment — https://www.bcassessment.ca,,
20,Financing,Appraised Value,appraised-value,OSFI Guideline B-20 — Residential Mortgage Underwriting Practices and Procedures — https://www.osfi-bsif.gc.ca/en/guidance/guidance-library/residential-mortgage-underwriting-practices-procedures-guideline-b-20 | Bank of Canada — https://www.bankofcanada.ca | Canada Mortgage and Housing Corporation (CMHC) — https://www.cmhc-schl.gc.ca | Canada Deposit Insurance Corporation (CDIC) — https://www.cdic.ca | Financial Consumer Agency of Canada (FCAC) — https://www.canada.ca/en/financial-consumer-agency.html | BC Financial Services Authority (BCFSA) — https://www.bcfsa.ca,,
21,Financing,Appreciation,appreciation,OSFI Guideline B-20 — Residential Mortgage Underwriting Practices and Procedures — https://www.osfi-bsif.gc.ca/en/guidance/guidance-library/residential-mortgage-underwriting-practices-procedures-guideline-b-20 | Bank of Canada — https://www.bankofcanada.ca | Canada Mortgage and Housing Corporation (CMHC) — https://www.cmhc-schl.gc.ca | Canada Deposit Insurance Corporation (CDIC) — https://www.cdic.ca | Financial Consumer Agency of Canada (FCAC) — https://www.canada.ca/en/financial-consumer-agency.html | BC Financial Services Authority (BCFSA) — https://www.bcfsa.ca,,
22,Financing,Assumable Mortgage,assumable-mortgage,OSFI Guideline B-20 — Residential Mortgage Underwriting Practices and Procedures — https://www.osfi-bsif.gc.ca/en/guidance/guidance-library/residential-mortgage-underwriting-practices-procedures-guideline-b-20 | Bank of Canada — https://www.bankofcanada.ca | Canada Mortgage and Housing Corporation (CMHC) — https://www.cmhc-schl.gc.ca | Canada Deposit Insurance Corporation (CDIC) — https://www.cdic.ca | Financial Consumer Agency of Canada (FCAC) — https://www.canada.ca/en/financial-consumer-agency.html | BC Financial Services Authority (BCFSA) — https://www.bcfsa.ca,,
23,Financing,Balloon Mortgage,balloon-mortgage,OSFI Guideline B-20 — Residential Mortgage Underwriting Practices and Procedures — https://www.osfi-bsif.gc.ca/en/guidance/guidance-library/residential-mortgage-underwriting-practices-procedures-guideline-b-20 | Bank of Canada — https://www.bankofcanada.ca | Canada Mortgage and Housing Corporation (CMHC) — https://www.cmhc-schl.gc.ca | Canada Deposit Insurance Corporation (CDIC) — https://www.cdic.ca | Financial Consumer Agency of Canada (FCAC) — https://www.canada.ca/en/financial-consumer-agency.html | BC Financial Services Authority (BCFSA) — https://www.bcfsa.ca,,
24,Financing,Biweekly Mortgage Payment,biweekly-mortgage-payment,OSFI Guideline B-20 — Residential Mortgage Underwriting Practices and Procedures — https://www.osfi-bsif.gc.ca/en/guidance/guidance-library/residential-mortgage-underwriting-practices-procedures-guideline-b-20 | Bank of Canada — https://www.bankofcanada.ca | Canada Mortgage and Housing Corporation (CMHC) — https://www.cmhc-schl.gc.ca | Canada Deposit Insurance Corporation (CDIC) — https://www.cdic.ca | Financial Consumer Agency of Canada (FCAC) — https://www.canada.ca/en/financial-consumer-agency.html | BC Financial Services Authority (BCFSA) — https://www.bcfsa.ca,,
25,Financing,Blended Payment,blended-payment,OSFI Guideline B-20 — Residential Mortgage Underwriting Practices and Procedures — https://www.osfi-bsif.gc.ca/en/guidance/guidance-library/residential-mortgage-underwriting-practices-procedures-guideline-b-20 | Bank of Canada — https://www.bankofcanada.ca | Canada Mortgage and Housing Corporation (CMHC) — https://www.cmhc-schl.gc.ca | Canada Deposit Insurance Corporation (CDIC) — https://www.cdic.ca | Financial Consumer Agency of Canada (FCAC) — https://www.canada.ca/en/financial-consumer-agency.html | BC Financial Services Authority (BCFSA) — https://www.bcfsa.ca,,
26,Financing,Blended Rate Mortgage,blended-rate-mortgage,OSFI Guideline B-20 — Residential Mortgage Underwriting Practices and Procedures — https://www.osfi-bsif.gc.ca/en/guidance/guidance-library/residential-mortgage-underwriting-practices-procedures-guideline-b-20 | Bank of Canada — https://www.bankofcanada.ca | Canada Mortgage and Housing Corporation (CMHC) — https://www.cmhc-schl.gc.ca | Canada Deposit Insurance Corporation (CDIC) — https://www.cdic.ca | Financial Consumer Agency of Canada (FCAC) — https://www.canada.ca/en/financial-consumer-agency.html | BC Financial Services Authority (BCFSA) — https://www.bcfsa.ca,,
27,Financing,Break Penalty,break-penalty,OSFI Guideline B-20 — Residential Mortgage Underwriting Practices and Procedures — https://www.osfi-bsif.gc.ca/en/guidance/guidance-library/residential-mortgage-underwriting-practices-procedures-guideline-b-20 | Bank of Canada — https://www.bankofcanada.ca | Canada Mortgage and Housing Corporation (CMHC) — https://www.cmhc-schl.gc.ca | Canada Deposit Insurance Corporation (CDIC) — https://www.cdic.ca | Financial Consumer Agency of Canada (FCAC) — https://www.canada.ca/en/financial-consumer-agency.html | BC Financial Services Authority (BCFSA) — https://www.bcfsa.ca,,
28,Financing,Bridge Financing,bridge-financing,OSFI Guideline B-20 — Residential Mortgage Underwriting Practices and Procedures — https://www.osfi-bsif.gc.ca/en/guidance/guidance-library/residential-mortgage-underwriting-practices-procedures-guideline-b-20 | Bank of Canada — https://www.bankofcanada.ca | Canada Mortgage and Housing Corporation (CMHC) — https://www.cmhc-schl.gc.ca | Canada Deposit Insurance Corporation (CDIC) — https://www.cdic.ca | Financial Consumer Agency of Canada (FCAC) — https://www.canada.ca/en/financial-consumer-agency.html | BC Financial Services Authority (BCFSA) — https://www.bcfsa.ca,,
29,Financing,Buydown Rate,buydown-rate,OSFI Guideline B-20 — Residential Mortgage Underwriting Practices and Procedures — https://www.osfi-bsif.gc.ca/en/guidance/guidance-library/residential-mortgage-underwriting-practices-procedures-guideline-b-20 | Bank of Canada — https://www.bankofcanada.ca | Canada Mortgage and Housing Corporation (CMHC) — https://www.cmhc-schl.gc.ca | Canada Deposit Insurance Corporation (CDIC) — https://www.cdic.ca | Financial Consumer Agency of Canada (FCAC) — https://www.canada.ca/en/financial-consumer-agency.html | BC Financial Services Authority (BCFSA) — https://www.bcfsa.ca,,
30,Financing,Cash Back Mortgage,cash-back-mortgage,OSFI Guideline B-20 — Residential Mortgage Underwriting Practices and Procedures — https://www.osfi-bsif.gc.ca/en/guidance/guidance-library/residential-mortgage-underwriting-practices-procedures-guideline-b-20 | Bank of Canada — https://www.bankofcanada.ca | Canada Mortgage and Housing Corporation (CMHC) — https://www.cmhc-schl.gc.ca | Canada Deposit Insurance Corporation (CDIC) — https://www.cdic.ca | Financial Consumer Agency of Canada (FCAC) — https://www.canada.ca/en/financial-consumer-agency.html | BC Financial Services Authority (BCFSA) — https://www.bcfsa.ca,,
31,Financing,Closed Mortgage,closed-mortgage,OSFI Guideline B-20 — Residential Mortgage Underwriting Practices and Procedures — https://www.osfi-bsif.gc.ca/en/guidance/guidance-library/residential-mortgage-underwriting-practices-procedures-guideline-b-20 | Bank of Canada — https://www.bankofcanada.ca | Canada Mortgage and Housing Corporation (CMHC) — https://www.cmhc-schl.gc.ca | Canada Deposit Insurance Corporation (CDIC) — https://www.cdic.ca | Financial Consumer Agency of Canada (FCAC) — https://www.canada.ca/en/financial-consumer-agency.html | BC Financial Services Authority (BCFSA) — https://www.bcfsa.ca,,
32,Financing,Co-Borrower,co-borrower,OSFI Guideline B-20 — Residential Mortgage Underwriting Practices and Procedures — https://www.osfi-bsif.gc.ca/en/guidance/guidance-library/residential-mortgage-underwriting-practices-procedures-guideline-b-20 | Bank of Canada — https://www.bankofcanada.ca | Canada Mortgage and Housing Corporation (CMHC) — https://www.cmhc-schl.gc.ca | Canada Deposit Insurance Corporation (CDIC) — https://www.cdic.ca | Financial Consumer Agency of Canada (FCAC) — https://www.canada.ca/en/financial-consumer-agency.html | BC Financial Services Authority (BCFSA) — https://www.bcfsa.ca,,
33,Financing,Co-Signer,co-signer,OSFI Guideline B-20 — Residential Mortgage Underwriting Practices and Procedures — https://www.osfi-bsif.gc.ca/en/guidance/guidance-library/residential-mortgage-underwriting-practices-procedures-guideline-b-20 | Bank of Canada — https://www.bankofcanada.ca | Canada Mortgage and Housing Corporation (CMHC) — https://www.cmhc-schl.gc.ca | Canada Deposit Insurance Corporation (CDIC) — https://www.cdic.ca | Financial Consumer Agency of Canada (FCAC) — https://www.canada.ca/en/financial-consumer-agency.html | BC Financial Services Authority (BCFSA) — https://www.bcfsa.ca,,
34,Financing,Collateral Mortgage,collateral-mortgage,OSFI Guideline B-20 — Residential Mortgage Underwriting Practices and Procedures — https://www.osfi-bsif.gc.ca/en/guidance/guidance-library/residential-mortgage-underwriting-practices-procedures-guideline-b-20 | Bank of Canada — https://www.bankofcanada.ca | Canada Mortgage and Housing Corporation (CMHC) — https://www.cmhc-schl.gc.ca | Canada Deposit Insurance Corporation (CDIC) — https://www.cdic.ca | Financial Consumer Agency of Canada (FCAC) — https://www.canada.ca/en/financial-consumer-agency.html | BC Financial Services Authority (BCFSA) — https://www.bcfsa.ca,,
35,Financing,Comparative Market Analysis (CMA),comparative-market-analysis-cma,OSFI Guideline B-20 — Residential Mortgage Underwriting Practices and Procedures — https://www.osfi-bsif.gc.ca/en/guidance/guidance-library/residential-mortgage-underwriting-practices-procedures-guideline-b-20 | Bank of Canada — https://www.bankofcanada.ca | Canada Mortgage and Housing Corporation (CMHC) — https://www.cmhc-schl.gc.ca | Canada Deposit Insurance Corporation (CDIC) — https://www.cdic.ca | Financial Consumer Agency of Canada (FCAC) — https://www.canada.ca/en/financial-consumer-agency.html | BC Financial Services Authority (BCFSA) — https://www.bcfsa.ca,,
36,Financing,Completion Day vs Possession Day,completion-day-vs-possession-day,OSFI Guideline B-20 — Residential Mortgage Underwriting Practices and Procedures — https://www.osfi-bsif.gc.ca/en/guidance/guidance-library/residential-mortgage-underwriting-practices-procedures-guideline-b-20 | Bank of Canada — https://www.bankofcanada.ca | Canada Mortgage and Housing Corporation (CMHC) — https://www.cmhc-schl.gc.ca | Canada Deposit Insurance Corporation (CDIC) — https://www.cdic.ca | Financial Consumer Agency of Canada (FCAC) — https://www.canada.ca/en/financial-consumer-agency.html | BC Financial Services Authority (BCFSA) — https://www.bcfsa.ca,,
37,Financing,Convertible Mortgage,convertible-mortgage,OSFI Guideline B-20 — Residential Mortgage Underwriting Practices and Procedures — https://www.osfi-bsif.gc.ca/en/guidance/guidance-library/residential-mortgage-underwriting-practices-procedures-guideline-b-20 | Bank of Canada — https://www.bankofcanada.ca | Canada Mortgage and Housing Corporation (CMHC) — https://www.cmhc-schl.gc.ca | Canada Deposit Insurance Corporation (CDIC) — https://www.cdic.ca | Financial Consumer Agency of Canada (FCAC) — https://www.canada.ca/en/financial-consumer-agency.html | BC Financial Services Authority (BCFSA) — https://www.bcfsa.ca,,
38,Financing,Conveyancing,conveyancing,OSFI Guideline B-20 — Residential Mortgage Underwriting Practices and Procedures — https://www.osfi-bsif.gc.ca/en/guidance/guidance-library/residential-mortgage-underwriting-practices-procedures-guideline-b-20 | Bank of Canada — https://www.bankofcanada.ca | Canada Mortgage and Housing Corporation (CMHC) — https://www.cmhc-schl.gc.ca | Canada Deposit Insurance Corporation (CDIC) — https://www.cdic.ca | Financial Consumer Agency of Canada (FCAC) — https://www.canada.ca/en/financial-consumer-agency.html | BC Financial Services Authority (BCFSA) — https://www.bcfsa.ca,,
39,Financing,Counter Offer,counter-offer,OSFI Guideline B-20 — Residential Mortgage Underwriting Practices and Procedures — https://www.osfi-bsif.gc.ca/en/guidance/guidance-library/residential-mortgage-underwriting-practices-procedures-guideline-b-20 | Bank of Canada — https://www.bankofcanada.ca | Canada Mortgage and Housing Corporation (CMHC) — https://www.cmhc-schl.gc.ca | Canada Deposit Insurance Corporation (CDIC) — https://www.cdic.ca | Financial Consumer Agency of Canada (FCAC) — https://www.canada.ca/en/financial-consumer-agency.html | BC Financial Services Authority (BCFSA) — https://www.bcfsa.ca,,
40,Financing,Court Ordered Sale,court-ordered-sale,OSFI Guideline B-20 — Residential Mortgage Underwriting Practices and Procedures — https://www.osfi-bsif.gc.ca/en/guidance/guidance-library/residential-mortgage-underwriting-practices-procedures-guideline-b-20 | Bank of Canada — https://www.bankofcanada.ca | Canada Mortgage and Housing Corporation (CMHC) — https://www.cmhc-schl.gc.ca | Canada Deposit Insurance Corporation (CDIC) — https://www.cdic.ca | Financial Consumer Agency of Canada (FCAC) — https://www.canada.ca/en/financial-consumer-agency.html | BC Financial Services Authority (BCFSA) — https://www.bcfsa.ca,,
41,Financing,Days on Market (DOM),days-on-market-dom,OSFI Guideline B-20 — Residential Mortgage Underwriting Practices and Procedures — https://www.osfi-bsif.gc.ca/en/guidance/guidance-library/residential-mortgage-underwriting-practices-procedures-guideline-b-20 | Bank of Canada — https://www.bankofcanada.ca | Canada Mortgage and Housing Corporation (CMHC) — https://www.cmhc-schl.gc.ca | Canada Deposit Insurance Corporation (CDIC) — https://www.cdic.ca | Financial Consumer Agency of Canada (FCAC) — https://www.canada.ca/en/financial-consumer-agency.html | BC Financial Services Authority (BCFSA) — https://www.bcfsa.ca,,
42,Financing,Deposit,deposit,OSFI Guideline B-20 — Residential Mortgage Underwriting Practices and Procedures — https://www.osfi-bsif.gc.ca/en/guidance/guidance-library/residential-mortgage-underwriting-practices-procedures-guideline-b-20 | Bank of Canada — https://www.bankofcanada.ca | Canada Mortgage and Housing Corporation (CMHC) — https://www.cmhc-schl.gc.ca | Canada Deposit Insurance Corporation (CDIC) — https://www.cdic.ca | Financial Consumer Agency of Canada (FCAC) — https://www.canada.ca/en/financial-consumer-agency.html | BC Financial Services Authority (BCFSA) — https://www.bcfsa.ca,,
43,Financing,Designated Agency,designated-agency,OSFI Guideline B-20 — Residential Mortgage Underwriting Practices and Procedures — https://www.osfi-bsif.gc.ca/en/guidance/guidance-library/residential-mortgage-underwriting-practices-procedures-guideline-b-20 | Bank of Canada — https://www.bankofcanada.ca | Canada Mortgage and Housing Corporation (CMHC) — https://www.cmhc-schl.gc.ca | Canada Deposit Insurance Corporation (CDIC) — https://www.cdic.ca | Financial Consumer Agency of Canada (FCAC) — https://www.canada.ca/en/financial-consumer-agency.html | BC Financial Services Authority (BCFSA) — https://www.bcfsa.ca,,
44,Financing,Discharge Fee,discharge-fee,OSFI Guideline B-20 — Residential Mortgage Underwriting Practices and Procedures — https://www.osfi-bsif.gc.ca/en/guidance/guidance-library/residential-mortgage-underwriting-practices-procedures-guideline-b-20 | Bank of Canada — https://www.bankofcanada.ca | Canada Mortgage and Housing Corporation (CMHC) — https://www.cmhc-schl.gc.ca | Canada Deposit Insurance Corporation (CDIC) — https://www.cdic.ca | Financial Consumer Agency of Canada (FCAC) — https://www.canada.ca/en/financial-consumer-agency.html | BC Financial Services Authority (BCFSA) — https://www.bcfsa.ca,,
45,Financing,Disclosure of Remuneration,disclosure-of-remuneration,OSFI Guideline B-20 — Residential Mortgage Underwriting Practices and Procedures — https://www.osfi-bsif.gc.ca/en/guidance/guidance-library/residential-mortgage-underwriting-practices-procedures-guideline-b-20 | Bank of Canada — https://www.bankofcanada.ca | Canada Mortgage and Housing Corporation (CMHC) — https://www.cmhc-schl.gc.ca | Canada Deposit Insurance Corporation (CDIC) — https://www.cdic.ca | Financial Consumer Agency of Canada (FCAC) — https://www.canada.ca/en/financial-consumer-agency.html | BC Financial Services Authority (BCFSA) — https://www.bcfsa.ca,,
46,Financing,Disclosure Statement (REDMA),disclosure-statement-redma,OSFI Guideline B-20 — Residential Mortgage Underwriting Practices and Procedures — https://www.osfi-bsif.gc.ca/en/guidance/guidance-library/residential-mortgage-underwriting-practices-procedures-guideline-b-20 | Bank of Canada — https://www.bankofcanada.ca | Canada Mortgage and Housing Corporation (CMHC) — https://www.cmhc-schl.gc.ca | Canada Deposit Insurance Corporation (CDIC) — https://www.cdic.ca | Financial Consumer Agency of Canada (FCAC) — https://www.canada.ca/en/financial-consumer-agency.html | BC Financial Services Authority (BCFSA) — https://www.bcfsa.ca,,
47,Financing,Down Payment Gift Letter,down-payment-gift-letter,OSFI Guideline B-20 — Residential Mortgage Underwriting Practices and Procedures — https://www.osfi-bsif.gc.ca/en/guidance/guidance-library/residential-mortgage-underwriting-practices-procedures-guideline-b-20 | Bank of Canada — https://www.bankofcanada.ca | Canada Mortgage and Housing Corporation (CMHC) — https://www.cmhc-schl.gc.ca | Canada Deposit Insurance Corporation (CDIC) — https://www.cdic.ca | Financial Consumer Agency of Canada (FCAC) — https://www.canada.ca/en/financial-consumer-agency.html | BC Financial Services Authority (BCFSA) — https://www.bcfsa.ca,,
48,Financing,Down Payment Requirements,down-payment-requirements,OSFI Guideline B-20 — Residential Mortgage Underwriting Practices and Procedures — https://www.osfi-bsif.gc.ca/en/guidance/guidance-library/residential-mortgage-underwriting-practices-procedures-guideline-b-20 | Bank of Canada — https://www.bankofcanada.ca | Canada Mortgage and Housing Corporation (CMHC) — https://www.cmhc-schl.gc.ca | Canada Deposit Insurance Corporation (CDIC) — https://www.cdic.ca | Financial Consumer Agency of Canada (FCAC) — https://www.canada.ca/en/financial-consumer-agency.html | BC Financial Services Authority (BCFSA) — https://www.bcfsa.ca,,
49,Financing,Dual Agency,dual-agency,OSFI Guideline B-20 — Residential Mortgage Underwriting Practices and Procedures — https://www.osfi-bsif.gc.ca/en/guidance/guidance-library/residential-mortgage-underwriting-practices-procedures-guideline-b-20 | Bank of Canada — https://www.bankofcanada.ca | Canada Mortgage and Housing Corporation (CMHC) — https://www.cmhc-schl.gc.ca | Canada Deposit Insurance Corporation (CDIC) — https://www.cdic.ca | Financial Consumer Agency of Canada (FCAC) — https://www.canada.ca/en/financial-consumer-agency.html | BC Financial Services Authority (BCFSA) — https://www.bcfsa.ca,,
50,Financing,Encumbrance,encumbrance,OSFI Guideline B-20 — Residential Mortgage Underwriting Practices and Procedures — https://www.osfi-bsif.gc.ca/en/guidance/guidance-library/residential-mortgage-underwriting-practices-procedures-guideline-b-20 | Bank of Canada — https://www.bankofcanada.ca | Canada Mortgage and Housing Corporation (CMHC) — https://www.cmhc-schl.gc.ca | Canada Deposit Insurance Corporation (CDIC) — https://www.cdic.ca | Financial Consumer Agency of Canada (FCAC) — https://www.canada.ca/en/financial-consumer-agency.html | BC Financial Services Authority (BCFSA) — https://www.bcfsa.ca,,
51,Financing,Equity,equity,OSFI Guideline B-20 — Residential Mortgage Underwriting Practices and Procedures — https://www.osfi-bsif.gc.ca/en/guidance/guidance-library/residential-mortgage-underwriting-practices-procedures-guideline-b-20 | Bank of Canada — https://www.bankofcanada.ca | Canada Mortgage and Housing Corporation (CMHC) — https://www.cmhc-schl.gc.ca | Canada Deposit Insurance Corporation (CDIC) — https://www.cdic.ca | Financial Consumer Agency of Canada (FCAC) — https://www.canada.ca/en/financial-consumer-agency.html | BC Financial Services Authority (BCFSA) — https://www.bcfsa.ca,,
52,Financing,Equity Takeout,equity-takeout,OSFI Guideline B-20 — Residential Mortgage Underwriting Practices and Procedures — https://www.osfi-bsif.gc.ca/en/guidance/guidance-library/residential-mortgage-underwriting-practices-procedures-guideline-b-20 | Bank of Canada — https://www.bankofcanada.ca | Canada Mortgage and Housing Corporation (CMHC) — https://www.cmhc-schl.gc.ca | Canada Deposit Insurance Corporation (CDIC) — https://www.cdic.ca | Financial Consumer Agency of Canada (FCAC) — https://www.canada.ca/en/financial-consumer-agency.html | BC Financial Services Authority (BCFSA) — https://www.bcfsa.ca,,
53,Financing,Exclusive Listing,exclusive-listing,OSFI Guideline B-20 — Residential Mortgage Underwriting Practices and Procedures — https://www.osfi-bsif.gc.ca/en/guidance/guidance-library/residential-mortgage-underwriting-practices-procedures-guideline-b-20 | Bank of Canada — https://www.bankofcanada.ca | Canada Mortgage and Housing Corporation (CMHC) — https://www.cmhc-schl.gc.ca | Canada Deposit Insurance Corporation (CDIC) — https://www.cdic.ca | Financial Consumer Agency of Canada (FCAC) — https://www.canada.ca/en/financial-consumer-agency.html | BC Financial Services Authority (BCFSA) — https://www.bcfsa.ca,,
54,Financing,Final Walkthrough,final-walkthrough,OSFI Guideline B-20 — Residential Mortgage Underwriting Practices and Procedures — https://www.osfi-bsif.gc.ca/en/guidance/guidance-library/residential-mortgage-underwriting-practices-procedures-guideline-b-20 | Bank of Canada — https://www.bankofcanada.ca | Canada Mortgage and Housing Corporation (CMHC) — https://www.cmhc-schl.gc.ca | Canada Deposit Insurance Corporation (CDIC) — https://www.cdic.ca | Financial Consumer Agency of Canada (FCAC) — https://www.canada.ca/en/financial-consumer-agency.html | BC Financial Services Authority (BCFSA) — https://www.bcfsa.ca,,
55,Financing,FINTRAC Requirements,fintrac-requirements,OSFI Guideline B-20 — Residential Mortgage Underwriting Practices and Procedures — https://www.osfi-bsif.gc.ca/en/guidance/guidance-library/residential-mortgage-underwriting-practices-procedures-guideline-b-20 | Bank of Canada — https://www.bankofcanada.ca | Canada Mortgage and Housing Corporation (CMHC) — https://www.cmhc-schl.gc.ca | Canada Deposit Insurance Corporation (CDIC) — https://www.cdic.ca | Financial Consumer Agency of Canada (FCAC) — https://www.canada.ca/en/financial-consumer-agency.html | BC Financial Services Authority (BCFSA) — https://www.bcfsa.ca,,
56,Financing,First Mortgage,first-mortgage,OSFI Guideline B-20 — Residential Mortgage Underwriting Practices and Procedures — https://www.osfi-bsif.gc.ca/en/guidance/guidance-library/residential-mortgage-underwriting-practices-procedures-guideline-b-20 | Bank of Canada — https://www.bankofcanada.ca | Canada Mortgage and Housing Corporation (CMHC) — https://www.cmhc-schl.gc.ca | Canada Deposit Insurance Corporation (CDIC) — https://www.cdic.ca | Financial Consumer Agency of Canada (FCAC) — https://www.canada.ca/en/financial-consumer-agency.html | BC Financial Services Authority (BCFSA) — https://www.bcfsa.ca,,
57,Financing,Fixed Rate Mortgage,fixed-rate-mortgage,OSFI Guideline B-20 — Residential Mortgage Underwriting Practices and Procedures — https://www.osfi-bsif.gc.ca/en/guidance/guidance-library/residential-mortgage-underwriting-practices-procedures-guideline-b-20 | Bank of Canada — https://www.bankofcanada.ca | Canada Mortgage and Housing Corporation (CMHC) — https://www.cmhc-schl.gc.ca | Canada Deposit Insurance Corporation (CDIC) — https://www.cdic.ca | Financial Consumer Agency of Canada (FCAC) — https://www.canada.ca/en/financial-consumer-agency.html | BC Financial Services Authority (BCFSA) — https://www.bcfsa.ca,,
58,Financing,Fixed vs Variable Rate Mortgage,fixed-vs-variable-rate-mortgage,OSFI Guideline B-20 — Residential Mortgage Underwriting Practices and Procedures — https://www.osfi-bsif.gc.ca/en/guidance/guidance-library/residential-mortgage-underwriting-practices-procedures-guideline-b-20 | Bank of Canada — https://www.bankofcanada.ca | Canada Mortgage and Housing Corporation (CMHC) — https://www.cmhc-schl.gc.ca | Canada Deposit Insurance Corporation (CDIC) — https://www.cdic.ca | Financial Consumer Agency of Canada (FCAC) — https://www.canada.ca/en/financial-consumer-agency.html | BC Financial Services Authority (BCFSA) — https://www.bcfsa.ca,,
59,Financing,Floodplain Designation,floodplain-designation,OSFI Guideline B-20 — Residential Mortgage Underwriting Practices and Procedures — https://www.osfi-bsif.gc.ca/en/guidance/guidance-library/residential-mortgage-underwriting-practices-procedures-guideline-b-20 | Bank of Canada — https://www.bankofcanada.ca | Canada Mortgage and Housing Corporation (CMHC) — https://www.cmhc-schl.gc.ca | Canada Deposit Insurance Corporation (CDIC) — https://www.cdic.ca | Financial Consumer Agency of Canada (FCAC) — https://www.canada.ca/en/financial-consumer-agency.html | BC Financial Services Authority (BCFSA) — https://www.bcfsa.ca,,
60,Financing,Foreclosure,foreclosure,OSFI Guideline B-20 — Residential Mortgage Underwriting Practices and Procedures — https://www.osfi-bsif.gc.ca/en/guidance/guidance-library/residential-mortgage-underwriting-practices-procedures-guideline-b-20 | Bank of Canada — https://www.bankofcanada.ca | Canada Mortgage and Housing Corporation (CMHC) — https://www.cmhc-schl.gc.ca | Canada Deposit Insurance Corporation (CDIC) — https://www.cdic.ca | Financial Consumer Agency of Canada (FCAC) — https://www.canada.ca/en/financial-consumer-agency.html | BC Financial Services Authority (BCFSA) — https://www.bcfsa.ca,,
61,Financing,Form C Charge,form-c-charge,OSFI Guideline B-20 — Residential Mortgage Underwriting Practices and Procedures — https://www.osfi-bsif.gc.ca/en/guidance/guidance-library/residential-mortgage-underwriting-practices-procedures-guideline-b-20 | Bank of Canada — https://www.bankofcanada.ca | Canada Mortgage and Housing Corporation (CMHC) — https://www.cmhc-schl.gc.ca | Canada Deposit Insurance Corporation (CDIC) — https://www.cdic.ca | Financial Consumer Agency of Canada (FCAC) — https://www.canada.ca/en/financial-consumer-agency.html | BC Financial Services Authority (BCFSA) — https://www.bcfsa.ca,,
62,Financing,Fourplex,fourplex,OSFI Guideline B-20 — Residential Mortgage Underwriting Practices and Procedures — https://www.osfi-bsif.gc.ca/en/guidance/guidance-library/residential-mortgage-underwriting-practices-procedures-guideline-b-20 | Bank of Canada — https://www.bankofcanada.ca | Canada Mortgage and Housing Corporation (CMHC) — https://www.cmhc-schl.gc.ca | Canada Deposit Insurance Corporation (CDIC) — https://www.cdic.ca | Financial Consumer Agency of Canada (FCAC) — https://www.canada.ca/en/financial-consumer-agency.html | BC Financial Services Authority (BCFSA) — https://www.bcfsa.ca,,
63,Financing,Guarantor Mortgage,guarantor-mortgage,OSFI Guideline B-20 — Residential Mortgage Underwriting Practices and Procedures — https://www.osfi-bsif.gc.ca/en/guidance/guidance-library/residential-mortgage-underwriting-practices-procedures-guideline-b-20 | Bank of Canada — https://www.bankofcanada.ca | Canada Mortgage and Housing Corporation (CMHC) — https://www.cmhc-schl.gc.ca | Canada Deposit Insurance Corporation (CDIC) — https://www.cdic.ca | Financial Consumer Agency of Canada (FCAC) — https://www.canada.ca/en/financial-consumer-agency.html | BC Financial Services Authority (BCFSA) — https://www.bcfsa.ca,,
64,Financing,HELOC (Home Equity Line of Credit),heloc-home-equity-line-of-credit,OSFI Guideline B-20 — Residential Mortgage Underwriting Practices and Procedures — https://www.osfi-bsif.gc.ca/en/guidance/guidance-library/residential-mortgage-underwriting-practices-procedures-guideline-b-20 | Bank of Canada — https://www.bankofcanada.ca | Canada Mortgage and Housing Corporation (CMHC) — https://www.cmhc-schl.gc.ca | Canada Deposit Insurance Corporation (CDIC) — https://www.cdic.ca | Financial Consumer Agency of Canada (FCAC) — https://www.canada.ca/en/financial-consumer-agency.html | BC Financial Services Authority (BCFSA) — https://www.bcfsa.ca,,
65,Financing,Home Equity,home-equity,OSFI Guideline B-20 — Residential Mortgage Underwriting Practices and Procedures — https://www.osfi-bsif.gc.ca/en/guidance/guidance-library/residential-mortgage-underwriting-practices-procedures-guideline-b-20 | Bank of Canada — https://www.bankofcanada.ca | Canada Mortgage and Housing Corporation (CMHC) — https://www.cmhc-schl.gc.ca | Canada Deposit Insurance Corporation (CDIC) — https://www.cdic.ca | Financial Consumer Agency of Canada (FCAC) — https://www.canada.ca/en/financial-consumer-agency.html | BC Financial Services Authority (BCFSA) — https://www.bcfsa.ca,,
66,Financing,Income Verification,income-verification,OSFI Guideline B-20 — Residential Mortgage Underwriting Practices and Procedures — https://www.osfi-bsif.gc.ca/en/guidance/guidance-library/residential-mortgage-underwriting-practices-procedures-guideline-b-20 | Bank of Canada — https://www.bankofcanada.ca | Canada Mortgage and Housing Corporation (CMHC) — https://www.cmhc-schl.gc.ca | Canada Deposit Insurance Corporation (CDIC) — https://www.cdic.ca | Financial Consumer Agency of Canada (FCAC) — https://www.canada.ca/en/financial-consumer-agency.html | BC Financial Services Authority (BCFSA) — https://www.bcfsa.ca,,
67,Financing,Interest Adjustment Date,interest-adjustment-date,OSFI Guideline B-20 — Residential Mortgage Underwriting Practices and Procedures — https://www.osfi-bsif.gc.ca/en/guidance/guidance-library/residential-mortgage-underwriting-practices-procedures-guideline-b-20 | Bank of Canada — https://www.bankofcanada.ca | Canada Mortgage and Housing Corporation (CMHC) — https://www.cmhc-schl.gc.ca | Canada Deposit Insurance Corporation (CDIC) — https://www.cdic.ca | Financial Consumer Agency of Canada (FCAC) — https://www.canada.ca/en/financial-consumer-agency.html | BC Financial Services Authority (BCFSA) — https://www.bcfsa.ca,,
68,Financing,Interest Rate,interest-rate,OSFI Guideline B-20 — Residential Mortgage Underwriting Practices and Procedures — https://www.osfi-bsif.gc.ca/en/guidance/guidance-library/residential-mortgage-underwriting-practices-procedures-guideline-b-20 | Bank of Canada — https://www.bankofcanada.ca | Canada Mortgage and Housing Corporation (CMHC) — https://www.cmhc-schl.gc.ca | Canada Deposit Insurance Corporation (CDIC) — https://www.cdic.ca | Financial Consumer Agency of Canada (FCAC) — https://www.canada.ca/en/financial-consumer-agency.html | BC Financial Services Authority (BCFSA) — https://www.bcfsa.ca,,
69,Financing,Interest Rate Differential,interest-rate-differential,OSFI Guideline B-20 — Residential Mortgage Underwriting Practices and Procedures — https://www.osfi-bsif.gc.ca/en/guidance/guidance-library/residential-mortgage-underwriting-practices-procedures-guideline-b-20 | Bank of Canada — https://www.bankofcanada.ca | Canada Mortgage and Housing Corporation (CMHC) — https://www.cmhc-schl.gc.ca | Canada Deposit Insurance Corporation (CDIC) — https://www.cdic.ca | Financial Consumer Agency of Canada (FCAC) — https://www.canada.ca/en/financial-consumer-agency.html | BC Financial Services Authority (BCFSA) — https://www.bcfsa.ca,,
70,Financing,Land Title Office,land-title-office,"Land Title Act (RSBC 1996, c. 250) — https://www.bclaws.gov.bc.ca/civix/document/id/complete/statreg/96250_00 | Land Title and Survey Authority of BC (LTSA) — https://ltsa.ca",,
71,Financing,Leasehold,leasehold,OSFI Guideline B-20 — Residential Mortgage Underwriting Practices and Procedures — https://www.osfi-bsif.gc.ca/en/guidance/guidance-library/residential-mortgage-underwriting-practices-procedures-guideline-b-20 | Bank of Canada — https://www.bankofcanada.ca | Canada Mortgage and Housing Corporation (CMHC) — https://www.cmhc-schl.gc.ca | Canada Deposit Insurance Corporation (CDIC) — https://www.cdic.ca | Financial Consumer Agency of Canada (FCAC) — https://www.canada.ca/en/financial-consumer-agency.html | BC Financial Services Authority (BCFSA) — https://www.bcfsa.ca,,
72,Financing,Listing Agreement,listing-agreement,OSFI Guideline B-20 — Residential Mortgage Underwriting Practices and Procedures — https://www.osfi-bsif.gc.ca/en/guidance/guidance-library/residential-mortgage-underwriting-practices-procedures-guideline-b-20 | Bank of Canada — https://www.bankofcanada.ca | Canada Mortgage and Housing Corporation (CMHC) — https://www.cmhc-schl.gc.ca | Canada Deposit Insurance Corporation (CDIC) — https://www.cdic.ca | Financial Consumer Agency of Canada (FCAC) — https://www.canada.ca/en/financial-consumer-agency.html | BC Financial Services Authority (BCFSA) — https://www.bcfsa.ca,,
73,Financing,Lump Sum Payment,lump-sum-payment,OSFI Guideline B-20 — Residential Mortgage Underwriting Practices and Procedures — https://www.osfi-bsif.gc.ca/en/guidance/guidance-library/residential-mortgage-underwriting-practices-procedures-guideline-b-20 | Bank of Canada — https://www.bankofcanada.ca | Canada Mortgage and Housing Corporation (CMHC) — https://www.cmhc-schl.gc.ca | Canada Deposit Insurance Corporation (CDIC) — https://www.cdic.ca | Financial Consumer Agency of Canada (FCAC) — https://www.canada.ca/en/financial-consumer-agency.html | BC Financial Services Authority (BCFSA) — https://www.bcfsa.ca,,
74,Financing,Maturity Date,maturity-date,OSFI Guideline B-20 — Residential Mortgage Underwriting Practices and Procedures — https://www.osfi-bsif.gc.ca/en/guidance/guidance-library/residential-mortgage-underwriting-practices-procedures-guideline-b-20 | Bank of Canada — https://www.bankofcanada.ca | Canada Mortgage and Housing Corporation (CMHC) — https://www.cmhc-schl.gc.ca | Canada Deposit Insurance Corporation (CDIC) — https://www.cdic.ca | Financial Consumer Agency of Canada (FCAC) — https://www.canada.ca/en/financial-consumer-agency.html | BC Financial Services Authority (BCFSA) — https://www.bcfsa.ca,,
75,Financing,Mortgage,mortgage,OSFI Guideline B-20 — Residential Mortgage Underwriting Practices and Procedures — https://www.osfi-bsif.gc.ca/en/guidance/guidance-library/residential-mortgage-underwriting-practices-procedures-guideline-b-20 | Bank of Canada — https://www.bankofcanada.ca | Canada Mortgage and Housing Corporation (CMHC) — https://www.cmhc-schl.gc.ca | Canada Deposit Insurance Corporation (CDIC) — https://www.cdic.ca | Financial Consumer Agency of Canada (FCAC) — https://www.canada.ca/en/financial-consumer-agency.html | BC Financial Services Authority (BCFSA) — https://www.bcfsa.ca,,
76,Financing,Mortgage Broker,mortgage-broker,OSFI Guideline B-20 — Residential Mortgage Underwriting Practices and Procedures — https://www.osfi-bsif.gc.ca/en/guidance/guidance-library/residential-mortgage-underwriting-practices-procedures-guideline-b-20 | Bank of Canada — https://www.bankofcanada.ca | Canada Mortgage and Housing Corporation (CMHC) — https://www.cmhc-schl.gc.ca | Canada Deposit Insurance Corporation (CDIC) — https://www.cdic.ca | Financial Consumer Agency of Canada (FCAC) — https://www.canada.ca/en/financial-consumer-agency.html | BC Financial Services Authority (BCFSA) — https://www.bcfsa.ca,,
77,Financing,Mortgage Commitment,mortgage-commitment,OSFI Guideline B-20 — Residential Mortgage Underwriting Practices and Procedures — https://www.osfi-bsif.gc.ca/en/guidance/guidance-library/residential-mortgage-underwriting-practices-procedures-guideline-b-20 | Bank of Canada — https://www.bankofcanada.ca | Canada Mortgage and Housing Corporation (CMHC) — https://www.cmhc-schl.gc.ca | Canada Deposit Insurance Corporation (CDIC) — https://www.cdic.ca | Financial Consumer Agency of Canada (FCAC) — https://www.canada.ca/en/financial-consumer-agency.html | BC Financial Services Authority (BCFSA) — https://www.bcfsa.ca,,
78,Financing,Mortgage Discharge,mortgage-discharge,OSFI Guideline B-20 — Residential Mortgage Underwriting Practices and Procedures — https://www.osfi-bsif.gc.ca/en/guidance/guidance-library/residential-mortgage-underwriting-practices-procedures-guideline-b-20 | Bank of Canada — https://www.bankofcanada.ca | Canada Mortgage and Housing Corporation (CMHC) — https://www.cmhc-schl.gc.ca | Canada Deposit Insurance Corporation (CDIC) — https://www.cdic.ca | Financial Consumer Agency of Canada (FCAC) — https://www.canada.ca/en/financial-consumer-agency.html | BC Financial Services Authority (BCFSA) — https://www.bcfsa.ca,,
79,Financing,Mortgage Pre-Approval,mortgage-pre-approval,OSFI Guideline B-20 — Residential Mortgage Underwriting Practices and Procedures — https://www.osfi-bsif.gc.ca/en/guidance/guidance-library/residential-mortgage-underwriting-practices-procedures-guideline-b-20 | Bank of Canada — https://www.bankofcanada.ca | Canada Mortgage and Housing Corporation (CMHC) — https://www.cmhc-schl.gc.ca | Canada Deposit Insurance Corporation (CDIC) — https://www.cdic.ca | Financial Consumer Agency of Canada (FCAC) — https://www.canada.ca/en/financial-consumer-agency.html | BC Financial Services Authority (BCFSA) — https://www.bcfsa.ca,,
80,Financing,Mortgage Renewal,mortgage-renewal,OSFI Guideline B-20 — Residential Mortgage Underwriting Practices and Procedures — https://www.osfi-bsif.gc.ca/en/guidance/guidance-library/residential-mortgage-underwriting-practices-procedures-guideline-b-20 | Bank of Canada — https://www.bankofcanada.ca | Canada Mortgage and Housing Corporation (CMHC) — https://www.cmhc-schl.gc.ca | Canada Deposit Insurance Corporation (CDIC) — https://www.cdic.ca | Financial Consumer Agency of Canada (FCAC) — https://www.canada.ca/en/financial-consumer-agency.html | BC Financial Services Authority (BCFSA) — https://www.bcfsa.ca,,
81,Financing,Mortgage Stress Test (B-20),mortgage-stress-test-b-20,OSFI Guideline B-20 — Residential Mortgage Underwriting Practices and Procedures — https://www.osfi-bsif.gc.ca/en/guidance/guidance-library/residential-mortgage-underwriting-practices-procedures-guideline-b-20 | BC Financial Services Authority (BCFSA) — https://www.bcfsa.ca,,
82,Financing,Mortgage Term,mortgage-term,OSFI Guideline B-20 — Residential Mortgage Underwriting Practices and Procedures — https://www.osfi-bsif.gc.ca/en/guidance/guidance-library/residential-mortgage-underwriting-practices-procedures-guideline-b-20 | Bank of Canada — https://www.bankofcanada.ca | Canada Mortgage and Housing Corporation (CMHC) — https://www.cmhc-schl.gc.ca | Canada Deposit Insurance Corporation (CDIC) — https://www.cdic.ca | Financial Consumer Agency of Canada (FCAC) — https://www.canada.ca/en/financial-consumer-agency.html | BC Financial Services Authority (BCFSA) — https://www.bcfsa.ca,,
83,Financing,Multiple Offers,multiple-offers,OSFI Guideline B-20 — Residential Mortgage Underwriting Practices and Procedures — https://www.osfi-bsif.gc.ca/en/guidance/guidance-library/residential-mortgage-underwriting-practices-procedures-guideline-b-20 | Bank of Canada — https://www.bankofcanada.ca | Canada Mortgage and Housing Corporation (CMHC) — https://www.cmhc-schl.gc.ca | Canada Deposit Insurance Corporation (CDIC) — https://www.cdic.ca | Financial Consumer Agency of Canada (FCAC) — https://www.canada.ca/en/financial-consumer-agency.html | BC Financial Services Authority (BCFSA) — https://www.bcfsa.ca,,
84,Financing,Open Mortgage,open-mortgage,OSFI Guideline B-20 — Residential Mortgage Underwriting Practices and Procedures — https://www.osfi-bsif.gc.ca/en/guidance/guidance-library/residential-mortgage-underwriting-practices-procedures-guideline-b-20 | Bank of Canada — https://www.bankofcanada.ca | Canada Mortgage and Housing Corporation (CMHC) — https://www.cmhc-schl.gc.ca | Canada Deposit Insurance Corporation (CDIC) — https://www.cdic.ca | Financial Consumer Agency of Canada (FCAC) — https://www.canada.ca/en/financial-consumer-agency.html | BC Financial Services Authority (BCFSA) — https://www.bcfsa.ca,,
85,Financing,Owner Occupied Mortgage,owner-occupied-mortgage,OSFI Guideline B-20 — Residential Mortgage Underwriting Practices and Procedures — https://www.osfi-bsif.gc.ca/en/guidance/guidance-library/residential-mortgage-underwriting-practices-procedures-guideline-b-20 | Bank of Canada — https://www.bankofcanada.ca | Canada Mortgage and Housing Corporation (CMHC) — https://www.cmhc-schl.gc.ca | Canada Deposit Insurance Corporation (CDIC) — https://www.cdic.ca | Financial Consumer Agency of Canada (FCAC) — https://www.canada.ca/en/financial-consumer-agency.html | BC Financial Services Authority (BCFSA) — https://www.bcfsa.ca,,
86,Financing,Paddock / Pen,paddock-pen,OSFI Guideline B-20 — Residential Mortgage Underwriting Practices and Procedures — https://www.osfi-bsif.gc.ca/en/guidance/guidance-library/residential-mortgage-underwriting-practices-procedures-guideline-b-20 | Bank of Canada — https://www.bankofcanada.ca | Canada Mortgage and Housing Corporation (CMHC) — https://www.cmhc-schl.gc.ca | Canada Deposit Insurance Corporation (CDIC) — https://www.cdic.ca | Financial Consumer Agency of Canada (FCAC) — https://www.canada.ca/en/financial-consumer-agency.html | BC Financial Services Authority (BCFSA) — https://www.bcfsa.ca,,
87,Financing,Pasture / Grazing Land,pasture-grazing-land,OSFI Guideline B-20 — Residential Mortgage Underwriting Practices and Procedures — https://www.osfi-bsif.gc.ca/en/guidance/guidance-library/residential-mortgage-underwriting-practices-procedures-guideline-b-20 | Bank of Canada — https://www.bankofcanada.ca | Canada Mortgage and Housing Corporation (CMHC) — https://www.cmhc-schl.gc.ca | Canada Deposit Insurance Corporation (CDIC) — https://www.cdic.ca | Financial Consumer Agency of Canada (FCAC) — https://www.canada.ca/en/financial-consumer-agency.html | BC Financial Services Authority (BCFSA) — https://www.bcfsa.ca,,
88,Financing,Payment Frequency,payment-frequency,OSFI Guideline B-20 — Residential Mortgage Underwriting Practices and Procedures — https://www.osfi-bsif.gc.ca/en/guidance/guidance-library/residential-mortgage-underwriting-practices-procedures-guideline-b-20 | Bank of Canada — https://www.bankofcanada.ca | Canada Mortgage and Housing Corporation (CMHC) — https://www.cmhc-schl.gc.ca | Canada Deposit Insurance Corporation (CDIC) — https://www.cdic.ca | Financial Consumer Agency of Canada (FCAC) — https://www.canada.ca/en/financial-consumer-agency.html | BC Financial Services Authority (BCFSA) — https://www.bcfsa.ca,,
89,Financing,Perc Test (Percolation Test),perc-test-percolation-test,OSFI Guideline B-20 — Residential Mortgage Underwriting Practices and Procedures — https://www.osfi-bsif.gc.ca/en/guidance/guidance-library/residential-mortgage-underwriting-practices-procedures-guideline-b-20 | Bank of Canada — https://www.bankofcanada.ca | Canada Mortgage and Housing Corporation (CMHC) — https://www.cmhc-schl.gc.ca | Canada Deposit Insurance Corporation (CDIC) — https://www.cdic.ca | Financial Consumer Agency of Canada (FCAC) — https://www.canada.ca/en/financial-consumer-agency.html | BC Financial Services Authority (BCFSA) — https://www.bcfsa.ca,,
90,Financing,Portability (Mortgage),portability-mortgage,OSFI Guideline B-20 — Residential Mortgage Underwriting Practices and Procedures — https://www.osfi-bsif.gc.ca/en/guidance/guidance-library/residential-mortgage-underwriting-practices-procedures-guideline-b-20 | Bank of Canada — https://www.bankofcanada.ca | Canada Mortgage and Housing Corporation (CMHC) — https://www.cmhc-schl.gc.ca | Canada Deposit Insurance Corporation (CDIC) — https://www.cdic.ca | Financial Consumer Agency of Canada (FCAC) — https://www.canada.ca/en/financial-consumer-agency.html | BC Financial Services Authority (BCFSA) — https://www.bcfsa.ca,,
91,Financing,Posted Rate,posted-rate,OSFI Guideline B-20 — Residential Mortgage Underwriting Practices and Procedures — https://www.osfi-bsif.gc.ca/en/guidance/guidance-library/residential-mortgage-underwriting-practices-procedures-guideline-b-20 | Bank of Canada — https://www.bankofcanada.ca | Canada Mortgage and Housing Corporation (CMHC) — https://www.cmhc-schl.gc.ca | Canada Deposit Insurance Corporation (CDIC) — https://www.cdic.ca | Financial Consumer Agency of Canada (FCAC) — https://www.canada.ca/en/financial-consumer-agency.html | BC Financial Services Authority (BCFSA) — https://www.bcfsa.ca,,
92,Financing,Pre-Authorized Payment,pre-authorized-payment,OSFI Guideline B-20 — Residential Mortgage Underwriting Practices and Procedures — https://www.osfi-bsif.gc.ca/en/guidance/guidance-library/residential-mortgage-underwriting-practices-procedures-guideline-b-20 | Bank of Canada — https://www.bankofcanada.ca | Canada Mortgage and Housing Corporation (CMHC) — https://www.cmhc-schl.gc.ca | Canada Deposit Insurance Corporation (CDIC) — https://www.cdic.ca | Financial Consumer Agency of Canada (FCAC) — https://www.canada.ca/en/financial-consumer-agency.html | BC Financial Services Authority (BCFSA) — https://www.bcfsa.ca,,
93,Financing,Pre-Qualification,pre-qualification,OSFI Guideline B-20 — Residential Mortgage Underwriting Practices and Procedures — https://www.osfi-bsif.gc.ca/en/guidance/guidance-library/residential-mortgage-underwriting-practices-procedures-guideline-b-20 | Bank of Canada — https://www.bankofcanada.ca | Canada Mortgage and Housing Corporation (CMHC) — https://www.cmhc-schl.gc.ca | Canada Deposit Insurance Corporation (CDIC) — https://www.cdic.ca | Financial Consumer Agency of Canada (FCAC) — https://www.canada.ca/en/financial-consumer-agency.html | BC Financial Services Authority (BCFSA) — https://www.bcfsa.ca,,
94,Financing,Prepayment Penalty,prepayment-penalty,OSFI Guideline B-20 — Residential Mortgage Underwriting Practices and Procedures — https://www.osfi-bsif.gc.ca/en/guidance/guidance-library/residential-mortgage-underwriting-practices-procedures-guideline-b-20 | Bank of Canada — https://www.bankofcanada.ca | Canada Mortgage and Housing Corporation (CMHC) — https://www.cmhc-schl.gc.ca | Canada Deposit Insurance Corporation (CDIC) — https://www.cdic.ca | Financial Consumer Agency of Canada (FCAC) — https://www.canada.ca/en/financial-consumer-agency.html | BC Financial Services Authority (BCFSA) — https://www.bcfsa.ca,,
95,Financing,Prepayment Privilege,prepayment-privilege,OSFI Guideline B-20 — Residential Mortgage Underwriting Practices and Procedures — https://www.osfi-bsif.gc.ca/en/guidance/guidance-library/residential-mortgage-underwriting-practices-procedures-guideline-b-20 | Bank of Canada — https://www.bankofcanada.ca | Canada Mortgage and Housing Corporation (CMHC) — https://www.cmhc-schl.gc.ca | Canada Deposit Insurance Corporation (CDIC) — https://www.cdic.ca | Financial Consumer Agency of Canada (FCAC) — https://www.canada.ca/en/financial-consumer-agency.html | BC Financial Services Authority (BCFSA) — https://www.bcfsa.ca,,
96,Financing,Prime Rate,prime-rate,OSFI Guideline B-20 — Residential Mortgage Underwriting Practices and Procedures — https://www.osfi-bsif.gc.ca/en/guidance/guidance-library/residential-mortgage-underwriting-practices-procedures-guideline-b-20 | Bank of Canada — https://www.bankofcanada.ca | Canada Mortgage and Housing Corporation (CMHC) — https://www.cmhc-schl.gc.ca | Canada Deposit Insurance Corporation (CDIC) — https://www.cdic.ca | Financial Consumer Agency of Canada (FCAC) — https://www.canada.ca/en/financial-consumer-agency.html | BC Financial Services Authority (BCFSA) — https://www.bcfsa.ca,,
97,Financing,Principal Balance,principal-balance,OSFI Guideline B-20 — Residential Mortgage Underwriting Practices and Procedures — https://www.osfi-bsif.gc.ca/en/guidance/guidance-library/residential-mortgage-underwriting-practices-procedures-guideline-b-20 | Bank of Canada — https://www.bankofcanada.ca | Canada Mortgage and Housing Corporation (CMHC) — https://www.cmhc-schl.gc.ca | Canada Deposit Insurance Corporation (CDIC) — https://www.cdic.ca | Financial Consumer Agency of Canada (FCAC) — https://www.canada.ca/en/financial-consumer-agency.html | BC Financial Services Authority (BCFSA) — https://www.bcfsa.ca,,
98,Financing,Principal Residence Requirement (STRAA),principal-residence-requirement-straa,"Income Tax Act (R.S.C. 1985, c. 1 (5th Supp.)) — https://laws-lois.justice.gc.ca/eng/acts/i-3.3/ | Canada Revenue Agency (CRA) — https://www.canada.ca/en/revenue-agency.html",,
99,Financing,Private Mortgage,private-mortgage,OSFI Guideline B-20 — Residential Mortgage Underwriting Practices and Procedures — https://www.osfi-bsif.gc.ca/en/guidance/guidance-library/residential-mortgage-underwriting-practices-procedures-guideline-b-20 | Bank of Canada — https://www.bankofcanada.ca | Canada Mortgage and Housing Corporation (CMHC) — https://www.cmhc-schl.gc.ca | Canada Deposit Insurance Corporation (CDIC) — https://www.cdic.ca | Financial Consumer Agency of Canada (FCAC) — https://www.canada.ca/en/financial-consumer-agency.html | BC Financial Services Authority (BCFSA) — https://www.bcfsa.ca,,
100,Financing,Qualification Rate,qualification-rate,OSFI Guideline B-20 — Residential Mortgage Underwriting Practices and Procedures — https://www.osfi-bsif.gc.ca/en/guidance/guidance-library/residential-mortgage-underwriting-practices-procedures-guideline-b-20 | Bank of Canada — https://www.bankofcanada.ca | Canada Mortgage and Housing Corporation (CMHC) — https://www.cmhc-schl.gc.ca | Canada Deposit Insurance Corporation (CDIC) — https://www.cdic.ca | Financial Consumer Agency of Canada (FCAC) — https://www.canada.ca/en/financial-consumer-agency.html | BC Financial Services Authority (BCFSA) — https://www.bcfsa.ca,,
101,Financing,Radon Testing,radon-testing,OSFI Guideline B-20 — Residential Mortgage Underwriting Practices and Procedures — https://www.osfi-bsif.gc.ca/en/guidance/guidance-library/residential-mortgage-underwriting-practices-procedures-guideline-b-20 | Bank of Canada — https://www.bankofcanada.ca | Canada Mortgage and Housing Corporation (CMHC) — https://www.cmhc-schl.gc.ca | Canada Deposit Insurance Corporation (CDIC) — https://www.cdic.ca | Financial Consumer Agency of Canada (FCAC) — https://www.canada.ca/en/financial-consumer-agency.html | BC Financial Services Authority (BCFSA) — https://www.bcfsa.ca,,
102,Financing,Rate Hold,rate-hold,OSFI Guideline B-20 — Residential Mortgage Underwriting Practices and Procedures — https://www.osfi-bsif.gc.ca/en/guidance/guidance-library/residential-mortgage-underwriting-practices-procedures-guideline-b-20 | Bank of Canada — https://www.bankofcanada.ca | Canada Mortgage and Housing Corporation (CMHC) — https://www.cmhc-schl.gc.ca | Canada Deposit Insurance Corporation (CDIC) — https://www.cdic.ca | Financial Consumer Agency of Canada (FCAC) — https://www.canada.ca/en/financial-consumer-agency.html | BC Financial Services Authority (BCFSA) — https://www.bcfsa.ca,,
103,Financing,REALTOR®,realtor,OSFI Guideline B-20 — Residential Mortgage Underwriting Practices and Procedures — https://www.osfi-bsif.gc.ca/en/guidance/guidance-library/residential-mortgage-underwriting-practices-procedures-guideline-b-20 | Bank of Canada — https://www.bankofcanada.ca | Canada Mortgage and Housing Corporation (CMHC) — https://www.cmhc-schl.gc.ca | Canada Deposit Insurance Corporation (CDIC) — https://www.cdic.ca | Financial Consumer Agency of Canada (FCAC) — https://www.canada.ca/en/financial-consumer-agency.html | BC Financial Services Authority (BCFSA) — https://www.bcfsa.ca,,
104,Financing,Refinance,refinance,OSFI Guideline B-20 — Residential Mortgage Underwriting Practices and Procedures — https://www.osfi-bsif.gc.ca/en/guidance/guidance-library/residential-mortgage-underwriting-practices-procedures-guideline-b-20 | Bank of Canada — https://www.bankofcanada.ca | Canada Mortgage and Housing Corporation (CMHC) — https://www.cmhc-schl.gc.ca | Canada Deposit Insurance Corporation (CDIC) — https://www.cdic.ca | Financial Consumer Agency of Canada (FCAC) — https://www.canada.ca/en/financial-consumer-agency.html | BC Financial Services Authority (BCFSA) — https://www.bcfsa.ca,,
105,Financing,Regional Growth Strategy,regional-growth-strategy,OSFI Guideline B-20 — Residential Mortgage Underwriting Practices and Procedures — https://www.osfi-bsif.gc.ca/en/guidance/guidance-library/residential-mortgage-underwriting-practices-procedures-guideline-b-20 | Bank of Canada — https://www.bankofcanada.ca | Canada Mortgage and Housing Corporation (CMHC) — https://www.cmhc-schl.gc.ca | Canada Deposit Insurance Corporation (CDIC) — https://www.cdic.ca | Financial Consumer Agency of Canada (FCAC) — https://www.canada.ca/en/financial-consumer-agency.html | BC Financial Services Authority (BCFSA) — https://www.bcfsa.ca,,
106,Financing,Reverse Mortgage,reverse-mortgage,OSFI Guideline B-20 — Residential Mortgage Underwriting Practices and Procedures — https://www.osfi-bsif.gc.ca/en/guidance/guidance-library/residential-mortgage-underwriting-practices-procedures-guideline-b-20 | Bank of Canada — https://www.bankofcanada.ca | Canada Mortgage and Housing Corporation (CMHC) — https://www.cmhc-schl.gc.ca | Canada Deposit Insurance Corporation (CDIC) — https://www.cdic.ca | Financial Consumer Agency of Canada (FCAC) — https://www.canada.ca/en/financial-consumer-agency.html | BC Financial Services Authority (BCFSA) — https://www.bcfsa.ca,,
107,Financing,Second Mortgage,second-mortgage,OSFI Guideline B-20 — Residential Mortgage Underwriting Practices and Procedures — https://www.osfi-bsif.gc.ca/en/guidance/guidance-library/residential-mortgage-underwriting-practices-procedures-guideline-b-20 | Bank of Canada — https://www.bankofcanada.ca | Canada Mortgage and Housing Corporation (CMHC) — https://www.cmhc-schl.gc.ca | Canada Deposit Insurance Corporation (CDIC) — https://www.cdic.ca | Financial Consumer Agency of Canada (FCAC) — https://www.canada.ca/en/financial-consumer-agency.html | BC Financial Services Authority (BCFSA) — https://www.bcfsa.ca,,
108,Financing,Secondary Suite — Legal vs Unauthorized,secondary-suite-legal-vs-unauthorized,OSFI Guideline B-20 — Residential Mortgage Underwriting Practices and Procedures — https://www.osfi-bsif.gc.ca/en/guidance/guidance-library/residential-mortgage-underwriting-practices-procedures-guideline-b-20 | Bank of Canada — https://www.bankofcanada.ca | Canada Mortgage and Housing Corporation (CMHC) — https://www.cmhc-schl.gc.ca | Canada Deposit Insurance Corporation (CDIC) — https://www.cdic.ca | Financial Consumer Agency of Canada (FCAC) — https://www.canada.ca/en/financial-consumer-agency.html | BC Financial Services Authority (BCFSA) — https://www.bcfsa.ca,,
109,Financing,Secured Line of Credit,secured-line-of-credit,OSFI Guideline B-20 — Residential Mortgage Underwriting Practices and Procedures — https://www.osfi-bsif.gc.ca/en/guidance/guidance-library/residential-mortgage-underwriting-practices-procedures-guideline-b-20 | Bank of Canada — https://www.bankofcanada.ca | Canada Mortgage and Housing Corporation (CMHC) — https://www.cmhc-schl.gc.ca | Canada Deposit Insurance Corporation (CDIC) — https://www.cdic.ca | Financial Consumer Agency of Canada (FCAC) — https://www.canada.ca/en/financial-consumer-agency.html | BC Financial Services Authority (BCFSA) — https://www.bcfsa.ca,,
110,Financing,Sellers Market vs Buyers Market,sellers-market-vs-buyers-market,OSFI Guideline B-20 — Residential Mortgage Underwriting Practices and Procedures — https://www.osfi-bsif.gc.ca/en/guidance/guidance-library/residential-mortgage-underwriting-practices-procedures-guideline-b-20 | Bank of Canada — https://www.bankofcanada.ca | Canada Mortgage and Housing Corporation (CMHC) — https://www.cmhc-schl.gc.ca | Canada Deposit Insurance Corporation (CDIC) — https://www.cdic.ca | Financial Consumer Agency of Canada (FCAC) — https://www.canada.ca/en/financial-consumer-agency.html | BC Financial Services Authority (BCFSA) — https://www.bcfsa.ca,,
111,Financing,Shared Equity Mortgage,shared-equity-mortgage,OSFI Guideline B-20 — Residential Mortgage Underwriting Practices and Procedures — https://www.osfi-bsif.gc.ca/en/guidance/guidance-library/residential-mortgage-underwriting-practices-procedures-guideline-b-20 | Bank of Canada — https://www.bankofcanada.ca | Canada Mortgage and Housing Corporation (CMHC) — https://www.cmhc-schl.gc.ca | Canada Deposit Insurance Corporation (CDIC) — https://www.cdic.ca | Financial Consumer Agency of Canada (FCAC) — https://www.canada.ca/en/financial-consumer-agency.html | BC Financial Services Authority (BCFSA) — https://www.bcfsa.ca,,
112,Financing,Stress Test,stress-test,OSFI Guideline B-20 — Residential Mortgage Underwriting Practices and Procedures — https://www.osfi-bsif.gc.ca/en/guidance/guidance-library/residential-mortgage-underwriting-practices-procedures-guideline-b-20 | BC Financial Services Authority (BCFSA) — https://www.bcfsa.ca,,
113,Financing,Switch Mortgage,switch-mortgage,OSFI Guideline B-20 — Residential Mortgage Underwriting Practices and Procedures — https://www.osfi-bsif.gc.ca/en/guidance/guidance-library/residential-mortgage-underwriting-practices-procedures-guideline-b-20 | Bank of Canada — https://www.bankofcanada.ca | Canada Mortgage and Housing Corporation (CMHC) — https://www.cmhc-schl.gc.ca | Canada Deposit Insurance Corporation (CDIC) — https://www.cdic.ca | Financial Consumer Agency of Canada (FCAC) — https://www.canada.ca/en/financial-consumer-agency.html | BC Financial Services Authority (BCFSA) — https://www.bcfsa.ca,,
114,Financing,Tenancy Agreement,tenancy-agreement,OSFI Guideline B-20 — Residential Mortgage Underwriting Practices and Procedures — https://www.osfi-bsif.gc.ca/en/guidance/guidance-library/residential-mortgage-underwriting-practices-procedures-guideline-b-20 | Bank of Canada — https://www.bankofcanada.ca | Canada Mortgage and Housing Corporation (CMHC) — https://www.cmhc-schl.gc.ca | Canada Deposit Insurance Corporation (CDIC) — https://www.cdic.ca | Financial Consumer Agency of Canada (FCAC) — https://www.canada.ca/en/financial-consumer-agency.html | BC Financial Services Authority (BCFSA) — https://www.bcfsa.ca,,
115,Financing,Total Debt Service Ratio,total-debt-service-ratio,OSFI Guideline B-20 — Residential Mortgage Underwriting Practices and Procedures — https://www.osfi-bsif.gc.ca/en/guidance/guidance-library/residential-mortgage-underwriting-practices-procedures-guideline-b-20 | Bank of Canada — https://www.bankofcanada.ca | Canada Mortgage and Housing Corporation (CMHC) — https://www.cmhc-schl.gc.ca | Canada Deposit Insurance Corporation (CDIC) — https://www.cdic.ca | Financial Consumer Agency of Canada (FCAC) — https://www.canada.ca/en/financial-consumer-agency.html | BC Financial Services Authority (BCFSA) — https://www.bcfsa.ca,,
116,Financing,Trigger Rate,trigger-rate,OSFI Guideline B-20 — Residential Mortgage Underwriting Practices and Procedures — https://www.osfi-bsif.gc.ca/en/guidance/guidance-library/residential-mortgage-underwriting-practices-procedures-guideline-b-20 | Bank of Canada — https://www.bankofcanada.ca | Canada Mortgage and Housing Corporation (CMHC) — https://www.cmhc-schl.gc.ca | Canada Deposit Insurance Corporation (CDIC) — https://www.cdic.ca | Financial Consumer Agency of Canada (FCAC) — https://www.canada.ca/en/financial-consumer-agency.html | BC Financial Services Authority (BCFSA) — https://www.bcfsa.ca,,
117,Financing,Turnout area,turnout-area,OSFI Guideline B-20 — Residential Mortgage Underwriting Practices and Procedures — https://www.osfi-bsif.gc.ca/en/guidance/guidance-library/residential-mortgage-underwriting-practices-procedures-guideline-b-20 | Bank of Canada — https://www.bankofcanada.ca | Canada Mortgage and Housing Corporation (CMHC) — https://www.cmhc-schl.gc.ca | Canada Deposit Insurance Corporation (CDIC) — https://www.cdic.ca | Financial Consumer Agency of Canada (FCAC) — https://www.canada.ca/en/financial-consumer-agency.html | BC Financial Services Authority (BCFSA) — https://www.bcfsa.ca,,
118,Financing,Vendor Take Back Mortgage,vendor-take-back-mortgage,OSFI Guideline B-20 — Residential Mortgage Underwriting Practices and Procedures — https://www.osfi-bsif.gc.ca/en/guidance/guidance-library/residential-mortgage-underwriting-practices-procedures-guideline-b-20 | Bank of Canada — https://www.bankofcanada.ca | Canada Mortgage and Housing Corporation (CMHC) — https://www.cmhc-schl.gc.ca | Canada Deposit Insurance Corporation (CDIC) — https://www.cdic.ca | Financial Consumer Agency of Canada (FCAC) — https://www.canada.ca/en/financial-consumer-agency.html | BC Financial Services Authority (BCFSA) — https://www.bcfsa.ca,,
119,Financing,VOW — Virtual Office Website,vow-virtual-office-website,OSFI Guideline B-20 — Residential Mortgage Underwriting Practices and Procedures — https://www.osfi-bsif.gc.ca/en/guidance/guidance-library/residential-mortgage-underwriting-practices-procedures-guideline-b-20 | Bank of Canada — https://www.bankofcanada.ca | Canada Mortgage and Housing Corporation (CMHC) — https://www.cmhc-schl.gc.ca | Canada Deposit Insurance Corporation (CDIC) — https://www.cdic.ca | Financial Consumer Agency of Canada (FCAC) — https://www.canada.ca/en/financial-consumer-agency.html | BC Financial Services Authority (BCFSA) — https://www.bcfsa.ca,,
120,General,EV Charging Requirements (BC),ev-charging-requirements-bc,"BC Financial Services Authority (BCFSA) — https://www.bcfsa.ca | Canadian Real Estate Association (CREA) — REALTOR® Code of Ethics — https://www.crea.ca/about/realtor-code/ | Real Estate Services Act (SBC 2004, c. 42) — https://www.bclaws.gov.bc.ca/civix/document/id/complete/statreg/04042_01",,
121,General,Foreshore Lease / Crown Foreshore Tenure,foreshore-lease-crown-foreshore-tenure,"BC Financial Services Authority (BCFSA) — https://www.bcfsa.ca | Canadian Real Estate Association (CREA) — REALTOR® Code of Ethics — https://www.crea.ca/about/realtor-code/ | Real Estate Services Act (SBC 2004, c. 42) — https://www.bclaws.gov.bc.ca/civix/document/id/complete/statreg/04042_01",,
122,General,Private beach access,private-beach-access,"BC Financial Services Authority (BCFSA) — https://www.bcfsa.ca | Canadian Real Estate Association (CREA) — REALTOR® Code of Ethics — https://www.crea.ca/about/realtor-code/ | Real Estate Services Act (SBC 2004, c. 42) — https://www.bclaws.gov.bc.ca/civix/document/id/complete/statreg/04042_01",,
123,General,Right to Farm,right-to-farm,"BC Financial Services Authority (BCFSA) — https://www.bcfsa.ca | Canadian Real Estate Association (CREA) — REALTOR® Code of Ethics — https://www.crea.ca/about/realtor-code/ | Real Estate Services Act (SBC 2004, c. 42) — https://www.bclaws.gov.bc.ca/civix/document/id/complete/statreg/04042_01",,
124,General,Well Water Testing,well-water-testing,"BC Financial Services Authority (BCFSA) — https://www.bcfsa.ca | Canadian Real Estate Association (CREA) — REALTOR® Code of Ethics — https://www.crea.ca/about/realtor-code/ | Real Estate Services Act (SBC 2004, c. 42) — https://www.bclaws.gov.bc.ca/civix/document/id/complete/statreg/04042_01",,
125,Insurance,2-5-10 Home Warranty,2-5-10-home-warranty,"Homeowner Protection Act (SBC 1998, c. 31) — https://www.bclaws.gov.bc.ca/civix/document/id/complete/statreg/98031_01 | BC Housing — Licensing & Consumer Services — https://www.bchousing.org/licensing-consumer-services",,
126,Insurance,Aluminum Wiring,aluminum-wiring,"Insurance Act (RSBC 2012, c. 1) — https://www.bclaws.gov.bc.ca/civix/document/id/complete/statreg/12001_01 | Financial Institutions Act (RSBC 1996, c. 141) — https://www.bclaws.gov.bc.ca/civix/document/id/complete/statreg/96141_01 | Insurance Council of British Columbia — https://www.insurancecouncilofbc.com | Insurance Bureau of Canada (IBC) — https://www.ibc.ca",,
127,Insurance,Builder's Risk Insurance,builder-s-risk-insurance,"Insurance Act (RSBC 2012, c. 1) — https://www.bclaws.gov.bc.ca/civix/document/id/complete/statreg/12001_01 | Financial Institutions Act (RSBC 1996, c. 141) — https://www.bclaws.gov.bc.ca/civix/document/id/complete/statreg/96141_01 | Insurance Council of British Columbia — https://www.insurancecouncilofbc.com | Insurance Bureau of Canada (IBC) — https://www.ibc.ca",,
128,Insurance,CMHC Mortgage Default Insurance,cmhc-mortgage-default-insurance,Canada Mortgage and Housing Corporation (CMHC) — https://www.cmhc-schl.gc.ca | OSFI Guideline B-20 — Residential Mortgage Underwriting Practices and Procedures — https://www.osfi-bsif.gc.ca/en/guidance/guidance-library/residential-mortgage-underwriting-practices-procedures-guideline-b-20,,
129,Insurance,Commitment Letter,commitment-letter,"Insurance Act (RSBC 2012, c. 1) — https://www.bclaws.gov.bc.ca/civix/document/id/complete/statreg/12001_01 | Financial Institutions Act (RSBC 1996, c. 141) — https://www.bclaws.gov.bc.ca/civix/document/id/complete/statreg/96141_01 | Insurance Council of British Columbia — https://www.insurancecouncilofbc.com | Insurance Bureau of Canada (IBC) — https://www.ibc.ca",,
130,Insurance,Conventional Mortgage,conventional-mortgage,"Insurance Act (RSBC 2012, c. 1) — https://www.bclaws.gov.bc.ca/civix/document/id/complete/statreg/12001_01 | Financial Institutions Act (RSBC 1996, c. 141) — https://www.bclaws.gov.bc.ca/civix/document/id/complete/statreg/96141_01 | Insurance Council of British Columbia — https://www.insurancecouncilofbc.com | Insurance Bureau of Canada (IBC) — https://www.ibc.ca",,
131,Insurance,Credit Score for Mortgage,credit-score-for-mortgage,"Insurance Act (RSBC 2012, c. 1) — https://www.bclaws.gov.bc.ca/civix/document/id/complete/statreg/12001_01 | Financial Institutions Act (RSBC 1996, c. 141) — https://www.bclaws.gov.bc.ca/civix/document/id/complete/statreg/96141_01 | Insurance Council of British Columbia — https://www.insurancecouncilofbc.com | Insurance Bureau of Canada (IBC) — https://www.ibc.ca",,
132,Insurance,Encroachment,encroachment,"Insurance Act (RSBC 2012, c. 1) — https://www.bclaws.gov.bc.ca/civix/document/id/complete/statreg/12001_01 | Financial Institutions Act (RSBC 1996, c. 141) — https://www.bclaws.gov.bc.ca/civix/document/id/complete/statreg/96141_01 | Insurance Council of British Columbia — https://www.insurancecouncilofbc.com | Insurance Bureau of Canada (IBC) — https://www.ibc.ca",,
133,Insurance,Errors & Omissions Insurance (E&O),errors-omissions-insurance-e-o,"Insurance Act (RSBC 2012, c. 1) — https://www.bclaws.gov.bc.ca/civix/document/id/complete/statreg/12001_01 | Financial Institutions Act (RSBC 1996, c. 141) — https://www.bclaws.gov.bc.ca/civix/document/id/complete/statreg/96141_01 | Insurance Council of British Columbia — https://www.insurancecouncilofbc.com | Insurance Bureau of Canada (IBC) — https://www.ibc.ca",,
134,Insurance,Float Home / Houseboat,float-home-houseboat,"Insurance Act (RSBC 2012, c. 1) — https://www.bclaws.gov.bc.ca/civix/document/id/complete/statreg/12001_01 | Financial Institutions Act (RSBC 1996, c. 141) — https://www.bclaws.gov.bc.ca/civix/document/id/complete/statreg/96141_01 | Insurance Council of British Columbia — https://www.insurancecouncilofbc.com | Insurance Bureau of Canada (IBC) — https://www.ibc.ca",,
135,Insurance,Flood Insurance,flood-insurance,"Insurance Act (RSBC 2012, c. 1) — https://www.bclaws.gov.bc.ca/civix/document/id/complete/statreg/12001_01 | Financial Institutions Act (RSBC 1996, c. 141) — https://www.bclaws.gov.bc.ca/civix/document/id/complete/statreg/96141_01 | Insurance Council of British Columbia — https://www.insurancecouncilofbc.com | Insurance Bureau of Canada (IBC) — https://www.ibc.ca",,
136,Insurance,High-Ratio Mortgage,high-ratio-mortgage,Canada Mortgage and Housing Corporation (CMHC) — https://www.cmhc-schl.gc.ca | OSFI Guideline B-20 — Residential Mortgage Underwriting Practices and Procedures — https://www.osfi-bsif.gc.ca/en/guidance/guidance-library/residential-mortgage-underwriting-practices-procedures-guideline-b-20,,
137,Insurance,Home Insurance,home-insurance,"Insurance Act (RSBC 2012, c. 1) — https://www.bclaws.gov.bc.ca/civix/document/id/complete/statreg/12001_01 | Financial Institutions Act (RSBC 1996, c. 141) — https://www.bclaws.gov.bc.ca/civix/document/id/complete/statreg/96141_01 | Insurance Council of British Columbia — https://www.insurancecouncilofbc.com | Insurance Bureau of Canada (IBC) — https://www.ibc.ca",,
138,Insurance,Insured Mortgage,insured-mortgage,"Insurance Act (RSBC 2012, c. 1) — https://www.bclaws.gov.bc.ca/civix/document/id/complete/statreg/12001_01 | Financial Institutions Act (RSBC 1996, c. 141) — https://www.bclaws.gov.bc.ca/civix/document/id/complete/statreg/96141_01 | Insurance Council of British Columbia — https://www.insurancecouncilofbc.com | Insurance Bureau of Canada (IBC) — https://www.ibc.ca",,
139,Insurance,Kitec Plumbing,kitec-plumbing,"Insurance Act (RSBC 2012, c. 1) — https://www.bclaws.gov.bc.ca/civix/document/id/complete/statreg/12001_01 | Financial Institutions Act (RSBC 1996, c. 141) — https://www.bclaws.gov.bc.ca/civix/document/id/complete/statreg/96141_01 | Insurance Council of British Columbia — https://www.insurancecouncilofbc.com | Insurance Bureau of Canada (IBC) — https://www.ibc.ca",,
140,Insurance,Knob and Tube Wiring,knob-and-tube-wiring,"Insurance Act (RSBC 2012, c. 1) — https://www.bclaws.gov.bc.ca/civix/document/id/complete/statreg/12001_01 | Financial Institutions Act (RSBC 1996, c. 141) — https://www.bclaws.gov.bc.ca/civix/document/id/complete/statreg/96141_01 | Insurance Council of British Columbia — https://www.insurancecouncilofbc.com | Insurance Bureau of Canada (IBC) — https://www.ibc.ca",,
141,Insurance,Liability Coverage,liability-coverage,"Insurance Act (RSBC 2012, c. 1) — https://www.bclaws.gov.bc.ca/civix/document/id/complete/statreg/12001_01 | Financial Institutions Act (RSBC 1996, c. 141) — https://www.bclaws.gov.bc.ca/civix/document/id/complete/statreg/96141_01 | Insurance Council of British Columbia — https://www.insurancecouncilofbc.com | Insurance Bureau of Canada (IBC) — https://www.ibc.ca",,
142,Insurance,Loan-to-Value Ratio (LTV),loan-to-value-ratio-ltv,"Insurance Act (RSBC 2012, c. 1) — https://www.bclaws.gov.bc.ca/civix/document/id/complete/statreg/12001_01 | Financial Institutions Act (RSBC 1996, c. 141) — https://www.bclaws.gov.bc.ca/civix/document/id/complete/statreg/96141_01 | Insurance Council of British Columbia — https://www.insurancecouncilofbc.com | Insurance Bureau of Canada (IBC) — https://www.ibc.ca",,
143,Insurance,Manufactured Home,manufactured-home,"Manufactured Home Act (RSBC 1996, c. 280) — https://www.bclaws.gov.bc.ca/civix/document/id/complete/statreg/96280_01",,
144,Insurance,Mold,mold,"Insurance Act (RSBC 2012, c. 1) — https://www.bclaws.gov.bc.ca/civix/document/id/complete/statreg/12001_01 | Financial Institutions Act (RSBC 1996, c. 141) — https://www.bclaws.gov.bc.ca/civix/document/id/complete/statreg/96141_01 | Insurance Council of British Columbia — https://www.insurancecouncilofbc.com | Insurance Bureau of Canada (IBC) — https://www.ibc.ca",,
145,Insurance,Mortgage Payment,mortgage-payment,"Insurance Act (RSBC 2012, c. 1) — https://www.bclaws.gov.bc.ca/civix/document/id/complete/statreg/12001_01 | Financial Institutions Act (RSBC 1996, c. 141) — https://www.bclaws.gov.bc.ca/civix/document/id/complete/statreg/96141_01 | Insurance Council of British Columbia — https://www.insurancecouncilofbc.com | Insurance Bureau of Canada (IBC) — https://www.ibc.ca",,
146,Insurance,Polybutylene (Poly-B) Piping,polybutylene-poly-b-piping,"Insurance Act (RSBC 2012, c. 1) — https://www.bclaws.gov.bc.ca/civix/document/id/complete/statreg/12001_01 | Financial Institutions Act (RSBC 1996, c. 141) — https://www.bclaws.gov.bc.ca/civix/document/id/complete/statreg/96141_01 | Insurance Council of British Columbia — https://www.insurancecouncilofbc.com | Insurance Bureau of Canada (IBC) — https://www.ibc.ca",,
147,Insurance,Replacement Cost,replacement-cost,"Insurance Act (RSBC 2012, c. 1) — https://www.bclaws.gov.bc.ca/civix/document/id/complete/statreg/12001_01 | Financial Institutions Act (RSBC 1996, c. 141) — https://www.bclaws.gov.bc.ca/civix/document/id/complete/statreg/96141_01 | Insurance Council of British Columbia — https://www.insurancecouncilofbc.com | Insurance Bureau of Canada (IBC) — https://www.ibc.ca",,
148,Insurance,Replacement Cost Coverage,replacement-cost-coverage,"Insurance Act (RSBC 2012, c. 1) — https://www.bclaws.gov.bc.ca/civix/document/id/complete/statreg/12001_01 | Financial Institutions Act (RSBC 1996, c. 141) — https://www.bclaws.gov.bc.ca/civix/document/id/complete/statreg/96141_01 | Insurance Council of British Columbia — https://www.insurancecouncilofbc.com | Insurance Bureau of Canada (IBC) — https://www.ibc.ca",,
149,Insurance,Sewer Backup Coverage,sewer-backup-coverage,"Insurance Act (RSBC 2012, c. 1) — https://www.bclaws.gov.bc.ca/civix/document/id/complete/statreg/12001_01 | Financial Institutions Act (RSBC 1996, c. 141) — https://www.bclaws.gov.bc.ca/civix/document/id/complete/statreg/96141_01 | Insurance Council of British Columbia — https://www.insurancecouncilofbc.com | Insurance Bureau of Canada (IBC) — https://www.ibc.ca",,
150,Insurance,Title Insurance,title-insurance,"Insurance Act (RSBC 2012, c. 1) — https://www.bclaws.gov.bc.ca/civix/document/id/complete/statreg/12001_01 | Insurance Bureau of Canada (IBC) — https://www.ibc.ca | Land Title and Survey Authority of BC (LTSA) — https://ltsa.ca",,
151,Insurance,Title Search,title-search,"Insurance Act (RSBC 2012, c. 1) — https://www.bclaws.gov.bc.ca/civix/document/id/complete/statreg/12001_01 | Financial Institutions Act (RSBC 1996, c. 141) — https://www.bclaws.gov.bc.ca/civix/document/id/complete/statreg/96141_01 | Insurance Council of British Columbia — https://www.insurancecouncilofbc.com | Insurance Bureau of Canada (IBC) — https://www.ibc.ca",,
152,Insurance,Uninsured / Conventional Mortgage,uninsured-conventional-mortgage,"Insurance Act (RSBC 2012, c. 1) — https://www.bclaws.gov.bc.ca/civix/document/id/complete/statreg/12001_01 | Financial Institutions Act (RSBC 1996, c. 141) — https://www.bclaws.gov.bc.ca/civix/document/id/complete/statreg/96141_01 | Insurance Council of British Columbia — https://www.insurancecouncilofbc.com | Insurance Bureau of Canada (IBC) — https://www.ibc.ca",,
153,Insurance,Vacancy Insurance,vacancy-insurance,"Insurance Act (RSBC 2012, c. 1) — https://www.bclaws.gov.bc.ca/civix/document/id/complete/statreg/12001_01 | Financial Institutions Act (RSBC 1996, c. 141) — https://www.bclaws.gov.bc.ca/civix/document/id/complete/statreg/96141_01 | Insurance Council of British Columbia — https://www.insurancecouncilofbc.com | Insurance Bureau of Canada (IBC) — https://www.ibc.ca",,
154,Land & Zoning,Access Easement,access-easement,"Local Government Act (RSBC 2015, c. 1) — https://www.bclaws.gov.bc.ca/civix/document/id/complete/statreg/r15001_00 | Community Charter (SBC 2003, c. 26) — https://www.bclaws.gov.bc.ca/civix/document/id/complete/statreg/03026_00 | BC Government — Local Government Land Use & Zoning — https://www2.gov.bc.ca/gov/content/governments/local-governments/planning-land-use | Agricultural Land Commission (ALC) — https://www.alc.gov.bc.ca",,
155,Land & Zoning,Acreage,acreage,"Local Government Act (RSBC 2015, c. 1) — https://www.bclaws.gov.bc.ca/civix/document/id/complete/statreg/r15001_00 | Community Charter (SBC 2003, c. 26) — https://www.bclaws.gov.bc.ca/civix/document/id/complete/statreg/03026_00 | BC Government — Local Government Land Use & Zoning — https://www2.gov.bc.ca/gov/content/governments/local-governments/planning-land-use | Agricultural Land Commission (ALC) — https://www.alc.gov.bc.ca",,
156,Land & Zoning,Agricultural Land Reserve (ALR),agricultural-land-reserve-alr,"Agricultural Land Commission Act (SBC 2002, c. 36) — https://www.bclaws.gov.bc.ca/civix/document/id/complete/statreg/02036_01 | Agricultural Land Commission (ALC) — https://www.alc.gov.bc.ca",,
157,Land & Zoning,Backup Offer,backup-offer,"Local Government Act (RSBC 2015, c. 1) — https://www.bclaws.gov.bc.ca/civix/document/id/complete/statreg/r15001_00 | Community Charter (SBC 2003, c. 26) — https://www.bclaws.gov.bc.ca/civix/document/id/complete/statreg/03026_00 | BC Government — Local Government Land Use & Zoning — https://www2.gov.bc.ca/gov/content/governments/local-governments/planning-land-use | Agricultural Land Commission (ALC) — https://www.alc.gov.bc.ca",,
158,Land & Zoning,BC Building Code,bc-building-code,"BC Building Code — https://www2.gov.bc.ca/gov/content/industry/construction-industry/building-codes-standards/the-codes | Building Act (SBC 2015, c. 2) — https://www.bclaws.gov.bc.ca/civix/document/id/complete/statreg/15002_01",,
159,Land & Zoning,Coach House,coach-house,"Local Government Act (RSBC 2015, c. 1) — https://www.bclaws.gov.bc.ca/civix/document/id/complete/statreg/r15001_00 | Community Charter (SBC 2003, c. 26) — https://www.bclaws.gov.bc.ca/civix/document/id/complete/statreg/03026_00 | BC Government — Local Government Land Use & Zoning — https://www2.gov.bc.ca/gov/content/governments/local-governments/planning-land-use | Agricultural Land Commission (ALC) — https://www.alc.gov.bc.ca",,
160,Land & Zoning,Community Amenity Contribution (CAC),community-amenity-contribution-cac,"Local Government Act (RSBC 2015, c. 1) — https://www.bclaws.gov.bc.ca/civix/document/id/complete/statreg/r15001_00 | Community Charter (SBC 2003, c. 26) — https://www.bclaws.gov.bc.ca/civix/document/id/complete/statreg/03026_00 | BC Government — Local Government Land Use & Zoning — https://www2.gov.bc.ca/gov/content/governments/local-governments/planning-land-use | Agricultural Land Commission (ALC) — https://www.alc.gov.bc.ca",,
161,Land & Zoning,Community Amenity Contributions (CAC) & Development Cost Charges (DCC),community-amenity-contributions-cac-development-cost-charges-dcc,"Local Government Act (RSBC 2015, c. 1) — https://www.bclaws.gov.bc.ca/civix/document/id/complete/statreg/r15001_00 | Community Charter (SBC 2003, c. 26) — https://www.bclaws.gov.bc.ca/civix/document/id/complete/statreg/03026_00 | BC Government — Local Government Land Use & Zoning — https://www2.gov.bc.ca/gov/content/governments/local-governments/planning-land-use | Agricultural Land Commission (ALC) — https://www.alc.gov.bc.ca",,
162,Land & Zoning,Covenant,covenant,"Local Government Act (RSBC 2015, c. 1) — https://www.bclaws.gov.bc.ca/civix/document/id/complete/statreg/r15001_00 | Community Charter (SBC 2003, c. 26) — https://www.bclaws.gov.bc.ca/civix/document/id/complete/statreg/03026_00 | BC Government — Local Government Land Use & Zoning — https://www2.gov.bc.ca/gov/content/governments/local-governments/planning-land-use | Agricultural Land Commission (ALC) — https://www.alc.gov.bc.ca",,
163,Land & Zoning,Development Cost Charges (DCC),development-cost-charges-dcc,"Local Government Act (RSBC 2015, c. 1) — https://www.bclaws.gov.bc.ca/civix/document/id/complete/statreg/r15001_00 | Community Charter (SBC 2003, c. 26) — https://www.bclaws.gov.bc.ca/civix/document/id/complete/statreg/03026_00 | BC Government — Local Government Land Use & Zoning — https://www2.gov.bc.ca/gov/content/governments/local-governments/planning-land-use | Agricultural Land Commission (ALC) — https://www.alc.gov.bc.ca",,
164,Land & Zoning,Development Permit,development-permit,"Local Government Act (RSBC 2015, c. 1) — https://www.bclaws.gov.bc.ca/civix/document/id/complete/statreg/r15001_00 | Community Charter (SBC 2003, c. 26) — https://www.bclaws.gov.bc.ca/civix/document/id/complete/statreg/03026_00 | BC Government — Local Government Land Use & Zoning — https://www2.gov.bc.ca/gov/content/governments/local-governments/planning-land-use | Agricultural Land Commission (ALC) — https://www.alc.gov.bc.ca",,
165,Land & Zoning,Drain Tile,drain-tile,"Local Government Act (RSBC 2015, c. 1) — https://www.bclaws.gov.bc.ca/civix/document/id/complete/statreg/r15001_00 | Community Charter (SBC 2003, c. 26) — https://www.bclaws.gov.bc.ca/civix/document/id/complete/statreg/03026_00 | BC Government — Local Government Land Use & Zoning — https://www2.gov.bc.ca/gov/content/governments/local-governments/planning-land-use | Agricultural Land Commission (ALC) — https://www.alc.gov.bc.ca",,
166,Land & Zoning,Easement,easement,"Local Government Act (RSBC 2015, c. 1) — https://www.bclaws.gov.bc.ca/civix/document/id/complete/statreg/r15001_00 | Community Charter (SBC 2003, c. 26) — https://www.bclaws.gov.bc.ca/civix/document/id/complete/statreg/03026_00 | BC Government — Local Government Land Use & Zoning — https://www2.gov.bc.ca/gov/content/governments/local-governments/planning-land-use | Agricultural Land Commission (ALC) — https://www.alc.gov.bc.ca",,
167,Land & Zoning,Easement (access or utility for equestrian use),easement-access-or-utility-for-equestrian-use,"Local Government Act (RSBC 2015, c. 1) — https://www.bclaws.gov.bc.ca/civix/document/id/complete/statreg/r15001_00 | Community Charter (SBC 2003, c. 26) — https://www.bclaws.gov.bc.ca/civix/document/id/complete/statreg/03026_00 | BC Government — Local Government Land Use & Zoning — https://www2.gov.bc.ca/gov/content/governments/local-governments/planning-land-use | Agricultural Land Commission (ALC) — https://www.alc.gov.bc.ca",,
168,Land & Zoning,Equestrian Property / Horse Property,equestrian-property-horse-property,"Local Government Act (RSBC 2015, c. 1) — https://www.bclaws.gov.bc.ca/civix/document/id/complete/statreg/r15001_00 | Community Charter (SBC 2003, c. 26) — https://www.bclaws.gov.bc.ca/civix/document/id/complete/statreg/03026_00 | BC Government — Local Government Land Use & Zoning — https://www2.gov.bc.ca/gov/content/governments/local-governments/planning-land-use | Agricultural Land Commission (ALC) — https://www.alc.gov.bc.ca",,
169,Land & Zoning,Heat Pump Requirements,heat-pump-requirements,"Local Government Act (RSBC 2015, c. 1) — https://www.bclaws.gov.bc.ca/civix/document/id/complete/statreg/r15001_00 | Community Charter (SBC 2003, c. 26) — https://www.bclaws.gov.bc.ca/civix/document/id/complete/statreg/03026_00 | BC Government — Local Government Land Use & Zoning — https://www2.gov.bc.ca/gov/content/governments/local-governments/planning-land-use | Agricultural Land Commission (ALC) — https://www.alc.gov.bc.ca",,
170,Land & Zoning,Highest and Best Use,highest-and-best-use,"Local Government Act (RSBC 2015, c. 1) — https://www.bclaws.gov.bc.ca/civix/document/id/complete/statreg/r15001_00 | Community Charter (SBC 2003, c. 26) — https://www.bclaws.gov.bc.ca/civix/document/id/complete/statreg/03026_00 | BC Government — Local Government Land Use & Zoning — https://www2.gov.bc.ca/gov/content/governments/local-governments/planning-land-use | Agricultural Land Commission (ALC) — https://www.alc.gov.bc.ca",,
171,Land & Zoning,Lot Size,lot-size,"Local Government Act (RSBC 2015, c. 1) — https://www.bclaws.gov.bc.ca/civix/document/id/complete/statreg/r15001_00 | Community Charter (SBC 2003, c. 26) — https://www.bclaws.gov.bc.ca/civix/document/id/complete/statreg/03026_00 | BC Government — Local Government Land Use & Zoning — https://www2.gov.bc.ca/gov/content/governments/local-governments/planning-land-use | Agricultural Land Commission (ALC) — https://www.alc.gov.bc.ca",,
172,Land & Zoning,Permit for equestrian facilities,permit-for-equestrian-facilities,"Local Government Act (RSBC 2015, c. 1) — https://www.bclaws.gov.bc.ca/civix/document/id/complete/statreg/r15001_00 | Community Charter (SBC 2003, c. 26) — https://www.bclaws.gov.bc.ca/civix/document/id/complete/statreg/03026_00 | BC Government — Local Government Land Use & Zoning — https://www2.gov.bc.ca/gov/content/governments/local-governments/planning-land-use | Agricultural Land Commission (ALC) — https://www.alc.gov.bc.ca",,
173,Land & Zoning,Restrictive covenant (equestrian-specific),restrictive-covenant-equestrian-specific,"Local Government Act (RSBC 2015, c. 1) — https://www.bclaws.gov.bc.ca/civix/document/id/complete/statreg/r15001_00 | Community Charter (SBC 2003, c. 26) — https://www.bclaws.gov.bc.ca/civix/document/id/complete/statreg/03026_00 | BC Government — Local Government Land Use & Zoning — https://www2.gov.bc.ca/gov/content/governments/local-governments/planning-land-use | Agricultural Land Commission (ALC) — https://www.alc.gov.bc.ca",,
174,Land & Zoning,Restrictive Covenant (Section 219),restrictive-covenant-section-219,"Local Government Act (RSBC 2015, c. 1) — https://www.bclaws.gov.bc.ca/civix/document/id/complete/statreg/r15001_00 | Community Charter (SBC 2003, c. 26) — https://www.bclaws.gov.bc.ca/civix/document/id/complete/statreg/03026_00 | BC Government — Local Government Land Use & Zoning — https://www2.gov.bc.ca/gov/content/governments/local-governments/planning-land-use | Agricultural Land Commission (ALC) — https://www.alc.gov.bc.ca",,
175,Land & Zoning,Riparian Areas Protection Regulation (RAPR),riparian-areas-protection-regulation-rapr,"Local Government Act (RSBC 2015, c. 1) — https://www.bclaws.gov.bc.ca/civix/document/id/complete/statreg/r15001_00 | Community Charter (SBC 2003, c. 26) — https://www.bclaws.gov.bc.ca/civix/document/id/complete/statreg/03026_00 | BC Government — Local Government Land Use & Zoning — https://www2.gov.bc.ca/gov/content/governments/local-governments/planning-land-use | Agricultural Land Commission (ALC) — https://www.alc.gov.bc.ca",,
176,Land & Zoning,Rural Residential Zoning,rural-residential-zoning,"Local Government Act (RSBC 2015, c. 1) — https://www.bclaws.gov.bc.ca/civix/document/id/complete/statreg/r15001_00 | Community Charter (SBC 2003, c. 26) — https://www.bclaws.gov.bc.ca/civix/document/id/complete/statreg/03026_00 | BC Government — Local Government Land Use & Zoning — https://www2.gov.bc.ca/gov/content/governments/local-governments/planning-land-use | Agricultural Land Commission (ALC) — https://www.alc.gov.bc.ca",,
177,Land & Zoning,Serviced Lot,serviced-lot,"Local Government Act (RSBC 2015, c. 1) — https://www.bclaws.gov.bc.ca/civix/document/id/complete/statreg/r15001_00 | Community Charter (SBC 2003, c. 26) — https://www.bclaws.gov.bc.ca/civix/document/id/complete/statreg/03026_00 | BC Government — Local Government Land Use & Zoning — https://www2.gov.bc.ca/gov/content/governments/local-governments/planning-land-use | Agricultural Land Commission (ALC) — https://www.alc.gov.bc.ca",,
178,Land & Zoning,Setback requirements,setback-requirements,"Local Government Act (RSBC 2015, c. 1) — https://www.bclaws.gov.bc.ca/civix/document/id/complete/statreg/r15001_00 | Community Charter (SBC 2003, c. 26) — https://www.bclaws.gov.bc.ca/civix/document/id/complete/statreg/03026_00 | BC Government — Local Government Land Use & Zoning — https://www2.gov.bc.ca/gov/content/governments/local-governments/planning-land-use | Agricultural Land Commission (ALC) — https://www.alc.gov.bc.ca",,
179,Land & Zoning,Single Family Home,single-family-home,"Local Government Act (RSBC 2015, c. 1) — https://www.bclaws.gov.bc.ca/civix/document/id/complete/statreg/r15001_00 | Community Charter (SBC 2003, c. 26) — https://www.bclaws.gov.bc.ca/civix/document/id/complete/statreg/03026_00 | BC Government — Local Government Land Use & Zoning — https://www2.gov.bc.ca/gov/content/governments/local-governments/planning-land-use | Agricultural Land Commission (ALC) — https://www.alc.gov.bc.ca",,
180,Land & Zoning,Subdivision Potential,subdivision-potential,"Local Government Act (RSBC 2015, c. 1) — https://www.bclaws.gov.bc.ca/civix/document/id/complete/statreg/r15001_00 | Community Charter (SBC 2003, c. 26) — https://www.bclaws.gov.bc.ca/civix/document/id/complete/statreg/03026_00 | BC Government — Local Government Land Use & Zoning — https://www2.gov.bc.ca/gov/content/governments/local-governments/planning-land-use | Agricultural Land Commission (ALC) — https://www.alc.gov.bc.ca",,
181,Land & Zoning,Timber Value,timber-value,"Local Government Act (RSBC 2015, c. 1) — https://www.bclaws.gov.bc.ca/civix/document/id/complete/statreg/r15001_00 | Community Charter (SBC 2003, c. 26) — https://www.bclaws.gov.bc.ca/civix/document/id/complete/statreg/03026_00 | BC Government — Local Government Land Use & Zoning — https://www2.gov.bc.ca/gov/content/governments/local-governments/planning-land-use | Agricultural Land Commission (ALC) — https://www.alc.gov.bc.ca",,
182,Land & Zoning,Trails / deeded trails,trails-deeded-trails,"Local Government Act (RSBC 2015, c. 1) — https://www.bclaws.gov.bc.ca/civix/document/id/complete/statreg/r15001_00 | Community Charter (SBC 2003, c. 26) — https://www.bclaws.gov.bc.ca/civix/document/id/complete/statreg/03026_00 | BC Government — Local Government Land Use & Zoning — https://www2.gov.bc.ca/gov/content/governments/local-governments/planning-land-use | Agricultural Land Commission (ALC) — https://www.alc.gov.bc.ca",,
183,Land & Zoning,Waterfront property,waterfront-property,"Local Government Act (RSBC 2015, c. 1) — https://www.bclaws.gov.bc.ca/civix/document/id/complete/statreg/r15001_00 | Community Charter (SBC 2003, c. 26) — https://www.bclaws.gov.bc.ca/civix/document/id/complete/statreg/03026_00 | BC Government — Local Government Land Use & Zoning — https://www2.gov.bc.ca/gov/content/governments/local-governments/planning-land-use | Agricultural Land Commission (ALC) — https://www.alc.gov.bc.ca",,
184,Legal,Deposit Protection (REDMA),deposit-protection-redma,"Land Title Act (RSBC 1996, c. 250) — https://www.bclaws.gov.bc.ca/civix/document/id/complete/statreg/96250_00 | Property Law Act (RSBC 1996, c. 377) — https://www.bclaws.gov.bc.ca/civix/document/id/complete/statreg/96377_01 | Land Title and Survey Authority of BC (LTSA) — https://ltsa.ca | Personal Information Protection Act (SBC 2003, c. 63) — https://www.bclaws.gov.bc.ca/civix/document/id/complete/statreg/03063_01",,
185,Legal,Firm Deal,firm-deal,"Land Title Act (RSBC 1996, c. 250) — https://www.bclaws.gov.bc.ca/civix/document/id/complete/statreg/96250_00 | Property Law Act (RSBC 1996, c. 377) — https://www.bclaws.gov.bc.ca/civix/document/id/complete/statreg/96377_01 | Land Title and Survey Authority of BC (LTSA) — https://ltsa.ca | Personal Information Protection Act (SBC 2003, c. 63) — https://www.bclaws.gov.bc.ca/civix/document/id/complete/statreg/03063_01",,
186,Legal,Home Buyer Rescission Period (HBRP),home-buyer-rescission-period-hbrp,"Home Buyer Rescission Period Regulation — https://www2.gov.bc.ca/gov/content/housing-tenancy/real-estate-in-bc/home-buyer-rescission-period | Real Estate Services Act (SBC 2004, c. 42) — https://www.bclaws.gov.bc.ca/civix/document/id/complete/statreg/04042_01",,
187,Legal,Master Disclosure Statement,master-disclosure-statement,"Land Title Act (RSBC 1996, c. 250) — https://www.bclaws.gov.bc.ca/civix/document/id/complete/statreg/96250_00 | Property Law Act (RSBC 1996, c. 377) — https://www.bclaws.gov.bc.ca/civix/document/id/complete/statreg/96377_01 | Land Title and Survey Authority of BC (LTSA) — https://ltsa.ca | Personal Information Protection Act (SBC 2003, c. 63) — https://www.bclaws.gov.bc.ca/civix/document/id/complete/statreg/03063_01",,
188,Legal,Material Latent Defect,material-latent-defect,"Land Title Act (RSBC 1996, c. 250) — https://www.bclaws.gov.bc.ca/civix/document/id/complete/statreg/96250_00 | Property Law Act (RSBC 1996, c. 377) — https://www.bclaws.gov.bc.ca/civix/document/id/complete/statreg/96377_01 | Land Title and Survey Authority of BC (LTSA) — https://ltsa.ca | Personal Information Protection Act (SBC 2003, c. 63) — https://www.bclaws.gov.bc.ca/civix/document/id/complete/statreg/03063_01",,
189,Legal,Patent Defect,patent-defect,"Land Title Act (RSBC 1996, c. 250) — https://www.bclaws.gov.bc.ca/civix/document/id/complete/statreg/96250_00 | Property Law Act (RSBC 1996, c. 377) — https://www.bclaws.gov.bc.ca/civix/document/id/complete/statreg/96377_01 | Land Title and Survey Authority of BC (LTSA) — https://ltsa.ca | Personal Information Protection Act (SBC 2003, c. 63) — https://www.bclaws.gov.bc.ca/civix/document/id/complete/statreg/03063_01",,
190,Legal,Presale / Pre-Construction,presale-pre-construction,"Real Estate Services Act (SBC 2004, c. 42) — https://www.bclaws.gov.bc.ca/civix/document/id/complete/statreg/04042_01 | BC Financial Services Authority (BCFSA) — https://www.bcfsa.ca",,
191,Legal,REDMA 7-Day Rescission Right,redma-7-day-rescission-right,"Land Title Act (RSBC 1996, c. 250) — https://www.bclaws.gov.bc.ca/civix/document/id/complete/statreg/96250_00 | Property Law Act (RSBC 1996, c. 377) — https://www.bclaws.gov.bc.ca/civix/document/id/complete/statreg/96377_01 | Land Title and Survey Authority of BC (LTSA) — https://ltsa.ca | Personal Information Protection Act (SBC 2003, c. 63) — https://www.bclaws.gov.bc.ca/civix/document/id/complete/statreg/03063_01",,
192,Legal,Specific Performance,specific-performance,"Land Title Act (RSBC 1996, c. 250) — https://www.bclaws.gov.bc.ca/civix/document/id/complete/statreg/96250_00 | Property Law Act (RSBC 1996, c. 377) — https://www.bclaws.gov.bc.ca/civix/document/id/complete/statreg/96377_01 | Land Title and Survey Authority of BC (LTSA) — https://ltsa.ca | Personal Information Protection Act (SBC 2003, c. 63) — https://www.bclaws.gov.bc.ca/civix/document/id/complete/statreg/03063_01",,
193,Legal,Statutory Right of Way,statutory-right-of-way,"Land Title Act (RSBC 1996, c. 250) — https://www.bclaws.gov.bc.ca/civix/document/id/complete/statreg/96250_00 | Property Law Act (RSBC 1996, c. 377) — https://www.bclaws.gov.bc.ca/civix/document/id/complete/statreg/96377_01 | Land Title and Survey Authority of BC (LTSA) — https://ltsa.ca | Personal Information Protection Act (SBC 2003, c. 63) — https://www.bclaws.gov.bc.ca/civix/document/id/complete/statreg/03063_01",,
194,Legal,Unserviced Lot,unserviced-lot,"Land Title Act (RSBC 1996, c. 250) — https://www.bclaws.gov.bc.ca/civix/document/id/complete/statreg/96250_00 | Property Law Act (RSBC 1996, c. 377) — https://www.bclaws.gov.bc.ca/civix/document/id/complete/statreg/96377_01 | Land Title and Survey Authority of BC (LTSA) — https://ltsa.ca | Personal Information Protection Act (SBC 2003, c. 63) — https://www.bclaws.gov.bc.ca/civix/document/id/complete/statreg/03063_01",,
195,Ownership,BC Land Title and Survey Authority (LTSA),bc-land-title-and-survey-authority-ltsa,"Land Title Act (RSBC 1996, c. 250) — https://www.bclaws.gov.bc.ca/civix/document/id/complete/statreg/96250_00 | Land Title and Survey Authority of BC (LTSA) — https://ltsa.ca",,
196,Ownership,Completion Date,completion-date,"Land Title Act (RSBC 1996, c. 250) — https://www.bclaws.gov.bc.ca/civix/document/id/complete/statreg/96250_00 | Land Title and Survey Authority of BC (LTSA) — https://ltsa.ca | Property Law Act (RSBC 1996, c. 377) — https://www.bclaws.gov.bc.ca/civix/document/id/complete/statreg/96377_01",,
197,Ownership,Land Owner Transparency Registry (LOTR),land-owner-transparency-registry-lotr,"Land Title Act (RSBC 1996, c. 250) — https://www.bclaws.gov.bc.ca/civix/document/id/complete/statreg/96250_00 | Land Title and Survey Authority of BC (LTSA) — https://ltsa.ca | Property Law Act (RSBC 1996, c. 377) — https://www.bclaws.gov.bc.ca/civix/document/id/complete/statreg/96377_01",,
198,Ownership,Parcel Identifier (PID),parcel-identifier-pid,"Land Title Act (RSBC 1996, c. 250) — https://www.bclaws.gov.bc.ca/civix/document/id/complete/statreg/96250_00 | Land Title and Survey Authority of BC (LTSA) — https://ltsa.ca | Property Law Act (RSBC 1996, c. 377) — https://www.bclaws.gov.bc.ca/civix/document/id/complete/statreg/96377_01",,
199,Process,Home Staging,home-staging,"Real Estate Services Act (SBC 2004, c. 42) — https://www.bclaws.gov.bc.ca/civix/document/id/complete/statreg/04042_01 | Real Estate Services Rules — https://www.bcfsa.ca/industry-resources/real-estate-professional-resources/knowledge-base/legislation-and-rules | BC Financial Services Authority (BCFSA) — https://www.bcfsa.ca | Land Title and Survey Authority of BC (LTSA) — https://ltsa.ca",,
200,Process,Possession Date,possession-date,"Real Estate Services Act (SBC 2004, c. 42) — https://www.bclaws.gov.bc.ca/civix/document/id/complete/statreg/04042_01 | Real Estate Services Rules — https://www.bcfsa.ca/industry-resources/real-estate-professional-resources/knowledge-base/legislation-and-rules | BC Financial Services Authority (BCFSA) — https://www.bcfsa.ca | Land Title and Survey Authority of BC (LTSA) — https://ltsa.ca",,
201,Process,Well Record,well-record,"Real Estate Services Act (SBC 2004, c. 42) — https://www.bclaws.gov.bc.ca/civix/document/id/complete/statreg/04042_01 | Real Estate Services Rules — https://www.bcfsa.ca/industry-resources/real-estate-professional-resources/knowledge-base/legislation-and-rules | BC Financial Services Authority (BCFSA) — https://www.bcfsa.ca | Land Title and Survey Authority of BC (LTSA) — https://ltsa.ca",,
202,Property Types,Barn / Stable,barn-stable,"Land Title Act (RSBC 1996, c. 250) — https://www.bclaws.gov.bc.ca/civix/document/id/complete/statreg/96250_00 | BC Assessment — https://www.bcassessment.ca | Land Title and Survey Authority of BC (LTSA) — https://ltsa.ca | BC Government — Local Government Land Use & Zoning — https://www2.gov.bc.ca/gov/content/governments/local-governments/planning-land-use",,
203,Property Types,Builder's lien (equestrian construction),builder-s-lien-equestrian-construction,"Land Title Act (RSBC 1996, c. 250) — https://www.bclaws.gov.bc.ca/civix/document/id/complete/statreg/96250_00 | BC Assessment — https://www.bcassessment.ca | Land Title and Survey Authority of BC (LTSA) — https://ltsa.ca | BC Government — Local Government Land Use & Zoning — https://www2.gov.bc.ca/gov/content/governments/local-governments/planning-land-use",,
204,Property Types,Code of Practice for Agricultural Environmental Management (AEM Code),code-of-practice-for-agricultural-environmental-management-aem-code,"Land Title Act (RSBC 1996, c. 250) — https://www.bclaws.gov.bc.ca/civix/document/id/complete/statreg/96250_00 | BC Assessment — https://www.bcassessment.ca | Land Title and Survey Authority of BC (LTSA) — https://ltsa.ca | BC Government — Local Government Land Use & Zoning — https://www2.gov.bc.ca/gov/content/governments/local-governments/planning-land-use",,
205,Property Types,Custom-built luxury home,custom-built-luxury-home,"Land Title Act (RSBC 1996, c. 250) — https://www.bclaws.gov.bc.ca/civix/document/id/complete/statreg/96250_00 | BC Assessment — https://www.bcassessment.ca | Land Title and Survey Authority of BC (LTSA) — https://ltsa.ca | BC Government — Local Government Land Use & Zoning — https://www2.gov.bc.ca/gov/content/governments/local-governments/planning-land-use",,
206,Property Types,Drainage and runoff controls,drainage-and-runoff-controls,"Land Title Act (RSBC 1996, c. 250) — https://www.bclaws.gov.bc.ca/civix/document/id/complete/statreg/96250_00 | BC Assessment — https://www.bcassessment.ca | Land Title and Survey Authority of BC (LTSA) — https://ltsa.ca | BC Government — Local Government Land Use & Zoning — https://www2.gov.bc.ca/gov/content/governments/local-governments/planning-land-use",,
207,Property Types,Entry price for luxury segment,entry-price-for-luxury-segment,"Land Title Act (RSBC 1996, c. 250) — https://www.bclaws.gov.bc.ca/civix/document/id/complete/statreg/96250_00 | BC Assessment — https://www.bcassessment.ca | Land Title and Survey Authority of BC (LTSA) — https://ltsa.ca | BC Government — Local Government Land Use & Zoning — https://www2.gov.bc.ca/gov/content/governments/local-governments/planning-land-use",,
208,Property Types,Equestrian Community,equestrian-community,"Land Title Act (RSBC 1996, c. 250) — https://www.bclaws.gov.bc.ca/civix/document/id/complete/statreg/96250_00 | BC Assessment — https://www.bcassessment.ca | Land Title and Survey Authority of BC (LTSA) — https://ltsa.ca | BC Government — Local Government Land Use & Zoning — https://www2.gov.bc.ca/gov/content/governments/local-governments/planning-land-use",,
209,Property Types,Estate property,estate-property,"Land Title Act (RSBC 1996, c. 250) — https://www.bclaws.gov.bc.ca/civix/document/id/complete/statreg/96250_00 | BC Assessment — https://www.bcassessment.ca | Land Title and Survey Authority of BC (LTSA) — https://ltsa.ca | BC Government — Local Government Land Use & Zoning — https://www2.gov.bc.ca/gov/content/governments/local-governments/planning-land-use",,
210,Property Types,Feed storage / hay storage,feed-storage-hay-storage,"Land Title Act (RSBC 1996, c. 250) — https://www.bclaws.gov.bc.ca/civix/document/id/complete/statreg/96250_00 | BC Assessment — https://www.bcassessment.ca | Land Title and Survey Authority of BC (LTSA) — https://ltsa.ca | BC Government — Local Government Land Use & Zoning — https://www2.gov.bc.ca/gov/content/governments/local-governments/planning-land-use",,
211,Property Types,Four-Month Notice to End Tenancy for Landlord's Use,four-month-notice-to-end-tenancy-for-landlord-s-use,"Land Title Act (RSBC 1996, c. 250) — https://www.bclaws.gov.bc.ca/civix/document/id/complete/statreg/96250_00 | BC Assessment — https://www.bcassessment.ca | Land Title and Survey Authority of BC (LTSA) — https://ltsa.ca | BC Government — Local Government Land Use & Zoning — https://www2.gov.bc.ca/gov/content/governments/local-governments/planning-land-use",,
212,Property Types,Gated / guard-gated community,gated-guard-gated-community,"Land Title Act (RSBC 1996, c. 250) — https://www.bclaws.gov.bc.ca/civix/document/id/complete/statreg/96250_00 | BC Assessment — https://www.bcassessment.ca | Land Title and Survey Authority of BC (LTSA) — https://ltsa.ca | BC Government — Local Government Land Use & Zoning — https://www2.gov.bc.ca/gov/content/governments/local-governments/planning-land-use",,
213,Property Types,Guest house / carriage house,guest-house-carriage-house,"Land Title Act (RSBC 1996, c. 250) — https://www.bclaws.gov.bc.ca/civix/document/id/complete/statreg/96250_00 | BC Assessment — https://www.bcassessment.ca | Land Title and Survey Authority of BC (LTSA) — https://ltsa.ca | BC Government — Local Government Land Use & Zoning — https://www2.gov.bc.ca/gov/content/governments/local-governments/planning-land-use",,
214,Property Types,High-end amenities,high-end-amenities,"Land Title Act (RSBC 1996, c. 250) — https://www.bclaws.gov.bc.ca/civix/document/id/complete/statreg/96250_00 | BC Assessment — https://www.bcassessment.ca | Land Title and Survey Authority of BC (LTSA) — https://ltsa.ca | BC Government — Local Government Land Use & Zoning — https://www2.gov.bc.ca/gov/content/governments/local-governments/planning-land-use",,
215,Property Types,Horse ranch / horse farm,horse-ranch-horse-farm,"Land Title Act (RSBC 1996, c. 250) — https://www.bclaws.gov.bc.ca/civix/document/id/complete/statreg/96250_00 | BC Assessment — https://www.bcassessment.ca | Land Title and Survey Authority of BC (LTSA) — https://ltsa.ca | BC Government — Local Government Land Use & Zoning — https://www2.gov.bc.ca/gov/content/governments/local-governments/planning-land-use",,
216,Property Types,Indoor pool / outdoor leisure complex,indoor-pool-outdoor-leisure-complex,"Land Title Act (RSBC 1996, c. 250) — https://www.bclaws.gov.bc.ca/civix/document/id/complete/statreg/96250_00 | BC Assessment — https://www.bcassessment.ca | Land Title and Survey Authority of BC (LTSA) — https://ltsa.ca | BC Government — Local Government Land Use & Zoning — https://www2.gov.bc.ca/gov/content/governments/local-governments/planning-land-use",,
217,Property Types,Luxury property,luxury-property,"Land Title Act (RSBC 1996, c. 250) — https://www.bclaws.gov.bc.ca/civix/document/id/complete/statreg/96250_00 | BC Assessment — https://www.bcassessment.ca | Land Title and Survey Authority of BC (LTSA) — https://ltsa.ca | BC Government — Local Government Land Use & Zoning — https://www2.gov.bc.ca/gov/content/governments/local-governments/planning-land-use",,
218,Property Types,Micro-market (luxury),micro-market-luxury,"Land Title Act (RSBC 1996, c. 250) — https://www.bclaws.gov.bc.ca/civix/document/id/complete/statreg/96250_00 | BC Assessment — https://www.bcassessment.ca | Land Title and Survey Authority of BC (LTSA) — https://ltsa.ca | BC Government — Local Government Land Use & Zoning — https://www2.gov.bc.ca/gov/content/governments/local-governments/planning-land-use",,
219,Property Types,Move-In Ready,move-in-ready,"Land Title Act (RSBC 1996, c. 250) — https://www.bclaws.gov.bc.ca/civix/document/id/complete/statreg/96250_00 | BC Assessment — https://www.bcassessment.ca | Land Title and Survey Authority of BC (LTSA) — https://ltsa.ca | BC Government — Local Government Land Use & Zoning — https://www2.gov.bc.ca/gov/content/governments/local-governments/planning-land-use",,
220,Property Types,Ocean view / mountain view property,ocean-view-mountain-view-property,"Land Title Act (RSBC 1996, c. 250) — https://www.bclaws.gov.bc.ca/civix/document/id/complete/statreg/96250_00 | BC Assessment — https://www.bcassessment.ca | Land Title and Survey Authority of BC (LTSA) — https://ltsa.ca | BC Government — Local Government Land Use & Zoning — https://www2.gov.bc.ca/gov/content/governments/local-governments/planning-land-use",,
221,Property Types,Prime location,prime-location,"Land Title Act (RSBC 1996, c. 250) — https://www.bclaws.gov.bc.ca/civix/document/id/complete/statreg/96250_00 | BC Assessment — https://www.bcassessment.ca | Land Title and Survey Authority of BC (LTSA) — https://ltsa.ca | BC Government — Local Government Land Use & Zoning — https://www2.gov.bc.ca/gov/content/governments/local-governments/planning-land-use",,
222,Property Types,Resale liquidity (luxury),resale-liquidity-luxury,"Real Estate Services Act (SBC 2004, c. 42) — https://www.bclaws.gov.bc.ca/civix/document/id/complete/statreg/04042_01 | BC Financial Services Authority (BCFSA) — https://www.bcfsa.ca",,
223,Property Types,Residential Tenancy Branch (RTB),residential-tenancy-branch-rtb,"Land Title Act (RSBC 1996, c. 250) — https://www.bclaws.gov.bc.ca/civix/document/id/complete/statreg/96250_00 | BC Assessment — https://www.bcassessment.ca | Land Title and Survey Authority of BC (LTSA) — https://ltsa.ca | BC Government — Local Government Land Use & Zoning — https://www2.gov.bc.ca/gov/content/governments/local-governments/planning-land-use",,
224,Property Types,Round pen,round-pen,"Land Title Act (RSBC 1996, c. 250) — https://www.bclaws.gov.bc.ca/civix/document/id/complete/statreg/96250_00 | BC Assessment — https://www.bcassessment.ca | Land Title and Survey Authority of BC (LTSA) — https://ltsa.ca | BC Government — Local Government Land Use & Zoning — https://www2.gov.bc.ca/gov/content/governments/local-governments/planning-land-use",,
225,Property Types,Smart home / home automation,smart-home-home-automation,"Land Title Act (RSBC 1996, c. 250) — https://www.bclaws.gov.bc.ca/civix/document/id/complete/statreg/96250_00 | BC Assessment — https://www.bcassessment.ca | Land Title and Survey Authority of BC (LTSA) — https://ltsa.ca | BC Government — Local Government Land Use & Zoning — https://www2.gov.bc.ca/gov/content/governments/local-governments/planning-land-use",,
226,Property Types,Stall,stall,"Land Title Act (RSBC 1996, c. 250) — https://www.bclaws.gov.bc.ca/civix/document/id/complete/statreg/96250_00 | BC Assessment — https://www.bcassessment.ca | Land Title and Survey Authority of BC (LTSA) — https://ltsa.ca | BC Government — Local Government Land Use & Zoning — https://www2.gov.bc.ca/gov/content/governments/local-governments/planning-land-use",,
227,Property Types,Stigmatized Property,stigmatized-property,"Land Title Act (RSBC 1996, c. 250) — https://www.bclaws.gov.bc.ca/civix/document/id/complete/statreg/96250_00 | BC Assessment — https://www.bcassessment.ca | Land Title and Survey Authority of BC (LTSA) — https://ltsa.ca | BC Government — Local Government Land Use & Zoning — https://www2.gov.bc.ca/gov/content/governments/local-governments/planning-land-use",,
228,Property Types,Tack room,tack-room,"Land Title Act (RSBC 1996, c. 250) — https://www.bclaws.gov.bc.ca/civix/document/id/complete/statreg/96250_00 | BC Assessment — https://www.bcassessment.ca | Land Title and Survey Authority of BC (LTSA) — https://ltsa.ca | BC Government — Local Government Land Use & Zoning — https://www2.gov.bc.ca/gov/content/governments/local-governments/planning-land-use",,
229,Property Types,Tenanted Property,tenanted-property,"Land Title Act (RSBC 1996, c. 250) — https://www.bclaws.gov.bc.ca/civix/document/id/complete/statreg/96250_00 | BC Assessment — https://www.bcassessment.ca | Land Title and Survey Authority of BC (LTSA) — https://ltsa.ca | BC Government — Local Government Land Use & Zoning — https://www2.gov.bc.ca/gov/content/governments/local-governments/planning-land-use",,
230,Property Types,Three-Month Notice to End Tenancy for Purchaser's Use,three-month-notice-to-end-tenancy-for-purchaser-s-use,"Land Title Act (RSBC 1996, c. 250) — https://www.bclaws.gov.bc.ca/civix/document/id/complete/statreg/96250_00 | BC Assessment — https://www.bcassessment.ca | Land Title and Survey Authority of BC (LTSA) — https://ltsa.ca | BC Government — Local Government Land Use & Zoning — https://www2.gov.bc.ca/gov/content/governments/local-governments/planning-land-use",,
231,Property Types,Ultra-luxury / estate-level property,ultra-luxury-estate-level-property,"Land Title Act (RSBC 1996, c. 250) — https://www.bclaws.gov.bc.ca/civix/document/id/complete/statreg/96250_00 | BC Assessment — https://www.bcassessment.ca | Land Title and Survey Authority of BC (LTSA) — https://ltsa.ca | BC Government — Local Government Land Use & Zoning — https://www2.gov.bc.ca/gov/content/governments/local-governments/planning-land-use",,
232,Property Types,Wash rack / wash area,wash-rack-wash-area,"Land Title Act (RSBC 1996, c. 250) — https://www.bclaws.gov.bc.ca/civix/document/id/complete/statreg/96250_00 | BC Assessment — https://www.bcassessment.ca | Land Title and Survey Authority of BC (LTSA) — https://ltsa.ca | BC Government — Local Government Land Use & Zoning — https://www2.gov.bc.ca/gov/content/governments/local-governments/planning-land-use",,
233,Property Types,Water rights / well access,water-rights-well-access,"Land Title Act (RSBC 1996, c. 250) — https://www.bclaws.gov.bc.ca/civix/document/id/complete/statreg/96250_00 | BC Assessment — https://www.bcassessment.ca | Land Title and Survey Authority of BC (LTSA) — https://ltsa.ca | BC Government — Local Government Land Use & Zoning — https://www2.gov.bc.ca/gov/content/governments/local-governments/planning-land-use",,
234,Property Types,Wine cellar,wine-cellar,"Land Title Act (RSBC 1996, c. 250) — https://www.bclaws.gov.bc.ca/civix/document/id/complete/statreg/96250_00 | BC Assessment — https://www.bcassessment.ca | Land Title and Survey Authority of BC (LTSA) — https://ltsa.ca | BC Government — Local Government Land Use & Zoning — https://www2.gov.bc.ca/gov/content/governments/local-governments/planning-land-use",,
235,Regulations,BCFSA,bcfsa,"BC Financial Services Authority (BCFSA) — https://www.bcfsa.ca | Real Estate Services Act (SBC 2004, c. 42) — https://www.bclaws.gov.bc.ca/civix/document/id/complete/statreg/04042_01",,
236,Regulations,Benchmark Price,benchmark-price,"Real Estate Services Act (SBC 2004, c. 42) — https://www.bclaws.gov.bc.ca/civix/document/id/complete/statreg/04042_01 | Real Estate Services Rules — https://www.bcfsa.ca/industry-resources/real-estate-professional-resources/knowledge-base/legislation-and-rules | BC Financial Services Authority (BCFSA) — https://www.bcfsa.ca | Canadian Real Estate Association (CREA) — REALTOR® Code of Ethics — https://www.crea.ca/about/realtor-code/",,
237,Regulations,Buyer's Agency,buyer-s-agency,"Real Estate Services Act (SBC 2004, c. 42) — https://www.bclaws.gov.bc.ca/civix/document/id/complete/statreg/04042_01 | Real Estate Services Rules — https://www.bcfsa.ca/industry-resources/real-estate-professional-resources/knowledge-base/legislation-and-rules | BC Financial Services Authority (BCFSA) — https://www.bcfsa.ca | Canadian Real Estate Association (CREA) — REALTOR® Code of Ethics — https://www.crea.ca/about/realtor-code/",,
238,Regulations,Client vs. Customer Distinction,client-vs-customer-distinction,"Real Estate Services Act (SBC 2004, c. 42) — https://www.bclaws.gov.bc.ca/civix/document/id/complete/statreg/04042_01 | Real Estate Services Rules — https://www.bcfsa.ca/industry-resources/real-estate-professional-resources/knowledge-base/legislation-and-rules | BC Financial Services Authority (BCFSA) — https://www.bcfsa.ca | Canadian Real Estate Association (CREA) — REALTOR® Code of Ethics — https://www.crea.ca/about/realtor-code/",,
239,Regulations,Diking / Drainage Districts,diking-drainage-districts,"Real Estate Services Act (SBC 2004, c. 42) — https://www.bclaws.gov.bc.ca/civix/document/id/complete/statreg/04042_01 | Real Estate Services Rules — https://www.bcfsa.ca/industry-resources/real-estate-professional-resources/knowledge-base/legislation-and-rules | BC Financial Services Authority (BCFSA) — https://www.bcfsa.ca | Canadian Real Estate Association (CREA) — REALTOR® Code of Ethics — https://www.crea.ca/about/realtor-code/",,
240,Regulations,Disclosure of Interest in Trade,disclosure-of-interest-in-trade,"Real Estate Services Act (SBC 2004, c. 42) — https://www.bclaws.gov.bc.ca/civix/document/id/complete/statreg/04042_01 | Real Estate Services Rules — https://www.bcfsa.ca/industry-resources/real-estate-professional-resources/knowledge-base/legislation-and-rules | BC Financial Services Authority (BCFSA) — https://www.bcfsa.ca | Canadian Real Estate Association (CREA) — REALTOR® Code of Ethics — https://www.crea.ca/about/realtor-code/",,
241,Regulations,Disclosure of Representation in Trading Services (DORTS),disclosure-of-representation-in-trading-services-dorts,"Real Estate Services Act (SBC 2004, c. 42) — https://www.bclaws.gov.bc.ca/civix/document/id/complete/statreg/04042_01 | Real Estate Services Rules — https://www.bcfsa.ca/industry-resources/real-estate-professional-resources/knowledge-base/legislation-and-rules | BC Financial Services Authority (BCFSA) — https://www.bcfsa.ca | Canadian Real Estate Association (CREA) — REALTOR® Code of Ethics — https://www.crea.ca/about/realtor-code/",,
242,Regulations,Fee Sharing Disclosure,fee-sharing-disclosure,"Real Estate Services Act (SBC 2004, c. 42) — https://www.bclaws.gov.bc.ca/civix/document/id/complete/statreg/04042_01 | Real Estate Services Rules — https://www.bcfsa.ca/industry-resources/real-estate-professional-resources/knowledge-base/legislation-and-rules | BC Financial Services Authority (BCFSA) — https://www.bcfsa.ca | Canadian Real Estate Association (CREA) — REALTOR® Code of Ethics — https://www.crea.ca/about/realtor-code/",,
243,Regulations,Groundwater Protection Regulation,groundwater-protection-regulation,"Real Estate Services Act (SBC 2004, c. 42) — https://www.bclaws.gov.bc.ca/civix/document/id/complete/statreg/04042_01 | Real Estate Services Rules — https://www.bcfsa.ca/industry-resources/real-estate-professional-resources/knowledge-base/legislation-and-rules | BC Financial Services Authority (BCFSA) — https://www.bcfsa.ca | Canadian Real Estate Association (CREA) — REALTOR® Code of Ethics — https://www.crea.ca/about/realtor-code/",,
244,Regulations,Home Inspection,home-inspection,"Real Estate Services Act (SBC 2004, c. 42) — https://www.bclaws.gov.bc.ca/civix/document/id/complete/statreg/04042_01 | Real Estate Services Rules — https://www.bcfsa.ca/industry-resources/real-estate-professional-resources/knowledge-base/legislation-and-rules | BC Financial Services Authority (BCFSA) — https://www.bcfsa.ca | Canadian Real Estate Association (CREA) — REALTOR® Code of Ethics — https://www.crea.ca/about/realtor-code/",,
245,Regulations,Licensed Residential Builder,licensed-residential-builder,"Real Estate Services Act (SBC 2004, c. 42) — https://www.bclaws.gov.bc.ca/civix/document/id/complete/statreg/04042_01 | Real Estate Services Rules — https://www.bcfsa.ca/industry-resources/real-estate-professional-resources/knowledge-base/legislation-and-rules | BC Financial Services Authority (BCFSA) — https://www.bcfsa.ca | Canadian Real Estate Association (CREA) — REALTOR® Code of Ethics — https://www.crea.ca/about/realtor-code/",,
246,Regulations,Limited Dual Agency Exemption,limited-dual-agency-exemption,"Real Estate Services Act (SBC 2004, c. 42) — https://www.bclaws.gov.bc.ca/civix/document/id/complete/statreg/04042_01 | Real Estate Services Rules — https://www.bcfsa.ca/industry-resources/real-estate-professional-resources/knowledge-base/legislation-and-rules | BC Financial Services Authority (BCFSA) — https://www.bcfsa.ca | Canadian Real Estate Association (CREA) — REALTOR® Code of Ethics — https://www.crea.ca/about/realtor-code/",,
247,Regulations,Meth / Grow-Op History Disclosure,meth-grow-op-history-disclosure,"Real Estate Services Act (SBC 2004, c. 42) — https://www.bclaws.gov.bc.ca/civix/document/id/complete/statreg/04042_01 | Real Estate Services Rules — https://www.bcfsa.ca/industry-resources/real-estate-professional-resources/knowledge-base/legislation-and-rules | BC Financial Services Authority (BCFSA) — https://www.bcfsa.ca | Canadian Real Estate Association (CREA) — REALTOR® Code of Ethics — https://www.crea.ca/about/realtor-code/",,
248,Regulations,MLS® System,mls-system,"Real Estate Services Act (SBC 2004, c. 42) — https://www.bclaws.gov.bc.ca/civix/document/id/complete/statreg/04042_01 | Real Estate Services Rules — https://www.bcfsa.ca/industry-resources/real-estate-professional-resources/knowledge-base/legislation-and-rules | BC Financial Services Authority (BCFSA) — https://www.bcfsa.ca | Canadian Real Estate Association (CREA) — REALTOR® Code of Ethics — https://www.crea.ca/about/realtor-code/",,
249,Regulations,Price Reduction,price-reduction,"Real Estate Services Act (SBC 2004, c. 42) — https://www.bclaws.gov.bc.ca/civix/document/id/complete/statreg/04042_01 | Real Estate Services Rules — https://www.bcfsa.ca/industry-resources/real-estate-professional-resources/knowledge-base/legislation-and-rules | BC Financial Services Authority (BCFSA) — https://www.bcfsa.ca | Canadian Real Estate Association (CREA) — REALTOR® Code of Ethics — https://www.crea.ca/about/realtor-code/",,
250,Regulations,Real Estate Agent,real-estate-agent,"Real Estate Services Act (SBC 2004, c. 42) — https://www.bclaws.gov.bc.ca/civix/document/id/complete/statreg/04042_01 | Real Estate Services Rules — https://www.bcfsa.ca/industry-resources/real-estate-professional-resources/knowledge-base/legislation-and-rules | BC Financial Services Authority (BCFSA) — https://www.bcfsa.ca | Canadian Real Estate Association (CREA) — REALTOR® Code of Ethics — https://www.crea.ca/about/realtor-code/",,
251,Regulations,Roof Age,roof-age,"Real Estate Services Act (SBC 2004, c. 42) — https://www.bclaws.gov.bc.ca/civix/document/id/complete/statreg/04042_01 | Real Estate Services Rules — https://www.bcfsa.ca/industry-resources/real-estate-professional-resources/knowledge-base/legislation-and-rules | BC Financial Services Authority (BCFSA) — https://www.bcfsa.ca | Canadian Real Estate Association (CREA) — REALTOR® Code of Ethics — https://www.crea.ca/about/realtor-code/",,
252,Regulations,Septic System Registration,septic-system-registration,"Real Estate Services Act (SBC 2004, c. 42) — https://www.bclaws.gov.bc.ca/civix/document/id/complete/statreg/04042_01 | Real Estate Services Rules — https://www.bcfsa.ca/industry-resources/real-estate-professional-resources/knowledge-base/legislation-and-rules | BC Financial Services Authority (BCFSA) — https://www.bcfsa.ca | Canadian Real Estate Association (CREA) — REALTOR® Code of Ethics — https://www.crea.ca/about/realtor-code/",,
253,Regulations,Structural Deficiency,structural-deficiency,"Real Estate Services Act (SBC 2004, c. 42) — https://www.bclaws.gov.bc.ca/civix/document/id/complete/statreg/04042_01 | Real Estate Services Rules — https://www.bcfsa.ca/industry-resources/real-estate-professional-resources/knowledge-base/legislation-and-rules | BC Financial Services Authority (BCFSA) — https://www.bcfsa.ca | Canadian Real Estate Association (CREA) — REALTOR® Code of Ethics — https://www.crea.ca/about/realtor-code/",,
254,Regulations,Underground Oil Storage Tank,underground-oil-storage-tank,"Real Estate Services Act (SBC 2004, c. 42) — https://www.bclaws.gov.bc.ca/civix/document/id/complete/statreg/04042_01 | Real Estate Services Rules — https://www.bcfsa.ca/industry-resources/real-estate-professional-resources/knowledge-base/legislation-and-rules | BC Financial Services Authority (BCFSA) — https://www.bcfsa.ca | Canadian Real Estate Association (CREA) — REALTOR® Code of Ethics — https://www.crea.ca/about/realtor-code/",,
255,Regulations,Water Licence,water-licence,"Real Estate Services Act (SBC 2004, c. 42) — https://www.bclaws.gov.bc.ca/civix/document/id/complete/statreg/04042_01 | Real Estate Services Rules — https://www.bcfsa.ca/industry-resources/real-estate-professional-resources/knowledge-base/legislation-and-rules | BC Financial Services Authority (BCFSA) — https://www.bcfsa.ca | Canadian Real Estate Association (CREA) — REALTOR® Code of Ethics — https://www.crea.ca/about/realtor-code/",,
256,Strata,3/4 Vote Resolution,3-4-vote-resolution,"Strata Property Act (SBC 1998, c. 43) — https://www.bclaws.gov.bc.ca/civix/document/id/complete/statreg/98043_00 | Strata Property Regulation (BC Reg. 43/2000) — https://www.bclaws.gov.bc.ca/civix/document/id/complete/statreg/43_2000 | BC Government — Strata Housing — https://www2.gov.bc.ca/gov/content/housing-tenancy/strata-housing | Condominium Home Owners Association of BC (CHOA) — https://www.choa.bc.ca | Civil Resolution Tribunal (CRT) — Strata Disputes — https://civilresolutionbc.ca/how-the-crt-works/getting-started/strata-property-disputes/",,
257,Strata,55+ Age Restriction Bylaw,55-age-restriction-bylaw,"Strata Property Act (SBC 1998, c. 43) — https://www.bclaws.gov.bc.ca/civix/document/id/complete/statreg/98043_00 | Strata Property Regulation (BC Reg. 43/2000) — https://www.bclaws.gov.bc.ca/civix/document/id/complete/statreg/43_2000 | BC Government — Strata Housing — https://www2.gov.bc.ca/gov/content/housing-tenancy/strata-housing | Condominium Home Owners Association of BC (CHOA) — https://www.choa.bc.ca | Civil Resolution Tribunal (CRT) — Strata Disputes — https://civilresolutionbc.ca/how-the-crt-works/getting-started/strata-property-disputes/",,
258,Strata,Accepted Offer,accepted-offer,"Strata Property Act (SBC 1998, c. 43) — https://www.bclaws.gov.bc.ca/civix/document/id/complete/statreg/98043_00 | Strata Property Regulation (BC Reg. 43/2000) — https://www.bclaws.gov.bc.ca/civix/document/id/complete/statreg/43_2000 | BC Government — Strata Housing — https://www2.gov.bc.ca/gov/content/housing-tenancy/strata-housing | Condominium Home Owners Association of BC (CHOA) — https://www.choa.bc.ca | Civil Resolution Tribunal (CRT) — Strata Disputes — https://civilresolutionbc.ca/how-the-crt-works/getting-started/strata-property-disputes/",,
259,Strata,Accessory Dwelling Unit (ADU),accessory-dwelling-unit-adu,"Strata Property Act (SBC 1998, c. 43) — https://www.bclaws.gov.bc.ca/civix/document/id/complete/statreg/98043_00 | Strata Property Regulation (BC Reg. 43/2000) — https://www.bclaws.gov.bc.ca/civix/document/id/complete/statreg/43_2000 | BC Government — Strata Housing — https://www2.gov.bc.ca/gov/content/housing-tenancy/strata-housing | Condominium Home Owners Association of BC (CHOA) — https://www.choa.bc.ca | Civil Resolution Tribunal (CRT) — Strata Disputes — https://civilresolutionbc.ca/how-the-crt-works/getting-started/strata-property-disputes/",,
260,Strata,Adjustment Date,adjustment-date,"Strata Property Act (SBC 1998, c. 43) — https://www.bclaws.gov.bc.ca/civix/document/id/complete/statreg/98043_00 | Strata Property Regulation (BC Reg. 43/2000) — https://www.bclaws.gov.bc.ca/civix/document/id/complete/statreg/43_2000 | BC Government — Strata Housing — https://www2.gov.bc.ca/gov/content/housing-tenancy/strata-housing | Condominium Home Owners Association of BC (CHOA) — https://www.choa.bc.ca | Civil Resolution Tribunal (CRT) — Strata Disputes — https://civilresolutionbc.ca/how-the-crt-works/getting-started/strata-property-disputes/",,
261,Strata,Age Restriction Bylaws (Prohibited 2022),age-restriction-bylaws-prohibited-2022,"Strata Property Act (SBC 1998, c. 43) — https://www.bclaws.gov.bc.ca/civix/document/id/complete/statreg/98043_00 | BC Government — Strata Housing — https://www2.gov.bc.ca/gov/content/housing-tenancy/strata-housing",,
262,Strata,AGM Minutes,agm-minutes,"Strata Property Act (SBC 1998, c. 43) — https://www.bclaws.gov.bc.ca/civix/document/id/complete/statreg/98043_00 | Strata Property Regulation (BC Reg. 43/2000) — https://www.bclaws.gov.bc.ca/civix/document/id/complete/statreg/43_2000 | BC Government — Strata Housing — https://www2.gov.bc.ca/gov/content/housing-tenancy/strata-housing | Condominium Home Owners Association of BC (CHOA) — https://www.choa.bc.ca | Civil Resolution Tribunal (CRT) — Strata Disputes — https://civilresolutionbc.ca/how-the-crt-works/getting-started/strata-property-disputes/",,
263,Strata,Agricultural zoning (A),agricultural-zoning-a,"Strata Property Act (SBC 1998, c. 43) — https://www.bclaws.gov.bc.ca/civix/document/id/complete/statreg/98043_00 | Strata Property Regulation (BC Reg. 43/2000) — https://www.bclaws.gov.bc.ca/civix/document/id/complete/statreg/43_2000 | BC Government — Strata Housing — https://www2.gov.bc.ca/gov/content/housing-tenancy/strata-housing | Condominium Home Owners Association of BC (CHOA) — https://www.choa.bc.ca | Civil Resolution Tribunal (CRT) — Strata Disputes — https://civilresolutionbc.ca/how-the-crt-works/getting-started/strata-property-disputes/",,
264,Strata,Air Space Parcel,air-space-parcel,"Strata Property Act (SBC 1998, c. 43) — https://www.bclaws.gov.bc.ca/civix/document/id/complete/statreg/98043_00 | Strata Property Regulation (BC Reg. 43/2000) — https://www.bclaws.gov.bc.ca/civix/document/id/complete/statreg/43_2000 | BC Government — Strata Housing — https://www2.gov.bc.ca/gov/content/housing-tenancy/strata-housing | Condominium Home Owners Association of BC (CHOA) — https://www.choa.bc.ca | Civil Resolution Tribunal (CRT) — Strata Disputes — https://civilresolutionbc.ca/how-the-crt-works/getting-started/strata-property-disputes/",,
265,Strata,Annual General Meeting (AGM),annual-general-meeting-agm,"Strata Property Act (SBC 1998, c. 43) — https://www.bclaws.gov.bc.ca/civix/document/id/complete/statreg/98043_00 | Strata Property Regulation (BC Reg. 43/2000) — https://www.bclaws.gov.bc.ca/civix/document/id/complete/statreg/43_2000 | BC Government — Strata Housing — https://www2.gov.bc.ca/gov/content/housing-tenancy/strata-housing | Condominium Home Owners Association of BC (CHOA) — https://www.choa.bc.ca | Civil Resolution Tribunal (CRT) — Strata Disputes — https://civilresolutionbc.ca/how-the-crt-works/getting-started/strata-property-disputes/",,
266,Strata,Approval Amount,approval-amount,"Strata Property Act (SBC 1998, c. 43) — https://www.bclaws.gov.bc.ca/civix/document/id/complete/statreg/98043_00 | Strata Property Regulation (BC Reg. 43/2000) — https://www.bclaws.gov.bc.ca/civix/document/id/complete/statreg/43_2000 | BC Government — Strata Housing — https://www2.gov.bc.ca/gov/content/housing-tenancy/strata-housing | Condominium Home Owners Association of BC (CHOA) — https://www.choa.bc.ca | Civil Resolution Tribunal (CRT) — Strata Disputes — https://civilresolutionbc.ca/how-the-crt-works/getting-started/strata-property-disputes/",,
267,Strata,Bare Land Strata,bare-land-strata,"Strata Property Act (SBC 1998, c. 43) — https://www.bclaws.gov.bc.ca/civix/document/id/complete/statreg/98043_00 | Strata Property Regulation (BC Reg. 43/2000) — https://www.bclaws.gov.bc.ca/civix/document/id/complete/statreg/43_2000 | BC Government — Strata Housing — https://www2.gov.bc.ca/gov/content/housing-tenancy/strata-housing | Condominium Home Owners Association of BC (CHOA) — https://www.choa.bc.ca | Civil Resolution Tribunal (CRT) — Strata Disputes — https://civilresolutionbc.ca/how-the-crt-works/getting-started/strata-property-disputes/",,
268,Strata,Building Envelope,building-envelope,"Strata Property Act (SBC 1998, c. 43) — https://www.bclaws.gov.bc.ca/civix/document/id/complete/statreg/98043_00 | Strata Property Regulation (BC Reg. 43/2000) — https://www.bclaws.gov.bc.ca/civix/document/id/complete/statreg/43_2000 | BC Government — Strata Housing — https://www2.gov.bc.ca/gov/content/housing-tenancy/strata-housing | Condominium Home Owners Association of BC (CHOA) — https://www.choa.bc.ca | Civil Resolution Tribunal (CRT) — Strata Disputes — https://civilresolutionbc.ca/how-the-crt-works/getting-started/strata-property-disputes/",,
269,Strata,Building Envelope Report,building-envelope-report,"Strata Property Act (SBC 1998, c. 43) — https://www.bclaws.gov.bc.ca/civix/document/id/complete/statreg/98043_00 | Strata Property Regulation (BC Reg. 43/2000) — https://www.bclaws.gov.bc.ca/civix/document/id/complete/statreg/43_2000 | BC Government — Strata Housing — https://www2.gov.bc.ca/gov/content/housing-tenancy/strata-housing | Condominium Home Owners Association of BC (CHOA) — https://www.choa.bc.ca | Civil Resolution Tribunal (CRT) — Strata Disputes — https://civilresolutionbc.ca/how-the-crt-works/getting-started/strata-property-disputes/",,
270,Strata,Building Permit,building-permit,"Building Act (SBC 2015, c. 2) — https://www.bclaws.gov.bc.ca/civix/document/id/complete/statreg/15002_01 | BC Building Code — https://www2.gov.bc.ca/gov/content/industry/construction-industry/building-codes-standards/the-codes",,
271,Strata,Bylaw Fine,bylaw-fine,"Strata Property Act (SBC 1998, c. 43) — https://www.bclaws.gov.bc.ca/civix/document/id/complete/statreg/98043_00 | Strata Property Regulation (BC Reg. 43/2000) — https://www.bclaws.gov.bc.ca/civix/document/id/complete/statreg/43_2000 | BC Government — Strata Housing — https://www2.gov.bc.ca/gov/content/housing-tenancy/strata-housing | Condominium Home Owners Association of BC (CHOA) — https://www.choa.bc.ca | Civil Resolution Tribunal (CRT) — Strata Disputes — https://civilresolutionbc.ca/how-the-crt-works/getting-started/strata-property-disputes/",,
272,Strata,Cap Rate,cap-rate,"Strata Property Act (SBC 1998, c. 43) — https://www.bclaws.gov.bc.ca/civix/document/id/complete/statreg/98043_00 | Strata Property Regulation (BC Reg. 43/2000) — https://www.bclaws.gov.bc.ca/civix/document/id/complete/statreg/43_2000 | BC Government — Strata Housing — https://www2.gov.bc.ca/gov/content/housing-tenancy/strata-housing | Condominium Home Owners Association of BC (CHOA) — https://www.choa.bc.ca | Civil Resolution Tribunal (CRT) — Strata Disputes — https://civilresolutionbc.ca/how-the-crt-works/getting-started/strata-property-disputes/",,
273,Strata,Cash to Close,cash-to-close,"Strata Property Act (SBC 1998, c. 43) — https://www.bclaws.gov.bc.ca/civix/document/id/complete/statreg/98043_00 | Strata Property Regulation (BC Reg. 43/2000) — https://www.bclaws.gov.bc.ca/civix/document/id/complete/statreg/43_2000 | BC Government — Strata Housing — https://www2.gov.bc.ca/gov/content/housing-tenancy/strata-housing | Condominium Home Owners Association of BC (CHOA) — https://www.choa.bc.ca | Civil Resolution Tribunal (CRT) — Strata Disputes — https://civilresolutionbc.ca/how-the-crt-works/getting-started/strata-property-disputes/",,
274,Strata,Civil Resolution Tribunal (CRT),civil-resolution-tribunal-crt,Civil Resolution Tribunal (CRT) — Strata Disputes — https://civilresolutionbc.ca/how-the-crt-works/getting-started/strata-property-disputes/,,
275,Strata,Closing Costs,closing-costs,"Strata Property Act (SBC 1998, c. 43) — https://www.bclaws.gov.bc.ca/civix/document/id/complete/statreg/98043_00 | Strata Property Regulation (BC Reg. 43/2000) — https://www.bclaws.gov.bc.ca/civix/document/id/complete/statreg/43_2000 | BC Government — Strata Housing — https://www2.gov.bc.ca/gov/content/housing-tenancy/strata-housing | Condominium Home Owners Association of BC (CHOA) — https://www.choa.bc.ca | Civil Resolution Tribunal (CRT) — Strata Disputes — https://civilresolutionbc.ca/how-the-crt-works/getting-started/strata-property-disputes/",,
276,Strata,Common Property vs Limited Common Property,common-property-vs-limited-common-property,"Strata Property Act (SBC 1998, c. 43) — https://www.bclaws.gov.bc.ca/civix/document/id/complete/statreg/98043_00 | Strata Property Regulation (BC Reg. 43/2000) — https://www.bclaws.gov.bc.ca/civix/document/id/complete/statreg/43_2000 | BC Government — Strata Housing — https://www2.gov.bc.ca/gov/content/housing-tenancy/strata-housing | Condominium Home Owners Association of BC (CHOA) — https://www.choa.bc.ca | Civil Resolution Tribunal (CRT) — Strata Disputes — https://civilresolutionbc.ca/how-the-crt-works/getting-started/strata-property-disputes/",,
277,Strata,Conditional Offer,conditional-offer,"Strata Property Act (SBC 1998, c. 43) — https://www.bclaws.gov.bc.ca/civix/document/id/complete/statreg/98043_00 | Strata Property Regulation (BC Reg. 43/2000) — https://www.bclaws.gov.bc.ca/civix/document/id/complete/statreg/43_2000 | BC Government — Strata Housing — https://www2.gov.bc.ca/gov/content/housing-tenancy/strata-housing | Condominium Home Owners Association of BC (CHOA) — https://www.choa.bc.ca | Civil Resolution Tribunal (CRT) — Strata Disputes — https://civilresolutionbc.ca/how-the-crt-works/getting-started/strata-property-disputes/",,
278,Strata,Contingency Reserve Fund (CRF),contingency-reserve-fund-crf,"Strata Property Act (SBC 1998, c. 43) — https://www.bclaws.gov.bc.ca/civix/document/id/complete/statreg/98043_00 | BC Government — Strata Housing — https://www2.gov.bc.ca/gov/content/housing-tenancy/strata-housing | Condominium Home Owners Association of BC (CHOA) — https://www.choa.bc.ca",,
279,Strata,Cooperative (Co-op),cooperative-co-op,"Cooperative Association Act (SBC 1999, c. 28) — https://www.bclaws.gov.bc.ca/civix/document/id/complete/statreg/99028_01",,
280,Strata,Council Meeting Minutes,council-meeting-minutes,"Strata Property Act (SBC 1998, c. 43) — https://www.bclaws.gov.bc.ca/civix/document/id/complete/statreg/98043_00 | Strata Property Regulation (BC Reg. 43/2000) — https://www.bclaws.gov.bc.ca/civix/document/id/complete/statreg/43_2000 | BC Government — Strata Housing — https://www2.gov.bc.ca/gov/content/housing-tenancy/strata-housing | Condominium Home Owners Association of BC (CHOA) — https://www.choa.bc.ca | Civil Resolution Tribunal (CRT) — Strata Disputes — https://civilresolutionbc.ca/how-the-crt-works/getting-started/strata-property-disputes/",,
281,Strata,Debt Service Ratio,debt-service-ratio,"Strata Property Act (SBC 1998, c. 43) — https://www.bclaws.gov.bc.ca/civix/document/id/complete/statreg/98043_00 | Strata Property Regulation (BC Reg. 43/2000) — https://www.bclaws.gov.bc.ca/civix/document/id/complete/statreg/43_2000 | BC Government — Strata Housing — https://www2.gov.bc.ca/gov/content/housing-tenancy/strata-housing | Condominium Home Owners Association of BC (CHOA) — https://www.choa.bc.ca | Civil Resolution Tribunal (CRT) — Strata Disputes — https://civilresolutionbc.ca/how-the-crt-works/getting-started/strata-property-disputes/",,
282,Strata,Depreciation Report,depreciation-report,"Strata Property Act (SBC 1998, c. 43) — https://www.bclaws.gov.bc.ca/civix/document/id/complete/statreg/98043_00 | BC Government — Strata Housing — https://www2.gov.bc.ca/gov/content/housing-tenancy/strata-housing | Condominium Home Owners Association of BC (CHOA) — https://www.choa.bc.ca",,
283,Strata,Detached House,detached-house,"Strata Property Act (SBC 1998, c. 43) — https://www.bclaws.gov.bc.ca/civix/document/id/complete/statreg/98043_00 | Strata Property Regulation (BC Reg. 43/2000) — https://www.bclaws.gov.bc.ca/civix/document/id/complete/statreg/43_2000 | BC Government — Strata Housing — https://www2.gov.bc.ca/gov/content/housing-tenancy/strata-housing | Condominium Home Owners Association of BC (CHOA) — https://www.choa.bc.ca | Civil Resolution Tribunal (CRT) — Strata Disputes — https://civilresolutionbc.ca/how-the-crt-works/getting-started/strata-property-disputes/",,
284,Strata,Duplex,duplex,"Strata Property Act (SBC 1998, c. 43) — https://www.bclaws.gov.bc.ca/civix/document/id/complete/statreg/98043_00 | Strata Property Regulation (BC Reg. 43/2000) — https://www.bclaws.gov.bc.ca/civix/document/id/complete/statreg/43_2000 | BC Government — Strata Housing — https://www2.gov.bc.ca/gov/content/housing-tenancy/strata-housing | Condominium Home Owners Association of BC (CHOA) — https://www.choa.bc.ca | Civil Resolution Tribunal (CRT) — Strata Disputes — https://civilresolutionbc.ca/how-the-crt-works/getting-started/strata-property-disputes/",,
285,Strata,Earthquake Insurance,earthquake-insurance,"Strata Property Act (SBC 1998, c. 43) — https://www.bclaws.gov.bc.ca/civix/document/id/complete/statreg/98043_00 | Strata Property Regulation (BC Reg. 43/2000) — https://www.bclaws.gov.bc.ca/civix/document/id/complete/statreg/43_2000 | BC Government — Strata Housing — https://www2.gov.bc.ca/gov/content/housing-tenancy/strata-housing | Condominium Home Owners Association of BC (CHOA) — https://www.choa.bc.ca | Civil Resolution Tribunal (CRT) — Strata Disputes — https://civilresolutionbc.ca/how-the-crt-works/getting-started/strata-property-disputes/",,
286,Strata,Electrical Planning Report (EPR),electrical-planning-report-epr,"Strata Property Act (SBC 1998, c. 43) — https://www.bclaws.gov.bc.ca/civix/document/id/complete/statreg/98043_00 | Strata Property Regulation (BC Reg. 43/2000) — https://www.bclaws.gov.bc.ca/civix/document/id/complete/statreg/43_2000 | BC Government — Strata Housing — https://www2.gov.bc.ca/gov/content/housing-tenancy/strata-housing | Condominium Home Owners Association of BC (CHOA) — https://www.choa.bc.ca | Civil Resolution Tribunal (CRT) — Strata Disputes — https://civilresolutionbc.ca/how-the-crt-works/getting-started/strata-property-disputes/",,
287,Strata,Empty Homes Tax (Vancouver),empty-homes-tax-vancouver,"Strata Property Act (SBC 1998, c. 43) — https://www.bclaws.gov.bc.ca/civix/document/id/complete/statreg/98043_00 | Strata Property Regulation (BC Reg. 43/2000) — https://www.bclaws.gov.bc.ca/civix/document/id/complete/statreg/43_2000 | BC Government — Strata Housing — https://www2.gov.bc.ca/gov/content/housing-tenancy/strata-housing | Condominium Home Owners Association of BC (CHOA) — https://www.choa.bc.ca | Civil Resolution Tribunal (CRT) — Strata Disputes — https://civilresolutionbc.ca/how-the-crt-works/getting-started/strata-property-disputes/",,
288,Strata,Engineer's Report,engineer-s-report,"Strata Property Act (SBC 1998, c. 43) — https://www.bclaws.gov.bc.ca/civix/document/id/complete/statreg/98043_00 | Strata Property Regulation (BC Reg. 43/2000) — https://www.bclaws.gov.bc.ca/civix/document/id/complete/statreg/43_2000 | BC Government — Strata Housing — https://www2.gov.bc.ca/gov/content/housing-tenancy/strata-housing | Condominium Home Owners Association of BC (CHOA) — https://www.choa.bc.ca | Civil Resolution Tribunal (CRT) — Strata Disputes — https://civilresolutionbc.ca/how-the-crt-works/getting-started/strata-property-disputes/",,
289,Strata,Equestrian Zoning,equestrian-zoning,"Strata Property Act (SBC 1998, c. 43) — https://www.bclaws.gov.bc.ca/civix/document/id/complete/statreg/98043_00 | Strata Property Regulation (BC Reg. 43/2000) — https://www.bclaws.gov.bc.ca/civix/document/id/complete/statreg/43_2000 | BC Government — Strata Housing — https://www2.gov.bc.ca/gov/content/housing-tenancy/strata-housing | Condominium Home Owners Association of BC (CHOA) — https://www.choa.bc.ca | Civil Resolution Tribunal (CRT) — Strata Disputes — https://civilresolutionbc.ca/how-the-crt-works/getting-started/strata-property-disputes/",,
290,Strata,EV Ready Plan,ev-ready-plan,"Strata Property Act (SBC 1998, c. 43) — https://www.bclaws.gov.bc.ca/civix/document/id/complete/statreg/98043_00 | Strata Property Regulation (BC Reg. 43/2000) — https://www.bclaws.gov.bc.ca/civix/document/id/complete/statreg/43_2000 | BC Government — Strata Housing — https://www2.gov.bc.ca/gov/content/housing-tenancy/strata-housing | Condominium Home Owners Association of BC (CHOA) — https://www.choa.bc.ca | Civil Resolution Tribunal (CRT) — Strata Disputes — https://civilresolutionbc.ca/how-the-crt-works/getting-started/strata-property-disputes/",,
291,Strata,Fee Simple,fee-simple,"Strata Property Act (SBC 1998, c. 43) — https://www.bclaws.gov.bc.ca/civix/document/id/complete/statreg/98043_00 | Strata Property Regulation (BC Reg. 43/2000) — https://www.bclaws.gov.bc.ca/civix/document/id/complete/statreg/43_2000 | BC Government — Strata Housing — https://www2.gov.bc.ca/gov/content/housing-tenancy/strata-housing | Condominium Home Owners Association of BC (CHOA) — https://www.choa.bc.ca | Civil Resolution Tribunal (CRT) — Strata Disputes — https://civilresolutionbc.ca/how-the-crt-works/getting-started/strata-property-disputes/",,
292,Strata,Financial Statements,financial-statements,"Strata Property Act (SBC 1998, c. 43) — https://www.bclaws.gov.bc.ca/civix/document/id/complete/statreg/98043_00 | Strata Property Regulation (BC Reg. 43/2000) — https://www.bclaws.gov.bc.ca/civix/document/id/complete/statreg/43_2000 | BC Government — Strata Housing — https://www2.gov.bc.ca/gov/content/housing-tenancy/strata-housing | Condominium Home Owners Association of BC (CHOA) — https://www.choa.bc.ca | Civil Resolution Tribunal (CRT) — Strata Disputes — https://civilresolutionbc.ca/how-the-crt-works/getting-started/strata-property-disputes/",,
293,Strata,Floor Space Ratio (FSR),floor-space-ratio-fsr,"Strata Property Act (SBC 1998, c. 43) — https://www.bclaws.gov.bc.ca/civix/document/id/complete/statreg/98043_00 | Strata Property Regulation (BC Reg. 43/2000) — https://www.bclaws.gov.bc.ca/civix/document/id/complete/statreg/43_2000 | BC Government — Strata Housing — https://www2.gov.bc.ca/gov/content/housing-tenancy/strata-housing | Condominium Home Owners Association of BC (CHOA) — https://www.choa.bc.ca | Civil Resolution Tribunal (CRT) — Strata Disputes — https://civilresolutionbc.ca/how-the-crt-works/getting-started/strata-property-disputes/",,
294,Strata,Form B — Strata Information Certificate,form-b-strata-information-certificate,"Strata Property Act (SBC 1998, c. 43) — https://www.bclaws.gov.bc.ca/civix/document/id/complete/statreg/98043_00 | Strata Property Regulation (BC Reg. 43/2000) — https://www.bclaws.gov.bc.ca/civix/document/id/complete/statreg/43_2000 | BC Government — Strata Housing — https://www2.gov.bc.ca/gov/content/housing-tenancy/strata-housing",,
295,Strata,Form F — Certificate of Payment,form-f-certificate-of-payment,"Strata Property Act (SBC 1998, c. 43) — https://www.bclaws.gov.bc.ca/civix/document/id/complete/statreg/98043_00 | Strata Property Regulation (BC Reg. 43/2000) — https://www.bclaws.gov.bc.ca/civix/document/id/complete/statreg/43_2000 | BC Government — Strata Housing — https://www2.gov.bc.ca/gov/content/housing-tenancy/strata-housing",,
296,Strata,Form G — Certificate of Lien,form-g-certificate-of-lien,"Strata Property Act (SBC 1998, c. 43) — https://www.bclaws.gov.bc.ca/civix/document/id/complete/statreg/98043_00 | Strata Property Regulation (BC Reg. 43/2000) — https://www.bclaws.gov.bc.ca/civix/document/id/complete/statreg/43_2000 | BC Government — Strata Housing — https://www2.gov.bc.ca/gov/content/housing-tenancy/strata-housing | Condominium Home Owners Association of BC (CHOA) — https://www.choa.bc.ca | Civil Resolution Tribunal (CRT) — Strata Disputes — https://civilresolutionbc.ca/how-the-crt-works/getting-started/strata-property-disputes/",,
297,Strata,Form H — Acknowledgment of Payment,form-h-acknowledgment-of-payment,"Strata Property Act (SBC 1998, c. 43) — https://www.bclaws.gov.bc.ca/civix/document/id/complete/statreg/98043_00 | Strata Property Regulation (BC Reg. 43/2000) — https://www.bclaws.gov.bc.ca/civix/document/id/complete/statreg/43_2000 | BC Government — Strata Housing — https://www2.gov.bc.ca/gov/content/housing-tenancy/strata-housing | Condominium Home Owners Association of BC (CHOA) — https://www.choa.bc.ca | Civil Resolution Tribunal (CRT) — Strata Disputes — https://civilresolutionbc.ca/how-the-crt-works/getting-started/strata-property-disputes/",,
298,Strata,Form I — Rental Disclosure Statement,form-i-rental-disclosure-statement,"Strata Property Act (SBC 1998, c. 43) — https://www.bclaws.gov.bc.ca/civix/document/id/complete/statreg/98043_00 | Strata Property Regulation (BC Reg. 43/2000) — https://www.bclaws.gov.bc.ca/civix/document/id/complete/statreg/43_2000 | BC Government — Strata Housing — https://www2.gov.bc.ca/gov/content/housing-tenancy/strata-housing | Condominium Home Owners Association of BC (CHOA) — https://www.choa.bc.ca | Civil Resolution Tribunal (CRT) — Strata Disputes — https://civilresolutionbc.ca/how-the-crt-works/getting-started/strata-property-disputes/",,
299,Strata,Form K — Notice of Tenant's Responsibilities,form-k-notice-of-tenant-s-responsibilities,"Strata Property Act (SBC 1998, c. 43) — https://www.bclaws.gov.bc.ca/civix/document/id/complete/statreg/98043_00 | Strata Property Regulation (BC Reg. 43/2000) — https://www.bclaws.gov.bc.ca/civix/document/id/complete/statreg/43_2000 | BC Government — Strata Housing — https://www2.gov.bc.ca/gov/content/housing-tenancy/strata-housing | Condominium Home Owners Association of BC (CHOA) — https://www.choa.bc.ca | Civil Resolution Tribunal (CRT) — Strata Disputes — https://civilresolutionbc.ca/how-the-crt-works/getting-started/strata-property-disputes/",,
300,Strata,Freehold Property,freehold-property,"Strata Property Act (SBC 1998, c. 43) — https://www.bclaws.gov.bc.ca/civix/document/id/complete/statreg/98043_00 | Strata Property Regulation (BC Reg. 43/2000) — https://www.bclaws.gov.bc.ca/civix/document/id/complete/statreg/43_2000 | BC Government — Strata Housing — https://www2.gov.bc.ca/gov/content/housing-tenancy/strata-housing | Condominium Home Owners Association of BC (CHOA) — https://www.choa.bc.ca | Civil Resolution Tribunal (CRT) — Strata Disputes — https://civilresolutionbc.ca/how-the-crt-works/getting-started/strata-property-disputes/",,
301,Strata,Frontage,frontage,"Strata Property Act (SBC 1998, c. 43) — https://www.bclaws.gov.bc.ca/civix/document/id/complete/statreg/98043_00 | Strata Property Regulation (BC Reg. 43/2000) — https://www.bclaws.gov.bc.ca/civix/document/id/complete/statreg/43_2000 | BC Government — Strata Housing — https://www2.gov.bc.ca/gov/content/housing-tenancy/strata-housing | Condominium Home Owners Association of BC (CHOA) — https://www.choa.bc.ca | Civil Resolution Tribunal (CRT) — Strata Disputes — https://civilresolutionbc.ca/how-the-crt-works/getting-started/strata-property-disputes/",,
302,Strata,GDS and TDS Ratios,gds-and-tds-ratios,"Strata Property Act (SBC 1998, c. 43) — https://www.bclaws.gov.bc.ca/civix/document/id/complete/statreg/98043_00 | Strata Property Regulation (BC Reg. 43/2000) — https://www.bclaws.gov.bc.ca/civix/document/id/complete/statreg/43_2000 | BC Government — Strata Housing — https://www2.gov.bc.ca/gov/content/housing-tenancy/strata-housing | Condominium Home Owners Association of BC (CHOA) — https://www.choa.bc.ca | Civil Resolution Tribunal (CRT) — Strata Disputes — https://civilresolutionbc.ca/how-the-crt-works/getting-started/strata-property-disputes/",,
303,Strata,Gross Debt Service Ratio,gross-debt-service-ratio,"Strata Property Act (SBC 1998, c. 43) — https://www.bclaws.gov.bc.ca/civix/document/id/complete/statreg/98043_00 | Strata Property Regulation (BC Reg. 43/2000) — https://www.bclaws.gov.bc.ca/civix/document/id/complete/statreg/43_2000 | BC Government — Strata Housing — https://www2.gov.bc.ca/gov/content/housing-tenancy/strata-housing | Condominium Home Owners Association of BC (CHOA) — https://www.choa.bc.ca | Civil Resolution Tribunal (CRT) — Strata Disputes — https://civilresolutionbc.ca/how-the-crt-works/getting-started/strata-property-disputes/",,
304,Strata,Half Duplex — Strata vs Non-Strata,half-duplex-strata-vs-non-strata,"Strata Property Act (SBC 1998, c. 43) — https://www.bclaws.gov.bc.ca/civix/document/id/complete/statreg/98043_00 | Strata Property Regulation (BC Reg. 43/2000) — https://www.bclaws.gov.bc.ca/civix/document/id/complete/statreg/43_2000 | BC Government — Strata Housing — https://www2.gov.bc.ca/gov/content/housing-tenancy/strata-housing | Condominium Home Owners Association of BC (CHOA) — https://www.choa.bc.ca | Civil Resolution Tribunal (CRT) — Strata Disputes — https://civilresolutionbc.ca/how-the-crt-works/getting-started/strata-property-disputes/",,
305,Strata,Insurance Summary / Strata Insurance Certificate,insurance-summary-strata-insurance-certificate,"Strata Property Act (SBC 1998, c. 43) — https://www.bclaws.gov.bc.ca/civix/document/id/complete/statreg/98043_00 | Strata Property Regulation (BC Reg. 43/2000) — https://www.bclaws.gov.bc.ca/civix/document/id/complete/statreg/43_2000 | BC Government — Strata Housing — https://www2.gov.bc.ca/gov/content/housing-tenancy/strata-housing | Condominium Home Owners Association of BC (CHOA) — https://www.choa.bc.ca | Civil Resolution Tribunal (CRT) — Strata Disputes — https://civilresolutionbc.ca/how-the-crt-works/getting-started/strata-property-disputes/",,
306,Strata,Laneway House / Garden Suite,laneway-house-garden-suite,"Strata Property Act (SBC 1998, c. 43) — https://www.bclaws.gov.bc.ca/civix/document/id/complete/statreg/98043_00 | Strata Property Regulation (BC Reg. 43/2000) — https://www.bclaws.gov.bc.ca/civix/document/id/complete/statreg/43_2000 | BC Government — Strata Housing — https://www2.gov.bc.ca/gov/content/housing-tenancy/strata-housing | Condominium Home Owners Association of BC (CHOA) — https://www.choa.bc.ca | Civil Resolution Tribunal (CRT) — Strata Disputes — https://civilresolutionbc.ca/how-the-crt-works/getting-started/strata-property-disputes/",,
307,Strata,Leaky Condo,leaky-condo,"Strata Property Act (SBC 1998, c. 43) — https://www.bclaws.gov.bc.ca/civix/document/id/complete/statreg/98043_00 | Strata Property Regulation (BC Reg. 43/2000) — https://www.bclaws.gov.bc.ca/civix/document/id/complete/statreg/43_2000 | BC Government — Strata Housing — https://www2.gov.bc.ca/gov/content/housing-tenancy/strata-housing | Condominium Home Owners Association of BC (CHOA) — https://www.choa.bc.ca | Civil Resolution Tribunal (CRT) — Strata Disputes — https://civilresolutionbc.ca/how-the-crt-works/getting-started/strata-property-disputes/",,
308,Strata,Leasehold Strata,leasehold-strata,"Strata Property Act (SBC 1998, c. 43) — https://www.bclaws.gov.bc.ca/civix/document/id/complete/statreg/98043_00 | Strata Property Regulation (BC Reg. 43/2000) — https://www.bclaws.gov.bc.ca/civix/document/id/complete/statreg/43_2000 | BC Government — Strata Housing — https://www2.gov.bc.ca/gov/content/housing-tenancy/strata-housing | Condominium Home Owners Association of BC (CHOA) — https://www.choa.bc.ca | Civil Resolution Tribunal (CRT) — Strata Disputes — https://civilresolutionbc.ca/how-the-crt-works/getting-started/strata-property-disputes/",,
309,Strata,Legal Non-Conforming Use,legal-non-conforming-use,"Strata Property Act (SBC 1998, c. 43) — https://www.bclaws.gov.bc.ca/civix/document/id/complete/statreg/98043_00 | Strata Property Regulation (BC Reg. 43/2000) — https://www.bclaws.gov.bc.ca/civix/document/id/complete/statreg/43_2000 | BC Government — Strata Housing — https://www2.gov.bc.ca/gov/content/housing-tenancy/strata-housing | Condominium Home Owners Association of BC (CHOA) — https://www.choa.bc.ca | Civil Resolution Tribunal (CRT) — Strata Disputes — https://civilresolutionbc.ca/how-the-crt-works/getting-started/strata-property-disputes/",,
310,Strata,Limited Common Property,limited-common-property,"Strata Property Act (SBC 1998, c. 43) — https://www.bclaws.gov.bc.ca/civix/document/id/complete/statreg/98043_00 | Strata Property Regulation (BC Reg. 43/2000) — https://www.bclaws.gov.bc.ca/civix/document/id/complete/statreg/43_2000 | BC Government — Strata Housing — https://www2.gov.bc.ca/gov/content/housing-tenancy/strata-housing | Condominium Home Owners Association of BC (CHOA) — https://www.choa.bc.ca | Civil Resolution Tribunal (CRT) — Strata Disputes — https://civilresolutionbc.ca/how-the-crt-works/getting-started/strata-property-disputes/",,
311,Strata,Livestock bylaw / animal bylaw,livestock-bylaw-animal-bylaw,"Strata Property Act (SBC 1998, c. 43) — https://www.bclaws.gov.bc.ca/civix/document/id/complete/statreg/98043_00 | Strata Property Regulation (BC Reg. 43/2000) — https://www.bclaws.gov.bc.ca/civix/document/id/complete/statreg/43_2000 | BC Government — Strata Housing — https://www2.gov.bc.ca/gov/content/housing-tenancy/strata-housing | Condominium Home Owners Association of BC (CHOA) — https://www.choa.bc.ca | Civil Resolution Tribunal (CRT) — Strata Disputes — https://civilresolutionbc.ca/how-the-crt-works/getting-started/strata-property-disputes/",,
312,Strata,Maintenance Log,maintenance-log,"Strata Property Act (SBC 1998, c. 43) — https://www.bclaws.gov.bc.ca/civix/document/id/complete/statreg/98043_00 | Strata Property Regulation (BC Reg. 43/2000) — https://www.bclaws.gov.bc.ca/civix/document/id/complete/statreg/43_2000 | BC Government — Strata Housing — https://www2.gov.bc.ca/gov/content/housing-tenancy/strata-housing | Condominium Home Owners Association of BC (CHOA) — https://www.choa.bc.ca | Civil Resolution Tribunal (CRT) — Strata Disputes — https://civilresolutionbc.ca/how-the-crt-works/getting-started/strata-property-disputes/",,
313,Strata,Manure management / removal,manure-management-removal,"Strata Property Act (SBC 1998, c. 43) — https://www.bclaws.gov.bc.ca/civix/document/id/complete/statreg/98043_00 | Strata Property Regulation (BC Reg. 43/2000) — https://www.bclaws.gov.bc.ca/civix/document/id/complete/statreg/43_2000 | BC Government — Strata Housing — https://www2.gov.bc.ca/gov/content/housing-tenancy/strata-housing | Condominium Home Owners Association of BC (CHOA) — https://www.choa.bc.ca | Civil Resolution Tribunal (CRT) — Strata Disputes — https://civilresolutionbc.ca/how-the-crt-works/getting-started/strata-property-disputes/",,
314,Strata,Municipal Property Tax,municipal-property-tax,"Strata Property Act (SBC 1998, c. 43) — https://www.bclaws.gov.bc.ca/civix/document/id/complete/statreg/98043_00 | Strata Property Regulation (BC Reg. 43/2000) — https://www.bclaws.gov.bc.ca/civix/document/id/complete/statreg/43_2000 | BC Government — Strata Housing — https://www2.gov.bc.ca/gov/content/housing-tenancy/strata-housing | Condominium Home Owners Association of BC (CHOA) — https://www.choa.bc.ca | Civil Resolution Tribunal (CRT) — Strata Disputes — https://civilresolutionbc.ca/how-the-crt-works/getting-started/strata-property-disputes/",,
315,Strata,Notice to Mortgagee,notice-to-mortgagee,"Strata Property Act (SBC 1998, c. 43) — https://www.bclaws.gov.bc.ca/civix/document/id/complete/statreg/98043_00 | Strata Property Regulation (BC Reg. 43/2000) — https://www.bclaws.gov.bc.ca/civix/document/id/complete/statreg/43_2000 | BC Government — Strata Housing — https://www2.gov.bc.ca/gov/content/housing-tenancy/strata-housing | Condominium Home Owners Association of BC (CHOA) — https://www.choa.bc.ca | Civil Resolution Tribunal (CRT) — Strata Disputes — https://civilresolutionbc.ca/how-the-crt-works/getting-started/strata-property-disputes/",,
316,Strata,Occupancy Permit,occupancy-permit,"Strata Property Act (SBC 1998, c. 43) — https://www.bclaws.gov.bc.ca/civix/document/id/complete/statreg/98043_00 | Strata Property Regulation (BC Reg. 43/2000) — https://www.bclaws.gov.bc.ca/civix/document/id/complete/statreg/43_2000 | BC Government — Strata Housing — https://www2.gov.bc.ca/gov/content/housing-tenancy/strata-housing | Condominium Home Owners Association of BC (CHOA) — https://www.choa.bc.ca | Civil Resolution Tribunal (CRT) — Strata Disputes — https://civilresolutionbc.ca/how-the-crt-works/getting-started/strata-property-disputes/",,
317,Strata,Offer / Contract of Purchase and Sale,offer-contract-of-purchase-and-sale,"Strata Property Act (SBC 1998, c. 43) — https://www.bclaws.gov.bc.ca/civix/document/id/complete/statreg/98043_00 | Strata Property Regulation (BC Reg. 43/2000) — https://www.bclaws.gov.bc.ca/civix/document/id/complete/statreg/43_2000 | BC Government — Strata Housing — https://www2.gov.bc.ca/gov/content/housing-tenancy/strata-housing | Condominium Home Owners Association of BC (CHOA) — https://www.choa.bc.ca | Civil Resolution Tribunal (CRT) — Strata Disputes — https://civilresolutionbc.ca/how-the-crt-works/getting-started/strata-property-disputes/",,
318,Strata,Official Community Plan (OCP),official-community-plan-ocp,"Strata Property Act (SBC 1998, c. 43) — https://www.bclaws.gov.bc.ca/civix/document/id/complete/statreg/98043_00 | Strata Property Regulation (BC Reg. 43/2000) — https://www.bclaws.gov.bc.ca/civix/document/id/complete/statreg/43_2000 | BC Government — Strata Housing — https://www2.gov.bc.ca/gov/content/housing-tenancy/strata-housing | Condominium Home Owners Association of BC (CHOA) — https://www.choa.bc.ca | Civil Resolution Tribunal (CRT) — Strata Disputes — https://civilresolutionbc.ca/how-the-crt-works/getting-started/strata-property-disputes/",,
319,Strata,Open House,open-house,"Strata Property Act (SBC 1998, c. 43) — https://www.bclaws.gov.bc.ca/civix/document/id/complete/statreg/98043_00 | Strata Property Regulation (BC Reg. 43/2000) — https://www.bclaws.gov.bc.ca/civix/document/id/complete/statreg/43_2000 | BC Government — Strata Housing — https://www2.gov.bc.ca/gov/content/housing-tenancy/strata-housing | Condominium Home Owners Association of BC (CHOA) — https://www.choa.bc.ca | Civil Resolution Tribunal (CRT) — Strata Disputes — https://civilresolutionbc.ca/how-the-crt-works/getting-started/strata-property-disputes/",,
320,Strata,Operating Fund,operating-fund,"Strata Property Act (SBC 1998, c. 43) — https://www.bclaws.gov.bc.ca/civix/document/id/complete/statreg/98043_00 | Strata Property Regulation (BC Reg. 43/2000) — https://www.bclaws.gov.bc.ca/civix/document/id/complete/statreg/43_2000 | BC Government — Strata Housing — https://www2.gov.bc.ca/gov/content/housing-tenancy/strata-housing | Condominium Home Owners Association of BC (CHOA) — https://www.choa.bc.ca | Civil Resolution Tribunal (CRT) — Strata Disputes — https://civilresolutionbc.ca/how-the-crt-works/getting-started/strata-property-disputes/",,
321,Strata,Outstanding Work Orders / Notices,outstanding-work-orders-notices,"Strata Property Act (SBC 1998, c. 43) — https://www.bclaws.gov.bc.ca/civix/document/id/complete/statreg/98043_00 | Strata Property Regulation (BC Reg. 43/2000) — https://www.bclaws.gov.bc.ca/civix/document/id/complete/statreg/43_2000 | BC Government — Strata Housing — https://www2.gov.bc.ca/gov/content/housing-tenancy/strata-housing | Condominium Home Owners Association of BC (CHOA) — https://www.choa.bc.ca | Civil Resolution Tribunal (CRT) — Strata Disputes — https://civilresolutionbc.ca/how-the-crt-works/getting-started/strata-property-disputes/",,
322,Strata,Parking Stall Ownership,parking-stall-ownership,"Strata Property Act (SBC 1998, c. 43) — https://www.bclaws.gov.bc.ca/civix/document/id/complete/statreg/98043_00 | Strata Property Regulation (BC Reg. 43/2000) — https://www.bclaws.gov.bc.ca/civix/document/id/complete/statreg/43_2000 | BC Government — Strata Housing — https://www2.gov.bc.ca/gov/content/housing-tenancy/strata-housing | Condominium Home Owners Association of BC (CHOA) — https://www.choa.bc.ca | Civil Resolution Tribunal (CRT) — Strata Disputes — https://civilresolutionbc.ca/how-the-crt-works/getting-started/strata-property-disputes/",,
323,Strata,Pet Restriction Bylaws (Strata),pet-restriction-bylaws-strata,"Strata Property Act (SBC 1998, c. 43) — https://www.bclaws.gov.bc.ca/civix/document/id/complete/statreg/98043_00 | BC Government — Strata Housing — https://www2.gov.bc.ca/gov/content/housing-tenancy/strata-housing",,
324,Strata,Phased Strata Plan,phased-strata-plan,"Strata Property Act (SBC 1998, c. 43) — https://www.bclaws.gov.bc.ca/civix/document/id/complete/statreg/98043_00 | Strata Property Regulation (BC Reg. 43/2000) — https://www.bclaws.gov.bc.ca/civix/document/id/complete/statreg/43_2000 | BC Government — Strata Housing — https://www2.gov.bc.ca/gov/content/housing-tenancy/strata-housing | Condominium Home Owners Association of BC (CHOA) — https://www.choa.bc.ca | Civil Resolution Tribunal (CRT) — Strata Disputes — https://civilresolutionbc.ca/how-the-crt-works/getting-started/strata-property-disputes/",,
325,Strata,Price Per Square Foot,price-per-square-foot,"Strata Property Act (SBC 1998, c. 43) — https://www.bclaws.gov.bc.ca/civix/document/id/complete/statreg/98043_00 | Strata Property Regulation (BC Reg. 43/2000) — https://www.bclaws.gov.bc.ca/civix/document/id/complete/statreg/43_2000 | BC Government — Strata Housing — https://www2.gov.bc.ca/gov/content/housing-tenancy/strata-housing | Condominium Home Owners Association of BC (CHOA) — https://www.choa.bc.ca | Civil Resolution Tribunal (CRT) — Strata Disputes — https://civilresolutionbc.ca/how-the-crt-works/getting-started/strata-property-disputes/",,
326,Strata,Proxy,proxy,"Strata Property Act (SBC 1998, c. 43) — https://www.bclaws.gov.bc.ca/civix/document/id/complete/statreg/98043_00 | Strata Property Regulation (BC Reg. 43/2000) — https://www.bclaws.gov.bc.ca/civix/document/id/complete/statreg/43_2000 | BC Government — Strata Housing — https://www2.gov.bc.ca/gov/content/housing-tenancy/strata-housing | Condominium Home Owners Association of BC (CHOA) — https://www.choa.bc.ca | Civil Resolution Tribunal (CRT) — Strata Disputes — https://civilresolutionbc.ca/how-the-crt-works/getting-started/strata-property-disputes/",,
327,Strata,Quorum,quorum,"Strata Property Act (SBC 1998, c. 43) — https://www.bclaws.gov.bc.ca/civix/document/id/complete/statreg/98043_00 | Strata Property Regulation (BC Reg. 43/2000) — https://www.bclaws.gov.bc.ca/civix/document/id/complete/statreg/43_2000 | BC Government — Strata Housing — https://www2.gov.bc.ca/gov/content/housing-tenancy/strata-housing | Condominium Home Owners Association of BC (CHOA) — https://www.choa.bc.ca | Civil Resolution Tribunal (CRT) — Strata Disputes — https://civilresolutionbc.ca/how-the-crt-works/getting-started/strata-property-disputes/",,
328,Strata,Rainscreen,rainscreen,"Strata Property Act (SBC 1998, c. 43) — https://www.bclaws.gov.bc.ca/civix/document/id/complete/statreg/98043_00 | Strata Property Regulation (BC Reg. 43/2000) — https://www.bclaws.gov.bc.ca/civix/document/id/complete/statreg/43_2000 | BC Government — Strata Housing — https://www2.gov.bc.ca/gov/content/housing-tenancy/strata-housing | Condominium Home Owners Association of BC (CHOA) — https://www.choa.bc.ca | Civil Resolution Tribunal (CRT) — Strata Disputes — https://civilresolutionbc.ca/how-the-crt-works/getting-started/strata-property-disputes/",,
329,Strata,Registered Strata Plan Amendment,registered-strata-plan-amendment,"Strata Property Act (SBC 1998, c. 43) — https://www.bclaws.gov.bc.ca/civix/document/id/complete/statreg/98043_00 | Strata Property Regulation (BC Reg. 43/2000) — https://www.bclaws.gov.bc.ca/civix/document/id/complete/statreg/43_2000 | BC Government — Strata Housing — https://www2.gov.bc.ca/gov/content/housing-tenancy/strata-housing | Condominium Home Owners Association of BC (CHOA) — https://www.choa.bc.ca | Civil Resolution Tribunal (CRT) — Strata Disputes — https://civilresolutionbc.ca/how-the-crt-works/getting-started/strata-property-disputes/",,
330,Strata,Rental Restriction Bylaws (Prohibited 2022),rental-restriction-bylaws-prohibited-2022,"Strata Property Act (SBC 1998, c. 43) — https://www.bclaws.gov.bc.ca/civix/document/id/complete/statreg/98043_00 | BC Government — Strata Housing — https://www2.gov.bc.ca/gov/content/housing-tenancy/strata-housing",,
331,Strata,Rezoning / Upzoning,rezoning-upzoning,"Strata Property Act (SBC 1998, c. 43) — https://www.bclaws.gov.bc.ca/civix/document/id/complete/statreg/98043_00 | Strata Property Regulation (BC Reg. 43/2000) — https://www.bclaws.gov.bc.ca/civix/document/id/complete/statreg/43_2000 | BC Government — Strata Housing — https://www2.gov.bc.ca/gov/content/housing-tenancy/strata-housing | Condominium Home Owners Association of BC (CHOA) — https://www.choa.bc.ca | Civil Resolution Tribunal (CRT) — Strata Disputes — https://civilresolutionbc.ca/how-the-crt-works/getting-started/strata-property-disputes/",,
332,Strata,Section 100 Vote (Wind-Up),section-100-vote-wind-up,"Strata Property Act (SBC 1998, c. 43) — https://www.bclaws.gov.bc.ca/civix/document/id/complete/statreg/98043_00 | Strata Property Regulation (BC Reg. 43/2000) — https://www.bclaws.gov.bc.ca/civix/document/id/complete/statreg/43_2000 | BC Government — Strata Housing — https://www2.gov.bc.ca/gov/content/housing-tenancy/strata-housing | Condominium Home Owners Association of BC (CHOA) — https://www.choa.bc.ca | Civil Resolution Tribunal (CRT) — Strata Disputes — https://civilresolutionbc.ca/how-the-crt-works/getting-started/strata-property-disputes/",,
333,Strata,Semi-Detached House,semi-detached-house,"Strata Property Act (SBC 1998, c. 43) — https://www.bclaws.gov.bc.ca/civix/document/id/complete/statreg/98043_00 | Strata Property Regulation (BC Reg. 43/2000) — https://www.bclaws.gov.bc.ca/civix/document/id/complete/statreg/43_2000 | BC Government — Strata Housing — https://www2.gov.bc.ca/gov/content/housing-tenancy/strata-housing | Condominium Home Owners Association of BC (CHOA) — https://www.choa.bc.ca | Civil Resolution Tribunal (CRT) — Strata Disputes — https://civilresolutionbc.ca/how-the-crt-works/getting-started/strata-property-disputes/",,
334,Strata,Setback,setback,"Strata Property Act (SBC 1998, c. 43) — https://www.bclaws.gov.bc.ca/civix/document/id/complete/statreg/98043_00 | Strata Property Regulation (BC Reg. 43/2000) — https://www.bclaws.gov.bc.ca/civix/document/id/complete/statreg/43_2000 | BC Government — Strata Housing — https://www2.gov.bc.ca/gov/content/housing-tenancy/strata-housing | Condominium Home Owners Association of BC (CHOA) — https://www.choa.bc.ca | Civil Resolution Tribunal (CRT) — Strata Disputes — https://civilresolutionbc.ca/how-the-crt-works/getting-started/strata-property-disputes/",,
335,Strata,SGM Minutes,sgm-minutes,"Strata Property Act (SBC 1998, c. 43) — https://www.bclaws.gov.bc.ca/civix/document/id/complete/statreg/98043_00 | Strata Property Regulation (BC Reg. 43/2000) — https://www.bclaws.gov.bc.ca/civix/document/id/complete/statreg/43_2000 | BC Government — Strata Housing — https://www2.gov.bc.ca/gov/content/housing-tenancy/strata-housing | Condominium Home Owners Association of BC (CHOA) — https://www.choa.bc.ca | Civil Resolution Tribunal (CRT) — Strata Disputes — https://civilresolutionbc.ca/how-the-crt-works/getting-started/strata-property-disputes/",,
336,Strata,Short-Term Rental Accommodations Act (STRAA),short-term-rental-accommodations-act-straa,"Strata Property Act (SBC 1998, c. 43) — https://www.bclaws.gov.bc.ca/civix/document/id/complete/statreg/98043_00 | Strata Property Regulation (BC Reg. 43/2000) — https://www.bclaws.gov.bc.ca/civix/document/id/complete/statreg/43_2000 | BC Government — Strata Housing — https://www2.gov.bc.ca/gov/content/housing-tenancy/strata-housing | Condominium Home Owners Association of BC (CHOA) — https://www.choa.bc.ca | Civil Resolution Tribunal (CRT) — Strata Disputes — https://civilresolutionbc.ca/how-the-crt-works/getting-started/strata-property-disputes/",,
337,Strata,Short-Term Rental Restrictions (Strata),short-term-rental-restrictions-strata,"Strata Property Act (SBC 1998, c. 43) — https://www.bclaws.gov.bc.ca/civix/document/id/complete/statreg/98043_00 | Strata Property Regulation (BC Reg. 43/2000) — https://www.bclaws.gov.bc.ca/civix/document/id/complete/statreg/43_2000 | BC Government — Strata Housing — https://www2.gov.bc.ca/gov/content/housing-tenancy/strata-housing | Condominium Home Owners Association of BC (CHOA) — https://www.choa.bc.ca | Civil Resolution Tribunal (CRT) — Strata Disputes — https://civilresolutionbc.ca/how-the-crt-works/getting-started/strata-property-disputes/",,
338,Strata,Special General Meeting (SGM),special-general-meeting-sgm,"Strata Property Act (SBC 1998, c. 43) — https://www.bclaws.gov.bc.ca/civix/document/id/complete/statreg/98043_00 | Strata Property Regulation (BC Reg. 43/2000) — https://www.bclaws.gov.bc.ca/civix/document/id/complete/statreg/43_2000 | BC Government — Strata Housing — https://www2.gov.bc.ca/gov/content/housing-tenancy/strata-housing | Condominium Home Owners Association of BC (CHOA) — https://www.choa.bc.ca | Civil Resolution Tribunal (CRT) — Strata Disputes — https://civilresolutionbc.ca/how-the-crt-works/getting-started/strata-property-disputes/",,
339,Strata,Special Levy,special-levy,"Strata Property Act (SBC 1998, c. 43) — https://www.bclaws.gov.bc.ca/civix/document/id/complete/statreg/98043_00 | Strata Property Regulation (BC Reg. 43/2000) — https://www.bclaws.gov.bc.ca/civix/document/id/complete/statreg/43_2000 | BC Government — Strata Housing — https://www2.gov.bc.ca/gov/content/housing-tenancy/strata-housing | Condominium Home Owners Association of BC (CHOA) — https://www.choa.bc.ca | Civil Resolution Tribunal (CRT) — Strata Disputes — https://civilresolutionbc.ca/how-the-crt-works/getting-started/strata-property-disputes/",,
340,Strata,Special Levy Resolution,special-levy-resolution,"Strata Property Act (SBC 1998, c. 43) — https://www.bclaws.gov.bc.ca/civix/document/id/complete/statreg/98043_00 | Strata Property Regulation (BC Reg. 43/2000) — https://www.bclaws.gov.bc.ca/civix/document/id/complete/statreg/43_2000 | BC Government — Strata Housing — https://www2.gov.bc.ca/gov/content/housing-tenancy/strata-housing | Condominium Home Owners Association of BC (CHOA) — https://www.choa.bc.ca | Civil Resolution Tribunal (CRT) — Strata Disputes — https://civilresolutionbc.ca/how-the-crt-works/getting-started/strata-property-disputes/",,
341,Strata,Standard Bylaws,standard-bylaws,"Strata Property Act (SBC 1998, c. 43) — https://www.bclaws.gov.bc.ca/civix/document/id/complete/statreg/98043_00 | BC Government — Strata Housing — https://www2.gov.bc.ca/gov/content/housing-tenancy/strata-housing",,
342,Strata,Statement of Adjustments,statement-of-adjustments,"Strata Property Act (SBC 1998, c. 43) — https://www.bclaws.gov.bc.ca/civix/document/id/complete/statreg/98043_00 | Strata Property Regulation (BC Reg. 43/2000) — https://www.bclaws.gov.bc.ca/civix/document/id/complete/statreg/43_2000 | BC Government — Strata Housing — https://www2.gov.bc.ca/gov/content/housing-tenancy/strata-housing | Condominium Home Owners Association of BC (CHOA) — https://www.choa.bc.ca | Civil Resolution Tribunal (CRT) — Strata Disputes — https://civilresolutionbc.ca/how-the-crt-works/getting-started/strata-property-disputes/",,
343,Strata,Step Code,step-code,"Strata Property Act (SBC 1998, c. 43) — https://www.bclaws.gov.bc.ca/civix/document/id/complete/statreg/98043_00 | Strata Property Regulation (BC Reg. 43/2000) — https://www.bclaws.gov.bc.ca/civix/document/id/complete/statreg/43_2000 | BC Government — Strata Housing — https://www2.gov.bc.ca/gov/content/housing-tenancy/strata-housing | Condominium Home Owners Association of BC (CHOA) — https://www.choa.bc.ca | Civil Resolution Tribunal (CRT) — Strata Disputes — https://civilresolutionbc.ca/how-the-crt-works/getting-started/strata-property-disputes/",,
344,Strata,Storage Locker Title,storage-locker-title,"Strata Property Act (SBC 1998, c. 43) — https://www.bclaws.gov.bc.ca/civix/document/id/complete/statreg/98043_00 | Strata Property Regulation (BC Reg. 43/2000) — https://www.bclaws.gov.bc.ca/civix/document/id/complete/statreg/43_2000 | BC Government — Strata Housing — https://www2.gov.bc.ca/gov/content/housing-tenancy/strata-housing | Condominium Home Owners Association of BC (CHOA) — https://www.choa.bc.ca | Civil Resolution Tribunal (CRT) — Strata Disputes — https://civilresolutionbc.ca/how-the-crt-works/getting-started/strata-property-disputes/",,
345,Strata,Strata Budget,strata-budget,"Strata Property Act (SBC 1998, c. 43) — https://www.bclaws.gov.bc.ca/civix/document/id/complete/statreg/98043_00 | Strata Property Regulation (BC Reg. 43/2000) — https://www.bclaws.gov.bc.ca/civix/document/id/complete/statreg/43_2000 | BC Government — Strata Housing — https://www2.gov.bc.ca/gov/content/housing-tenancy/strata-housing | Condominium Home Owners Association of BC (CHOA) — https://www.choa.bc.ca | Civil Resolution Tribunal (CRT) — Strata Disputes — https://civilresolutionbc.ca/how-the-crt-works/getting-started/strata-property-disputes/",,
346,Strata,Strata Bylaws,strata-bylaws,"Strata Property Act (SBC 1998, c. 43) — https://www.bclaws.gov.bc.ca/civix/document/id/complete/statreg/98043_00 | BC Government — Strata Housing — https://www2.gov.bc.ca/gov/content/housing-tenancy/strata-housing",,
347,Strata,Strata Corporation,strata-corporation,"Strata Property Act (SBC 1998, c. 43) — https://www.bclaws.gov.bc.ca/civix/document/id/complete/statreg/98043_00 | Strata Property Regulation (BC Reg. 43/2000) — https://www.bclaws.gov.bc.ca/civix/document/id/complete/statreg/43_2000 | BC Government — Strata Housing — https://www2.gov.bc.ca/gov/content/housing-tenancy/strata-housing | Condominium Home Owners Association of BC (CHOA) — https://www.choa.bc.ca | Civil Resolution Tribunal (CRT) — Strata Disputes — https://civilresolutionbc.ca/how-the-crt-works/getting-started/strata-property-disputes/",,
348,Strata,Strata Council,strata-council,"Strata Property Act (SBC 1998, c. 43) — https://www.bclaws.gov.bc.ca/civix/document/id/complete/statreg/98043_00 | Strata Property Regulation (BC Reg. 43/2000) — https://www.bclaws.gov.bc.ca/civix/document/id/complete/statreg/43_2000 | BC Government — Strata Housing — https://www2.gov.bc.ca/gov/content/housing-tenancy/strata-housing | Condominium Home Owners Association of BC (CHOA) — https://www.choa.bc.ca | Civil Resolution Tribunal (CRT) — Strata Disputes — https://civilresolutionbc.ca/how-the-crt-works/getting-started/strata-property-disputes/",,
349,Strata,Strata Fee Schedule,strata-fee-schedule,"Strata Property Act (SBC 1998, c. 43) — https://www.bclaws.gov.bc.ca/civix/document/id/complete/statreg/98043_00 | Strata Property Regulation (BC Reg. 43/2000) — https://www.bclaws.gov.bc.ca/civix/document/id/complete/statreg/43_2000 | BC Government — Strata Housing — https://www2.gov.bc.ca/gov/content/housing-tenancy/strata-housing | Condominium Home Owners Association of BC (CHOA) — https://www.choa.bc.ca | Civil Resolution Tribunal (CRT) — Strata Disputes — https://civilresolutionbc.ca/how-the-crt-works/getting-started/strata-property-disputes/",,
350,Strata,Strata Fees,strata-fees,"Strata Property Act (SBC 1998, c. 43) — https://www.bclaws.gov.bc.ca/civix/document/id/complete/statreg/98043_00 | Strata Property Regulation (BC Reg. 43/2000) — https://www.bclaws.gov.bc.ca/civix/document/id/complete/statreg/43_2000 | BC Government — Strata Housing — https://www2.gov.bc.ca/gov/content/housing-tenancy/strata-housing | Condominium Home Owners Association of BC (CHOA) — https://www.choa.bc.ca | Civil Resolution Tribunal (CRT) — Strata Disputes — https://civilresolutionbc.ca/how-the-crt-works/getting-started/strata-property-disputes/",,
351,Strata,Strata Insurance Certificate,strata-insurance-certificate,"Strata Property Act (SBC 1998, c. 43) — https://www.bclaws.gov.bc.ca/civix/document/id/complete/statreg/98043_00 | Strata Property Regulation (BC Reg. 43/2000) — https://www.bclaws.gov.bc.ca/civix/document/id/complete/statreg/43_2000 | BC Government — Strata Housing — https://www2.gov.bc.ca/gov/content/housing-tenancy/strata-housing | Condominium Home Owners Association of BC (CHOA) — https://www.choa.bc.ca | Civil Resolution Tribunal (CRT) — Strata Disputes — https://civilresolutionbc.ca/how-the-crt-works/getting-started/strata-property-disputes/",,
352,Strata,Strata Insurance Deductible Bylaw,strata-insurance-deductible-bylaw,"Strata Property Act (SBC 1998, c. 43) — https://www.bclaws.gov.bc.ca/civix/document/id/complete/statreg/98043_00 | Strata Property Regulation (BC Reg. 43/2000) — https://www.bclaws.gov.bc.ca/civix/document/id/complete/statreg/43_2000 | BC Government — Strata Housing — https://www2.gov.bc.ca/gov/content/housing-tenancy/strata-housing | Condominium Home Owners Association of BC (CHOA) — https://www.choa.bc.ca | Civil Resolution Tribunal (CRT) — Strata Disputes — https://civilresolutionbc.ca/how-the-crt-works/getting-started/strata-property-disputes/",,
353,Strata,Strata Lot,strata-lot,"Strata Property Act (SBC 1998, c. 43) — https://www.bclaws.gov.bc.ca/civix/document/id/complete/statreg/98043_00 | Strata Property Regulation (BC Reg. 43/2000) — https://www.bclaws.gov.bc.ca/civix/document/id/complete/statreg/43_2000 | BC Government — Strata Housing — https://www2.gov.bc.ca/gov/content/housing-tenancy/strata-housing | Condominium Home Owners Association of BC (CHOA) — https://www.choa.bc.ca | Civil Resolution Tribunal (CRT) — Strata Disputes — https://civilresolutionbc.ca/how-the-crt-works/getting-started/strata-property-disputes/",,
354,Strata,Strata Plan,strata-plan,"Strata Property Act (SBC 1998, c. 43) — https://www.bclaws.gov.bc.ca/civix/document/id/complete/statreg/98043_00 | Strata Property Regulation (BC Reg. 43/2000) — https://www.bclaws.gov.bc.ca/civix/document/id/complete/statreg/43_2000 | BC Government — Strata Housing — https://www2.gov.bc.ca/gov/content/housing-tenancy/strata-housing | Condominium Home Owners Association of BC (CHOA) — https://www.choa.bc.ca | Civil Resolution Tribunal (CRT) — Strata Disputes — https://civilresolutionbc.ca/how-the-crt-works/getting-started/strata-property-disputes/",,
355,Strata,Strata Property Act,strata-property-act,"Strata Property Act (SBC 1998, c. 43) — https://www.bclaws.gov.bc.ca/civix/document/id/complete/statreg/98043_00 | BC Government — Strata Housing — https://www2.gov.bc.ca/gov/content/housing-tenancy/strata-housing",,
356,Strata,Strata Rules,strata-rules,"Strata Property Act (SBC 1998, c. 43) — https://www.bclaws.gov.bc.ca/civix/document/id/complete/statreg/98043_00 | Strata Property Regulation (BC Reg. 43/2000) — https://www.bclaws.gov.bc.ca/civix/document/id/complete/statreg/43_2000 | BC Government — Strata Housing — https://www2.gov.bc.ca/gov/content/housing-tenancy/strata-housing | Condominium Home Owners Association of BC (CHOA) — https://www.choa.bc.ca | Civil Resolution Tribunal (CRT) — Strata Disputes — https://civilresolutionbc.ca/how-the-crt-works/getting-started/strata-property-disputes/",,
357,Strata,Strata Section,strata-section,"Strata Property Act (SBC 1998, c. 43) — https://www.bclaws.gov.bc.ca/civix/document/id/complete/statreg/98043_00 | Strata Property Regulation (BC Reg. 43/2000) — https://www.bclaws.gov.bc.ca/civix/document/id/complete/statreg/43_2000 | BC Government — Strata Housing — https://www2.gov.bc.ca/gov/content/housing-tenancy/strata-housing | Condominium Home Owners Association of BC (CHOA) — https://www.choa.bc.ca | Civil Resolution Tribunal (CRT) — Strata Disputes — https://civilresolutionbc.ca/how-the-crt-works/getting-started/strata-property-disputes/",,
358,Strata,Subject Clauses,subject-clauses,"Strata Property Act (SBC 1998, c. 43) — https://www.bclaws.gov.bc.ca/civix/document/id/complete/statreg/98043_00 | Strata Property Regulation (BC Reg. 43/2000) — https://www.bclaws.gov.bc.ca/civix/document/id/complete/statreg/43_2000 | BC Government — Strata Housing — https://www2.gov.bc.ca/gov/content/housing-tenancy/strata-housing | Condominium Home Owners Association of BC (CHOA) — https://www.choa.bc.ca | Civil Resolution Tribunal (CRT) — Strata Disputes — https://civilresolutionbc.ca/how-the-crt-works/getting-started/strata-property-disputes/",,
359,Strata,Subject Removal,subject-removal,"Strata Property Act (SBC 1998, c. 43) — https://www.bclaws.gov.bc.ca/civix/document/id/complete/statreg/98043_00 | Strata Property Regulation (BC Reg. 43/2000) — https://www.bclaws.gov.bc.ca/civix/document/id/complete/statreg/43_2000 | BC Government — Strata Housing — https://www2.gov.bc.ca/gov/content/housing-tenancy/strata-housing | Condominium Home Owners Association of BC (CHOA) — https://www.choa.bc.ca | Civil Resolution Tribunal (CRT) — Strata Disputes — https://civilresolutionbc.ca/how-the-crt-works/getting-started/strata-property-disputes/",,
360,Strata,Tenant Insurance,tenant-insurance,"Strata Property Act (SBC 1998, c. 43) — https://www.bclaws.gov.bc.ca/civix/document/id/complete/statreg/98043_00 | Strata Property Regulation (BC Reg. 43/2000) — https://www.bclaws.gov.bc.ca/civix/document/id/complete/statreg/43_2000 | BC Government — Strata Housing — https://www2.gov.bc.ca/gov/content/housing-tenancy/strata-housing | Condominium Home Owners Association of BC (CHOA) — https://www.choa.bc.ca | Civil Resolution Tribunal (CRT) — Strata Disputes — https://civilresolutionbc.ca/how-the-crt-works/getting-started/strata-property-disputes/",,
361,Strata,Townhouse,townhouse,"Strata Property Act (SBC 1998, c. 43) — https://www.bclaws.gov.bc.ca/civix/document/id/complete/statreg/98043_00 | Strata Property Regulation (BC Reg. 43/2000) — https://www.bclaws.gov.bc.ca/civix/document/id/complete/statreg/43_2000 | BC Government — Strata Housing — https://www2.gov.bc.ca/gov/content/housing-tenancy/strata-housing | Condominium Home Owners Association of BC (CHOA) — https://www.choa.bc.ca | Civil Resolution Tribunal (CRT) — Strata Disputes — https://civilresolutionbc.ca/how-the-crt-works/getting-started/strata-property-disputes/",,
362,Strata,Triplex,triplex,"Strata Property Act (SBC 1998, c. 43) — https://www.bclaws.gov.bc.ca/civix/document/id/complete/statreg/98043_00 | Strata Property Regulation (BC Reg. 43/2000) — https://www.bclaws.gov.bc.ca/civix/document/id/complete/statreg/43_2000 | BC Government — Strata Housing — https://www2.gov.bc.ca/gov/content/housing-tenancy/strata-housing | Condominium Home Owners Association of BC (CHOA) — https://www.choa.bc.ca | Civil Resolution Tribunal (CRT) — Strata Disputes — https://civilresolutionbc.ca/how-the-crt-works/getting-started/strata-property-disputes/",,
363,Strata,Unit Entitlement,unit-entitlement,"Strata Property Act (SBC 1998, c. 43) — https://www.bclaws.gov.bc.ca/civix/document/id/complete/statreg/98043_00 | Strata Property Regulation (BC Reg. 43/2000) — https://www.bclaws.gov.bc.ca/civix/document/id/complete/statreg/43_2000 | BC Government — Strata Housing — https://www2.gov.bc.ca/gov/content/housing-tenancy/strata-housing | Condominium Home Owners Association of BC (CHOA) — https://www.choa.bc.ca | Civil Resolution Tribunal (CRT) — Strata Disputes — https://civilresolutionbc.ca/how-the-crt-works/getting-started/strata-property-disputes/",,
364,Strata,Unrepresented Buyer,unrepresented-buyer,"Strata Property Act (SBC 1998, c. 43) — https://www.bclaws.gov.bc.ca/civix/document/id/complete/statreg/98043_00 | Strata Property Regulation (BC Reg. 43/2000) — https://www.bclaws.gov.bc.ca/civix/document/id/complete/statreg/43_2000 | BC Government — Strata Housing — https://www2.gov.bc.ca/gov/content/housing-tenancy/strata-housing | Condominium Home Owners Association of BC (CHOA) — https://www.choa.bc.ca | Civil Resolution Tribunal (CRT) — Strata Disputes — https://civilresolutionbc.ca/how-the-crt-works/getting-started/strata-property-disputes/",,
365,Strata,Variance,variance,"Strata Property Act (SBC 1998, c. 43) — https://www.bclaws.gov.bc.ca/civix/document/id/complete/statreg/98043_00 | Strata Property Regulation (BC Reg. 43/2000) — https://www.bclaws.gov.bc.ca/civix/document/id/complete/statreg/43_2000 | BC Government — Strata Housing — https://www2.gov.bc.ca/gov/content/housing-tenancy/strata-housing | Condominium Home Owners Association of BC (CHOA) — https://www.choa.bc.ca | Civil Resolution Tribunal (CRT) — Strata Disputes — https://civilresolutionbc.ca/how-the-crt-works/getting-started/strata-property-disputes/",,
366,Strata,Working With a REALTOR® Form,working-with-a-realtor-form,"Strata Property Act (SBC 1998, c. 43) — https://www.bclaws.gov.bc.ca/civix/document/id/complete/statreg/98043_00 | Strata Property Regulation (BC Reg. 43/2000) — https://www.bclaws.gov.bc.ca/civix/document/id/complete/statreg/43_2000 | BC Government — Strata Housing — https://www2.gov.bc.ca/gov/content/housing-tenancy/strata-housing | Condominium Home Owners Association of BC (CHOA) — https://www.choa.bc.ca | Civil Resolution Tribunal (CRT) — Strata Disputes — https://civilresolutionbc.ca/how-the-crt-works/getting-started/strata-property-disputes/",,
367,Strata,Zoning,zoning,"Strata Property Act (SBC 1998, c. 43) — https://www.bclaws.gov.bc.ca/civix/document/id/complete/statreg/98043_00 | Strata Property Regulation (BC Reg. 43/2000) — https://www.bclaws.gov.bc.ca/civix/document/id/complete/statreg/43_2000 | BC Government — Strata Housing — https://www2.gov.bc.ca/gov/content/housing-tenancy/strata-housing | Condominium Home Owners Association of BC (CHOA) — https://www.choa.bc.ca | Civil Resolution Tribunal (CRT) — Strata Disputes — https://civilresolutionbc.ca/how-the-crt-works/getting-started/strata-property-disputes/",,
368,Strata,Zoning Bylaw,zoning-bylaw,"Strata Property Act (SBC 1998, c. 43) — https://www.bclaws.gov.bc.ca/civix/document/id/complete/statreg/98043_00 | Strata Property Regulation (BC Reg. 43/2000) — https://www.bclaws.gov.bc.ca/civix/document/id/complete/statreg/43_2000 | BC Government — Strata Housing — https://www2.gov.bc.ca/gov/content/housing-tenancy/strata-housing | Condominium Home Owners Association of BC (CHOA) — https://www.choa.bc.ca | Civil Resolution Tribunal (CRT) — Strata Disputes — https://civilresolutionbc.ca/how-the-crt-works/getting-started/strata-property-disputes/",,
369,Taxes,Additional Property Transfer Tax (Foreign Buyer PTT),additional-property-transfer-tax-foreign-buyer-ptt,"Prohibition on the Purchase of Residential Property by Non-Canadians Act (S.C. 2022, c. 10, s. 235) — https://laws-lois.justice.gc.ca/eng/acts/P-25.2/ | Property Transfer Tax Act (RSBC 1996, c. 378) — https://www.bclaws.gov.bc.ca/civix/document/id/complete/statreg/96378_01 | BC Government — Property Transfer Tax — https://www2.gov.bc.ca/gov/content/taxes/property-taxes/property-transfer-tax",,
370,Taxes,Assignment of Contract,assignment-of-contract,"Property Transfer Tax Act (RSBC 1996, c. 378) — https://www.bclaws.gov.bc.ca/civix/document/id/complete/statreg/96378_01 | BC Government — Property Transfer Tax — https://www2.gov.bc.ca/gov/content/taxes/property-taxes/property-transfer-tax | BC Government — Home Owner Grant — https://www2.gov.bc.ca/gov/content/taxes/property-taxes/annual-property-tax/home-owner-grant | Income Tax Act (R.S.C. 1985, c. 1 (5th Supp.)) — https://laws-lois.justice.gc.ca/eng/acts/i-3.3/ | Canada Revenue Agency (CRA) — https://www.canada.ca/en/revenue-agency.html",,
371,Taxes,Bare Trust,bare-trust,"Property Transfer Tax Act (RSBC 1996, c. 378) — https://www.bclaws.gov.bc.ca/civix/document/id/complete/statreg/96378_01 | BC Government — Property Transfer Tax — https://www2.gov.bc.ca/gov/content/taxes/property-taxes/property-transfer-tax | BC Government — Home Owner Grant — https://www2.gov.bc.ca/gov/content/taxes/property-taxes/annual-property-tax/home-owner-grant | Income Tax Act (R.S.C. 1985, c. 1 (5th Supp.)) — https://laws-lois.justice.gc.ca/eng/acts/i-3.3/ | Canada Revenue Agency (CRA) — https://www.canada.ca/en/revenue-agency.html",,
372,Taxes,BC Home Flipping Tax,bc-home-flipping-tax,"Property Transfer Tax Act (RSBC 1996, c. 378) — https://www.bclaws.gov.bc.ca/civix/document/id/complete/statreg/96378_01 | BC Government — Property Transfer Tax — https://www2.gov.bc.ca/gov/content/taxes/property-taxes/property-transfer-tax | BC Government — Home Owner Grant — https://www2.gov.bc.ca/gov/content/taxes/property-taxes/annual-property-tax/home-owner-grant | Income Tax Act (R.S.C. 1985, c. 1 (5th Supp.)) — https://laws-lois.justice.gc.ca/eng/acts/i-3.3/ | Canada Revenue Agency (CRA) — https://www.canada.ca/en/revenue-agency.html",,
373,Taxes,Capital Gains Tax (Real Estate),capital-gains-tax-real-estate,"Income Tax Act (R.S.C. 1985, c. 1 (5th Supp.)) — https://laws-lois.justice.gc.ca/eng/acts/i-3.3/ | Canada Revenue Agency (CRA) — https://www.canada.ca/en/revenue-agency.html",,
374,Taxes,Cash Offer,cash-offer,"Property Transfer Tax Act (RSBC 1996, c. 378) — https://www.bclaws.gov.bc.ca/civix/document/id/complete/statreg/96378_01 | BC Government — Property Transfer Tax — https://www2.gov.bc.ca/gov/content/taxes/property-taxes/property-transfer-tax | BC Government — Home Owner Grant — https://www2.gov.bc.ca/gov/content/taxes/property-taxes/annual-property-tax/home-owner-grant | Income Tax Act (R.S.C. 1985, c. 1 (5th Supp.)) — https://laws-lois.justice.gc.ca/eng/acts/i-3.3/ | Canada Revenue Agency (CRA) — https://www.canada.ca/en/revenue-agency.html",,
375,Taxes,Farm Class (Classification 9),farm-class-classification-9,"Property Transfer Tax Act (RSBC 1996, c. 378) — https://www.bclaws.gov.bc.ca/civix/document/id/complete/statreg/96378_01 | BC Government — Property Transfer Tax — https://www2.gov.bc.ca/gov/content/taxes/property-taxes/property-transfer-tax | BC Government — Home Owner Grant — https://www2.gov.bc.ca/gov/content/taxes/property-taxes/annual-property-tax/home-owner-grant | Income Tax Act (R.S.C. 1985, c. 1 (5th Supp.)) — https://laws-lois.justice.gc.ca/eng/acts/i-3.3/ | Canada Revenue Agency (CRA) — https://www.canada.ca/en/revenue-agency.html",,
376,Taxes,Federal Anti-Flipping Rule,federal-anti-flipping-rule,"Property Transfer Tax Act (RSBC 1996, c. 378) — https://www.bclaws.gov.bc.ca/civix/document/id/complete/statreg/96378_01 | BC Government — Property Transfer Tax — https://www2.gov.bc.ca/gov/content/taxes/property-taxes/property-transfer-tax | BC Government — Home Owner Grant — https://www2.gov.bc.ca/gov/content/taxes/property-taxes/annual-property-tax/home-owner-grant | Income Tax Act (R.S.C. 1985, c. 1 (5th Supp.)) — https://laws-lois.justice.gc.ca/eng/acts/i-3.3/ | Canada Revenue Agency (CRA) — https://www.canada.ca/en/revenue-agency.html",,
377,Taxes,First Home Savings Account (FHSA),first-home-savings-account-fhsa,"Property Transfer Tax Act (RSBC 1996, c. 378) — https://www.bclaws.gov.bc.ca/civix/document/id/complete/statreg/96378_01 | BC Government — Property Transfer Tax — https://www2.gov.bc.ca/gov/content/taxes/property-taxes/property-transfer-tax | BC Government — Home Owner Grant — https://www2.gov.bc.ca/gov/content/taxes/property-taxes/annual-property-tax/home-owner-grant | Income Tax Act (R.S.C. 1985, c. 1 (5th Supp.)) — https://laws-lois.justice.gc.ca/eng/acts/i-3.3/ | Canada Revenue Agency (CRA) — https://www.canada.ca/en/revenue-agency.html",,
378,Taxes,First Time Home Buyers' Program (PTT),first-time-home-buyers-program-ptt,"BC Government — First Time Home Buyers' Program — https://www2.gov.bc.ca/gov/content/taxes/property-taxes/property-transfer-tax/exemptions/first-time-home-buyers | Property Transfer Tax Act (RSBC 1996, c. 378) — https://www.bclaws.gov.bc.ca/civix/document/id/complete/statreg/96378_01",,
379,Taxes,First-Time Home Buyer Incentives,first-time-home-buyer-incentives,"BC Government — First Time Home Buyers' Program — https://www2.gov.bc.ca/gov/content/taxes/property-taxes/property-transfer-tax/exemptions/first-time-home-buyers | Property Transfer Tax Act (RSBC 1996, c. 378) — https://www.bclaws.gov.bc.ca/civix/document/id/complete/statreg/96378_01",,
380,Taxes,Foreign Buyer Ban (Federal Act),foreign-buyer-ban-federal-act,"Prohibition on the Purchase of Residential Property by Non-Canadians Act (S.C. 2022, c. 10, s. 235) — https://laws-lois.justice.gc.ca/eng/acts/P-25.2/ | Property Transfer Tax Act (RSBC 1996, c. 378) — https://www.bclaws.gov.bc.ca/civix/document/id/complete/statreg/96378_01 | BC Government — Property Transfer Tax — https://www2.gov.bc.ca/gov/content/taxes/property-taxes/property-transfer-tax",,
381,Taxes,GST New Housing Rebate (BC),gst-new-housing-rebate-bc,"Income Tax Act (R.S.C. 1985, c. 1 (5th Supp.)) — https://laws-lois.justice.gc.ca/eng/acts/i-3.3/ | Canada Revenue Agency (CRA) — https://www.canada.ca/en/revenue-agency.html",,
382,Taxes,GST/HST New Housing Rebate,gst-hst-new-housing-rebate,"Income Tax Act (R.S.C. 1985, c. 1 (5th Supp.)) — https://laws-lois.justice.gc.ca/eng/acts/i-3.3/ | Canada Revenue Agency (CRA) — https://www.canada.ca/en/revenue-agency.html",,
383,Taxes,Heritage Designation,heritage-designation,"Property Transfer Tax Act (RSBC 1996, c. 378) — https://www.bclaws.gov.bc.ca/civix/document/id/complete/statreg/96378_01 | BC Government — Property Transfer Tax — https://www2.gov.bc.ca/gov/content/taxes/property-taxes/property-transfer-tax | BC Government — Home Owner Grant — https://www2.gov.bc.ca/gov/content/taxes/property-taxes/annual-property-tax/home-owner-grant | Income Tax Act (R.S.C. 1985, c. 1 (5th Supp.)) — https://laws-lois.justice.gc.ca/eng/acts/i-3.3/ | Canada Revenue Agency (CRA) — https://www.canada.ca/en/revenue-agency.html",,
384,Taxes,Home Buyers' Plan (HBP),home-buyers-plan-hbp,"Property Transfer Tax Act (RSBC 1996, c. 378) — https://www.bclaws.gov.bc.ca/civix/document/id/complete/statreg/96378_01 | BC Government — Property Transfer Tax — https://www2.gov.bc.ca/gov/content/taxes/property-taxes/property-transfer-tax | BC Government — Home Owner Grant — https://www2.gov.bc.ca/gov/content/taxes/property-taxes/annual-property-tax/home-owner-grant | Income Tax Act (R.S.C. 1985, c. 1 (5th Supp.)) — https://laws-lois.justice.gc.ca/eng/acts/i-3.3/ | Canada Revenue Agency (CRA) — https://www.canada.ca/en/revenue-agency.html",,
385,Taxes,Homeowner Grant,homeowner-grant,BC Government — Home Owner Grant — https://www2.gov.bc.ca/gov/content/taxes/property-taxes/annual-property-tax/home-owner-grant,,
386,Taxes,New Build Mortgage,new-build-mortgage,"Property Transfer Tax Act (RSBC 1996, c. 378) — https://www.bclaws.gov.bc.ca/civix/document/id/complete/statreg/96378_01 | BC Government — Property Transfer Tax — https://www2.gov.bc.ca/gov/content/taxes/property-taxes/property-transfer-tax | BC Government — Home Owner Grant — https://www2.gov.bc.ca/gov/content/taxes/property-taxes/annual-property-tax/home-owner-grant | Income Tax Act (R.S.C. 1985, c. 1 (5th Supp.)) — https://laws-lois.justice.gc.ca/eng/acts/i-3.3/ | Canada Revenue Agency (CRA) — https://www.canada.ca/en/revenue-agency.html",,
387,Taxes,Newly Built Home Exemption (PTT),newly-built-home-exemption-ptt,"BC Government — Newly Built Home Exemption — https://www2.gov.bc.ca/gov/content/taxes/property-taxes/property-transfer-tax/exemptions/newly-built-home-exemption | Property Transfer Tax Act (RSBC 1996, c. 378) — https://www.bclaws.gov.bc.ca/civix/document/id/complete/statreg/96378_01",,
388,Taxes,Non-Resident Withholding Tax,non-resident-withholding-tax,"Property Transfer Tax Act (RSBC 1996, c. 378) — https://www.bclaws.gov.bc.ca/civix/document/id/complete/statreg/96378_01 | BC Government — Property Transfer Tax — https://www2.gov.bc.ca/gov/content/taxes/property-taxes/property-transfer-tax | BC Government — Home Owner Grant — https://www2.gov.bc.ca/gov/content/taxes/property-taxes/annual-property-tax/home-owner-grant | Income Tax Act (R.S.C. 1985, c. 1 (5th Supp.)) — https://laws-lois.justice.gc.ca/eng/acts/i-3.3/ | Canada Revenue Agency (CRA) — https://www.canada.ca/en/revenue-agency.html",,
389,Taxes,Principal Residence Exemption,principal-residence-exemption,"Income Tax Act (R.S.C. 1985, c. 1 (5th Supp.)) — https://laws-lois.justice.gc.ca/eng/acts/i-3.3/ | Canada Revenue Agency (CRA) — https://www.canada.ca/en/revenue-agency.html",,
390,Taxes,Property Tax Deferment Program,property-tax-deferment-program,"Property Transfer Tax Act (RSBC 1996, c. 378) — https://www.bclaws.gov.bc.ca/civix/document/id/complete/statreg/96378_01 | BC Government — Property Transfer Tax — https://www2.gov.bc.ca/gov/content/taxes/property-taxes/property-transfer-tax | BC Government — Home Owner Grant — https://www2.gov.bc.ca/gov/content/taxes/property-taxes/annual-property-tax/home-owner-grant | Income Tax Act (R.S.C. 1985, c. 1 (5th Supp.)) — https://laws-lois.justice.gc.ca/eng/acts/i-3.3/ | Canada Revenue Agency (CRA) — https://www.canada.ca/en/revenue-agency.html",,
391,Taxes,Property Transfer Tax (PTT),property-transfer-tax-ptt,"Property Transfer Tax Act (RSBC 1996, c. 378) — https://www.bclaws.gov.bc.ca/civix/document/id/complete/statreg/96378_01 | BC Government — Property Transfer Tax — https://www2.gov.bc.ca/gov/content/taxes/property-taxes/property-transfer-tax",,
392,Taxes,Rural Property Tax,rural-property-tax,"Property Transfer Tax Act (RSBC 1996, c. 378) — https://www.bclaws.gov.bc.ca/civix/document/id/complete/statreg/96378_01 | BC Government — Property Transfer Tax — https://www2.gov.bc.ca/gov/content/taxes/property-taxes/property-transfer-tax | BC Government — Home Owner Grant — https://www2.gov.bc.ca/gov/content/taxes/property-taxes/annual-property-tax/home-owner-grant | Income Tax Act (R.S.C. 1985, c. 1 (5th Supp.)) — https://laws-lois.justice.gc.ca/eng/acts/i-3.3/ | Canada Revenue Agency (CRA) — https://www.canada.ca/en/revenue-agency.html",,
393,Taxes,School Tax,school-tax,"Property Transfer Tax Act (RSBC 1996, c. 378) — https://www.bclaws.gov.bc.ca/civix/document/id/complete/statreg/96378_01 | BC Government — Property Transfer Tax — https://www2.gov.bc.ca/gov/content/taxes/property-taxes/property-transfer-tax | BC Government — Home Owner Grant — https://www2.gov.bc.ca/gov/content/taxes/property-taxes/annual-property-tax/home-owner-grant | Income Tax Act (R.S.C. 1985, c. 1 (5th Supp.)) — https://laws-lois.justice.gc.ca/eng/acts/i-3.3/ | Canada Revenue Agency (CRA) — https://www.canada.ca/en/revenue-agency.html",,
394,Taxes,Self Employed Mortgage,self-employed-mortgage,"Property Transfer Tax Act (RSBC 1996, c. 378) — https://www.bclaws.gov.bc.ca/civix/document/id/complete/statreg/96378_01 | BC Government — Property Transfer Tax — https://www2.gov.bc.ca/gov/content/taxes/property-taxes/property-transfer-tax | BC Government — Home Owner Grant — https://www2.gov.bc.ca/gov/content/taxes/property-taxes/annual-property-tax/home-owner-grant | Income Tax Act (R.S.C. 1985, c. 1 (5th Supp.)) — https://laws-lois.justice.gc.ca/eng/acts/i-3.3/ | Canada Revenue Agency (CRA) — https://www.canada.ca/en/revenue-agency.html",,
395,Taxes,Speculation and Vacancy Tax,speculation-and-vacancy-tax,"Speculation and Vacancy Tax Act (SBC 2018, c. 46) — https://www.bclaws.gov.bc.ca/civix/document/id/complete/statreg/18046_01 | BC Government — Speculation and Vacancy Tax — https://www2.gov.bc.ca/gov/content/taxes/property-taxes/speculation-and-vacancy-tax",,
396,Taxes,Tenancy in Common vs Joint Tenancy,tenancy-in-common-vs-joint-tenancy,"Property Transfer Tax Act (RSBC 1996, c. 378) — https://www.bclaws.gov.bc.ca/civix/document/id/complete/statreg/96378_01 | BC Government — Property Transfer Tax — https://www2.gov.bc.ca/gov/content/taxes/property-taxes/property-transfer-tax | BC Government — Home Owner Grant — https://www2.gov.bc.ca/gov/content/taxes/property-taxes/annual-property-tax/home-owner-grant | Income Tax Act (R.S.C. 1985, c. 1 (5th Supp.)) — https://laws-lois.justice.gc.ca/eng/acts/i-3.3/ | Canada Revenue Agency (CRA) — https://www.canada.ca/en/revenue-agency.html",,
397,Taxes,Underused Housing Tax (UHT),underused-housing-tax-uht,"Property Transfer Tax Act (RSBC 1996, c. 378) — https://www.bclaws.gov.bc.ca/civix/document/id/complete/statreg/96378_01 | BC Government — Property Transfer Tax — https://www2.gov.bc.ca/gov/content/taxes/property-taxes/property-transfer-tax | BC Government — Home Owner Grant — https://www2.gov.bc.ca/gov/content/taxes/property-taxes/annual-property-tax/home-owner-grant | Income Tax Act (R.S.C. 1985, c. 1 (5th Supp.)) — https://laws-lois.justice.gc.ca/eng/acts/i-3.3/ | Canada Revenue Agency (CRA) — https://www.canada.ca/en/revenue-agency.html",,
398,Valuation,BC Assessment Value,bc-assessment-value,BC Assessment — https://www.bcassessment.ca,,
399,Valuation,BC Assessment vs Market Value,bc-assessment-vs-market-value,BC Assessment — https://www.bcassessment.ca,,
400,Valuation,Median Price,median-price,Appraisal Institute of Canada (AIC) — https://www.aicanada.ca | BC Assessment — https://www.bcassessment.ca,,
401,Valuation,Sales-to-Active-Listings Ratio,sales-to-active-listings-ratio,Appraisal Institute of Canada (AIC) — https://www.aicanada.ca | BC Assessment — https://www.bcassessment.ca,,
